0	L3	p12	-	fw=107.868	SILVER (REFERENCE STATE) Ag	S=42.550.21	H=0	G=0	K=0
1	L4	p12	-	fw=107.868	$Ag^+$ AQUEOUS ION STD. STATE, m = 1	S=73.380.40	H=10575085	G=77077100	K=-13.5040.018
2	L5	p12	-	fw=26.982	ALUMINUM (REFERENCE STATE) Al	S=28.350.08	H=0	G=0	K=0
3	L6	p12	-	fw=26.982	$Al^{***}$ AQUEOUS ION STD. STATE, m = 1	S=-308.0015.00	H=-5310004000	G=-4894001400	K=85.7410.245
4	L7	p12	-	fw=39.948	ARGON (REFERENCE STATE) Ar (IDEAL GAS)	S=154.840.02	H=0	G=0	K=0
5	L8	p12	-	fw=74.922	ABSEMIC (REFERENCE STATE) As	S=35.690.84	H=0	G=0	K=0
6	L9	p12	-	fw=196.966	GOLD (REFERENCE STATE) Au	S=47.490.21	H=0	G=0	K=0
7	L10	p12	-	fw=10.810	BORON (REFERENCE STATE) B	S=5.900.08	H=0	G=0	K=0
8	L11	p12	-	fw=137.340	BARIUM (REFERENCE STATE) Ba	S=62.420.84	H=0	G=0	K=0
9	L12	p12	-	fw=137.340	$Ba^{**}$ AQUEOUS ION STD. STATE, m = 1	S=9.600.85	H=-537640120	G=-560740120	K=98.2400.021
10	L13	p12	-	fw=9.012	BERYLLIUM (REFERENCE STATE) Be	S=9.540.08	H=0	G=0	K=0
11	L14	p12	-	fw=9.012	$Be^{**}$ AQUEOUS ION STD. STATE, m = 1	S=-130.000.85	H=-383000850	G=-379700850	K=66.5220.149
12	L15	p12	-	fw=208.980	BISHUTH (REFERENCE STATE) Bi	S=56.740.42	H=0	G=0	K=0
13	L16	p12	-	fw=208.980	$Bi^{***}$ AQUEOUS ION STD. STATE, m = 1	S=	H=	G=82800850	K=-14.5060.149
14	L17	p12	-	fw=159.808	BROHINE (REFERENCE STATE) $Br_2$ (LIQUID)	S=152.320.04	H=0	G=0	K=0
15	L18	p12	-	fw=159.808	BROHINE (IDEAL GAS) $Br_2$	S=245.460.05	H=30910200	G=3140300	K=-0.5500.053
16	L19	p12	-	fw=79.904	$Br^-$ AQUEOUS ION STD. STATE, m = 1	S=82.840.20	H=-121500150	G=-104010170	K=18.2220.030
17	L20	p12	-	fw=12.011	CARBON (REFERENCE STATE) C	S=5.740.01	H=0	G=0	K=0
18	L21	p12	-	fw=12.011	DIAMOND C	S=2.380.01	H=189542	G=290084	K=-0.5080.015
19	L22	p12	-	fw=40.080	CALCIUM (REFERENCE STATE) Ca	S=41.630.42	H=0	G=0	K=0
20	L23	p12	-	fw=40.080	$Ca^{**}$ AQUEOUS ION STD. STATE, m = 1	S=-53.102.00	H=-5428301200	G=-5535401200	K=96.9780.021
21	L24	p12	-	fw=112.400	CADMIUM (REFERENCE STATE) Cd	S=51.800.17	H=0	G=0	K=0
22	L25	p12	-	fw=112.400	$Cd^{**}$ AQUEOUS ION STD. STATE, m = 1	S=-73.200.85	H=-75900120	G=-77580120	K=13.5920.021
23	L26	p12	-	fw=140.120	CERIUM (REFERENCE STATE) Ce	S=69.468.37	H=0	G=0	K=0
24	L27	p12	-	fw=140.120	$Ce^{***}$ AQUEOUS ION STD. STATE, m = 1	S=-205.005.00	H=-696200850	G=-672000850	K=117.7320.149
25	L28	p12	-	fw=140.120	$Ce^{****}$ AQUEOUS ION STD. STATE, m = 1	S=-301.005.00	H=-537200850	G=-503800850	K=88.2640.149
26	L29	p12	-	fw=70.906	CHLORIME (REFERENCE STATE) $Cl_2$ (IDEAL GAS)	S=223.080.04	H=0	G=0	K=0
27	L30	p12	-	fw=35.453	$Cl^-$ AQUEOUS ION STD. STATE, m = 1	S=56.730.16	H=-16708088	G=-131270110	K=22.9990.019
28	L33	p13	-	fw=58.933	COBALT (REFERENCE STATE)	S=30.04	H=0	G=0	K=0
29	L34	p13	U	fw=None	Co	S=0.42	H=	G=	K=
30	L35	p13	-	fw=58.933	$Co^{++}$ AQUEOUS ION	S=-113.00	H=-58200	G=-54400	K=9.531
31	L36	p13	U	fw=None	STD. STATE, m = 1	S=5.00	H=500	G=500	K=0.088
32	L37	p13	-	fw=58.933	$Co^{+++}$ AQUEOUS ION	S=-305.00	H=92000	G=134000	K=-23.476
33	L38	p13	U	fw=None	STD. STATE, m = 1	S=5.00	H=5000	G=5000	K=0.876
34	L39	p13	-	fw=51.996	CHRONIUM (REFERENCE STATE)	S=23.64	H=0	G=0	K=0
35	L40	p13	U	fw=None	Cr	S=0.21	H=	G=	K=
36	L41	p13	-	fw=51.996	$Cr^{++}$ AQUEOUS ION	S=	H=-144000	G=	K=
37	L42	p13	U	fw=None	STD. STATE, m = 1	S=	H=1000	G=	K=
38	L43	p13	-	fw=132.905	CESIUM (REFERENCE STATE)	S=85.23	H=0	G=0	K=0
39	L44	p13	U	fw=None	Cs	S=0.40	H=	G=	K=
40	L45	p13	-	fw=132.905	$Cs^+$ AQUEOUS ION	S=132.84	H=-258040	G=-283625	K=49.690
41	L46	p13	U	fw=None	STD. STATE, m = 1	S=0.40	H=130	G=150	K=0.026
42	L47	p13	-	fw=63.546	COPPER (REFERENCE STATE)	S=33.15	H=0	G=0	K=0
43	L48	p13	U	fw=None	Cu	S=0.08	H=	G=	K=
44	L49	p13	-	fw=63.546	$Cu^+$ AQUEOUS ION	S=41.00	H=71670	G=50000	K=-8.760
45	L50	p13	U	fw=None	STD. STATE, m = 1	S=0.42	H=100	G=100	K=0.018
46	L51	p13	-	fw=63.546	$Cu^{++}$ AQUEOUS ION	S=-99.60	H=64770	G=65520	K=-11.479
47	L52	p13	U	fw=None	STD. STATE, m = 1	S=0.42	H=100	G=100	K=0.018
48	L53	p13	-	fw=162.500	DYSPROSIUM (REFERENCE STATE)	S=74.89	H=0	G=0	K=0
49	L54	p13	U	fw=None	Dy	S=0.84	H=	G=	K=
50	L55	p13	-	fw=167.260	ERBIUM (REFERENCE STATE)	S=73.18	H=0	G=0	K=0
51	L56	p13	U	fw=None	Er	S=0.15	H=	G=	K=
52	L57	p13	-	fw=151.960	EUROPIUM (REFERENCE STATE)	S=80.79	H=0	G=0	K=0
53	L58	p13	U	fw=None	Eu	S=0.16	H=	G=	K=
54	L59	p13	-	fw=37.997	FLUORINE (REFERENCE STATE)	S=202.79	H=0	G=0	K=0
55	L60	p13	U	fw=None	$F_2$ (IDEAL GAS)	S=0.04	H=	G=	K=
56	L61	p13	-	fw=18.998	$F^-$ AQUEOUS ION	S=-13.18	H=-335350	G=-281705	K=49.354
57	L62	p13	U	fw=None	STD. STATE, m = 1	S=0.54	H=650	G=670	K=0.117
58	L63	p13	-	fw=55.847	IRON (REFERENCE STATE)	S=27.28	H=0	G=0	K=0
59	L64	p13	U	fw=None	Fe	S=0.13	H=	G=	K=
60	L65	p13	-	fw=55.847	$Fe^{++}$ AQUEOUS ION	S=-138.00	H=-89100	G=-78870	K=13.818
61	L66	p13	U	fw=None	STD. STATE, m = 1	S=0.85	H=1000	G=1000	K=0.021
62	L67	p13	-	fw=55.847	$Fe^{+++}$ AQUEOUS ION	S=-316.00	H=-48500	G=-4600	K=0.806
63	L68	p13	U	fw=None	STD. STATE, m = 1	S=0.85	H=1000	G=1000	K=0.021
64	L69	p13	-	fw=69.720	GALLIUM (REFERENCE STATE)	S=40.83	H=0	G=0	K=0
65	L70	p13	U	fw=None	Ga	S=0.21	H=	G=	K=
66	L71	p13	-	fw=157.250	GADOLINIUM (REFERENCE STATE)	S=68.45	H=0	G=0	K=0
67	L72	p13	U	fw=None	Gd	S=1.25	H=	G=	K=
68	L73	p13	-	fw=72.590	GERMANIUM (REFERENCE STATE)	S=31.09	H=0	G=0	K=0
69	L74	p13	U	fw=None	Ge	S=0.21	H=	G=	K=
70	L75	p13	-	fw=2.016	HYDROGEN (REFERENCE STATE)	S=130.68	H=0	G=0	K=0
71	L76	p13	U	fw=None	$H_2$ (IDEAL GAS)	S=0.04	H=,	G=	K=
72	L77	p13	-	fw=1.008	$H^+$ AQUEOUS ION	S=	H=0	G=0	K=0
73	L78	p13	U	fw=None	STD. STATE, m = 1	S=	H=	G=	K=
74	L79	p13	-	fw=4.003	HELIUM (REFERENCE STATE)	S=126.15	H=0	G=0	K=0
75	L80	p13	U	fw=None	He (IDEAL GAS)	S=0.01	H=	G=	K=
76	L81	p13	-	fw=178.490	HAPMIUM (REFERENCE STATE)	S=43.56	H=0	G=0	K=0
77	L82	p13	U	fw=None	Hf	S=0.21	H=	G=	K=
78	L83	p13	-	fw=200.590	MERCURY (REFERENCE STATE)	S=75.90	H=0	G=0	K=0
79	L84	p13	U	fw=None	Hg (LIQUID)	S=0.08	H=	G=	K=
80	L85	p13	-	fw=200.590	$Hg^{++}$ AQUEOUS ION	S=-32.00	H=171000	G=164400	K=-28.802
81	L86	p13	U	fw=None	STD. STATE, m = 1	S=0.85	H=850	G=120	K=0.021
82	L87	p13	-	fw=401.180	$Hg_2^{++}$ AQUEOUS ION	S=84.50	H=172060	G=153600	K=-26.910
83	L88	p13	U	fw=None	STD. STATE, m = 1	S=0.85	H=850	G=120	K=0.021
84	L90	p13	-	fw=$\Delta H_{f}^0$	S	S=$C_p^0$	H=	G=	K=
85	L92	p14	-	fw=164.930	HOLMIUM (REFERENCE STATE)Ho	S=75.021.67	H=0	G=0	K=0
86	L93	p14	-	fw=253.809	IODINE (REFERENCE STATE)I2	S=116.150.08	H=0	G=0	K=0
87	L94	p14	-	fw=253.809	IODINEI2 (IDEAL GAS)	S=260.680.06	H=6242080	G=1932980	K=-3.3860.001
88	L95	p14	-	fw=126.905	I- AQUEOUS IONSTD. STATE, m = 1	S=106.700.20	H=-56900840	G=-51915860	K=9.0960.151
89	L96	p14	-	fw=114.820	INDIUM (REFERENCE STATE)In	S=57.840.84	H=0	G=0	K=0
90	L97	p14	-	fw=192.220	IRIDIUM (REFERENCE STATE)Ir	S=35.480.17	H=0	G=0	K=0
91	L98	p14	-	fw=39.098	POTASSIUM (REFERENCE STATE)K	S=64.680.20	H=0	G=0	K=0
92	L99	p14	-	fw=39.098	K+ AQUEOUS IONSTD. STATE, m = 1	S=101.040.25	H=-252170100	G=-282490120	K=49.4920.021
93	L100	p14	-	fw=83.800	KRYPTON (REFERENCE STATE)Kr (IDEAL GAS)	S=164.080.02	H=0	G=0	K=0
94	L101	p14	-	fw=138.906	LANTHANUM (REFERENCE STATE)La	S=56.902.51	H=0	G=0	K=0
95	L102	p14	-	fw=6.940	LITHIUM (REFERENCE STATE)Li	S=29.120.02	H=0	G=0	K=0
96	L103	p14	-	fw=6.941	Li+ AQUEOUS IONSTD. STATE, m = 1	S=11.300.35	H=-27845590	G=-292620110	K=51.2670.019
97	L104	p14	-	fw=174.970	LUTETIUM (REFERENCE STATE)Lu	S=50.960.84	H=0	G=0	K=0
98	L105	p14	-	fw=24.305	MAGNESIUM (REFERENCE STATE)Mg	S=32.680.13	H=0	G=0	K=0
99	L106	p14	-	fw=24.305	Mg++ AQUEOUS IONSTD. STATE, m = 1	S=-138.004.20	H=-466850840	G=-4548001670	K=79.6790.149
100	L107	p14	-	fw=54.938	MANGANESE (REFERENCE STATE)Mn	S=32.010.08	H=0	G=0	K=0
101	L108	p14	-	fw=54.938	Mn++ AQUEOUS IONSTD. STATE, m = 1	S=-73.600.85	H=-220760120	G=-228000850	K=39.9450.149
102	L109	p14	-	fw=95.940	MOLYBDENUM (REFERENCE STATE)Mo	S=28.660.21	H=0	G=0	K=0
103	L110	p14	-	fw=28.013	NITROGEN (REFERENCE STATE)N2 (IDEAL GAS)	S=191.610.02	H=0	G=0	K=0
104	L111	p14	-	fw=22.990	SODIUM (REFERENCE STATE)Na	S=51.300.02	H=0	G=0	K=0
105	L112	p14	-	fw=22.990	Na+ AQUEOUS IONSTD. STATE, m = 1	S=58.410.20	H=-24030065	G=-26190085	K=45.8840.015
106	L113	p14	-	fw=92.906	NIOBIUM (REFERENCE STATE)Nb	S=36.400.42	H=0	G=0	K=0
107	L114	p14	-	fw=144.240	NEODYMIUM (REFERENCE STATE)Nd	S=71.094.18	H=0	G=0	K=0
108	L115	p14	-	fw=20.179	NEON (REFERENCE STATE)Ne (IDEAL GAS)	S=146.320.02	H=0	G=0	K=0
109	L116	p14	-	fw=58.700	WICKEL (REFERENCE STATE)Ni	S=29.870.08	H=0	G=0	K=0
110	L117	p14	-	fw=58.700	Ni++ AQUEOUS IONSTD. STATE, m = 1	S=-129.000.85	H=-54000850	G=-45600850	K=7.9890.149
111	L118	p14	-	fw=31.999	OXYGEN (REFERENCE STATE)O2 (IDEAL GAS)	S=205.150.04	H=0	G=0	K=0
112	L119	p14	-	fw=190.200	OSMIUM (REFERENCE STATE)Os	S=32.640.06	H=0	G=0	K=0
113	L120	p14	-	fw=30.974	PHOSPHORUS (REFERENCE STATE)P	S=22.850.08	H=0	G=0	K=0
114	L122	p14	-	fw=$ΔG_{f}^{0}$	$S$	S=$C_p^{0}$	H=	G=	K=
115	L124	p15	-	fw=207.200	LEAD (REFERENCE STATE)	S=65.06	H=0	G=0	K=0
116	L125	p15	U	fw=None	Pb	S=0.42	H=	G=	K=
117	L126	p15	-	fw=207.200	$Pb^{++}$ AQUEOUS ION	S=10.00	H=-1700	G=-24400	K=4.275
118	L127	p15	U	fw=None	STD. STATE, m = 1	S=0.85	H=850	G=-120	K=0.021
119	L128	p15	-	fw=106.400	PALLADIUM (REFERENCE STATE)	S=37.82	H=0	G=0	K=0
120	L129	p15	U	fw=None	Pd	S=0.21	H=	G=	K=
121	L130	p15	-	fw=140.908	PRASEODYMIUM (REFERENCE STATE)	S=73.93	H=0	G=0	K=0
122	L131	p15	U	fw=None	Pr	S=4.18	H=	G=	K=
123	L132	p15	-	fw=195.090	PLATINUM (REFERENCE STATE)	S=41.63	H=0	G=0	K=0
124	L133	p15	U	fw=None	Pt	S=0.21	H=	G=	K=
125	L134	p15	-	fw=244.002	PLUTONIUM (REFERENCE STATE)	S=51.46	H=0	G=0	K=0
126	L135	p15	U	fw=None	Pu	S=8.37	H=	G=	K=
127	L136	p15	-	fw=85.468	RUBIDIUM (REFERENCE STATE)	S=76.78	H=0	G=0	K=0
128	L137	p15	U	fw=None	Rb	S=0.30	H=	G=	K=
129	L138	p15	-	fw=85.468	$Rb^{+}$ AQUEOUS ION	S=120.46	H=-251120	G=-291715	K=51.108
130	L139	p15	U	fw=None	STD. STATE, m = 1	S=0.40	H=130	G=150	K=0.026
131	L140	p15	-	fw=186.207	RHENIUM (REFERENCE STATE)	S=36.53	H=0	G=0	K=0
132	L141	p15	U	fw=None	Re	S=0.38	H=	G=	K=
133	L142	p15	-	fw=102.906	RHODIUM (REFERENCE STATE)	S=31.54	H=0	G=0	K=0
134	L143	p15	U	fw=None	Rh	S=0.21	H=	G=	K=
135	L144	p15	-	fw=222.000	RADON (REFERENCE STATE)	S=176.23	H=0	G=0	K=0
136	L145	p15	U	fw=None	Rn (IDEAL GAS)	S=0.00	H=	G=	K=
137	L146	p15	-	fw=101.070	RUTHENIUM (REFERENCE STATE)	S=28.53	H=0	G=0	K=0
138	L147	p15	U	fw=None	Ru	S=0.21	H=	G=	K=
139	L148	p15	-	fw=32.060	SULFUR (REFERENCE STATE)	S=31.80	H=0	G=0	K=0
140	L149	p15	U	fw=None	S	S=0.21	H=	G=	K=
141	L150	p15	-	fw=32.060	$S^{--}$ AQUEOUS ION	S=-15.00	H=33000	G=85800	K=-15.032
142	L151	p15	U	fw=None	STD. STATE, m = 1	S=0.85	H=850	G=850	K=0.149
143	L152	p15	-	fw=64.120	DIATOMIC SULFUR	S=228.17	H=128490	G=79453	K=-13.920
144	L153	p15	U	fw=None	$S_{2}$ (IDEAL GAS)	S=0.05	H=500	G=669	K=0.117
145	L154	p15	-	fw=256.480	OCTA-ATOMIC SULFUR	S=430.32	H=101250	G=48835	K=-8.556
146	L155	p15	U	fw=None	$S_{6}$ (IDEAL GAS)	S=1.67	H=630	G=920	K=0.161
147	L156	p15	-	fw=121.750	ANTINOMY (REFERENCE STATE)	S=45.52	H=0	G=0	K=0
148	L157	p15	U	fw=None	Sb	S=0.21	H=	G=	K=
149	L158	p15	-	fw=44.956	SCANDIUM (REFERENCE STATE)	S=34.64	H=0	G=0	K=0
150	L159	p15	U	fw=None	Sc	S=0.21	H=	G=	K=
151	L160	p15	-	fw=78.960	SELENIUM (REFERENCE STATE)	S=42.27	H=0	G=0	K=0
152	L161	p15	U	fw=None	Se	S=0.05	H=	G=	K=
153	L162	p15	-	fw=78.960	$Se^{--}$ AQUEOUS ION	S=	H=	G=129000	K=-22.600
154	L163	p15	U	fw=None	STD. STATE, m = 1	S=	H=	G=850	K=0.149
155	L164	p15	-	fw=28.086	SILICON (REFERENCE STATE)	S=18.81	H=0	G=0	K=0
156	L165	p15	U	fw=None	Si	S=0.08	H=	G=	K=
157	L166	p15	-	fw=150.400	SANARIUM (REFERENCE STATE)	S=69.50	H=0	G=0	K=0
158	L167	p15	U	fw=None	Sm	S=2.09	H=	G=	K=
159	L168	p15	-	fw=118.690	TIM (REFERENCE STATE)	S=51.20	H=0	G=0	K=0
160	L169	p15	U	fw=None	Sn	S=0.42	H=	G=	K=
161	L170	p15	-	fw=87.620	STRONTIUM (REFERENCE STATE)	S=55.40	H=0	G=0	K=0
162	L171	p15	U	fw=None	Sr	S=0.17	H=	G=	K=
163	L172	p15	-	fw=87.620	$Sr^{++}$ AQUEOUS ION	S=-33.00	H=-545800	G=-559440	K=98.012
164	L173	p15	U	fw=None	STD. STATE, m = 1	S=0.85	H=120	G=120	K=0.021
165	L174	p15	-	fw=180.948	TANTALUM (REFERENCE STATE)	S=41.51	H=0	G=0	K=0
166	L175	p15	U	fw=None	Ta	S=0.17	H=	G=	K=
167	L176	p15	-	fw=158.925	TERBIUM (REFERENCE STATE)	S=73.30	H=0	G=0	K=0
168	L177	p15	U	fw=None	Tb	S=0.84	H=	G=	K=
169	L178	p15	-	fw=127.600	TELLORIUM (REFERENCE STATE)	S=49.50	H=0	G=0	K=0
170	L179	p15	U	fw=None	Te	S=0.42	H=	G=	K=
171	L182	p16	-	fw=232.038	THORIUM (REFERENCE STATE) Th	S=53.390.84	H=0	G=0	K=0
172	L183	p16	-	fw=47.900	TITANIUM (REFERENCE STATE) Ti	S=30.630.08	H=0	G=0	K=0
173	L184	p16	-	fw=204.370	THALLIUM (REFERENCE STATE) Tl	S=64.180.21	H=0	G=0	K=0
174	L185	p16	-	fw=168.934	THULIUM (REFERENCE STATE) Tm	S=74.010.00	H=0	G=0	K=0
175	L186	p16	-	fw=238.029	UBANIUM (REFERENCE STATE) U	S=50.290.13	H=0	G=0	K=0
176	L187	p16	-	fw=238.029	$U^{+ + + }$ AQUEOUS ION STD. STATE, m = 1	S=-126.001.00	H=-514600200	G=-520500200	K=91.1900.035
177	L188	p16	-	fw=238.029	$U^{+ + + + }$ AQUEOUS ION STD. STATE, m = 1	S=-326.001.00	H=-613800200	G=-579100200	K=101.4560.035
178	L189	p16	-	fw=50.941	VANADIUM (REFERENCE STATE) V	S=28.910.42	H=0	G=0	K=0
179	L190	p16	-	fw=183.850	TUNGSTEN (REFERENCE STATE) W	S=32.640.42	H=0	G=0	K=0
180	L191	p16	-	fw=131.300	XENON (REFERENCE STATE) Xe (IDEAL GAS)	S=169.680.02	H=0	G=0	K=0
181	L192	p16	-	fw=88.906	YTTRIUM (REFERENCE STATE) Y	S=44.430.25	H=0	G=0	K=0
182	L193	p16	-	fw=173.040	YTTERBIUM (REFERENCE STATE) Yb	S=59.830.17	H=0	G=0	K=0
183	L194	p16	-	fw=65.380	ZINC (REFERENCE STATE) Zn	S=41.630.13	H=0	G=0	K=0
184	L195	p16	-	fw=65.380	$Zn^{+ + }$ AQUEOUS ION STD. STATE, m = 1	S=-109.600.70	H=-153390200	G=-147260220	K=25.8000.039
185	L196	p16	-	fw=91.220	ZIRCONIUM (REFERENCE STATE) Zr	S=38.990.17	H=0	G=0	K=0
186	L197	p16	-	fw=16.043	METHANE (IDEAL GAS) $CH_{6}$	S=186.260.21	H=-74810335	G=-50708377	K=8.8840.066
187	L198	p16	-	fw=179.552	COHENITE $Fe_{3}C$	S=104.433.35	H=249371339	G=199121715	K=-3.4890.300
188	L199	p16	-	fw=17.030	AMMONIA (IDEAL GAS) $NH_{3}$	S=192.780.08	H=-45940350	G=-16410350	K=2.8750.061
189	L200	p16	-	fw=17.031	$NH_{3}$ UN-IONIZED STD. STATE, m = 1	S=111.000.85	H=-80290120	G=-26600120	K=4.6600.021
190	L201	p16	-	fw=18.039	$NH_{6}^{+}$ AQUEOUS ION STD. STATE, m = 1	S=111.170.75	H=-133260250	G=-79457301	K=13.9210.053
191	L202	p16	-	fw=247.796	ACANTHITE (ARGENTITE)	S=142.84	H=-32346	G=-40080	K=7.022
192	L203	p16	U	fw=None	$Ag_{2}S$	S=0.42	H=879	G=837	K=0.147
193	L204	p16	-	fw=106.982	REALGAR	S=63.51	H=-71340	G=-70320	K=12.320
194	L205	p16	U	fw=None	AsS	S=0.63	H=2090	G=2100	K=0.368
195	L206	p16	-	fw=246.023	ORPIMENT	S=163.60	H=-169030	G=-168410	K=29.505
196	L207	p16	U	fw=None	$As_{2}S_{3}$	S=0.40	H=4200	G=4220	K=0.739
197	L208	p16	-	fw=514.141	BISHUTHINITE	S=200.40	H=-143090	G=-140560	K=24.626
198	L209	p16	U	fw=None	$Bi_{2}S_{3}$	S=3.30	H=1050	G=1070	K=0.187
199	L210	p16	-	fw=72.140	OLDHAMITE	S=56.65	H=-474880	G=-469850	K=82.316
200	L211	p16	U	fw=None	CaS	S=1.25	H=2100	G=2100	K=0.368
201	L212	p16	-	fw=144.460	GREENOCKITE	S=70.29	H=-149600	G=-145630	K=25.514
202	L213	p16	U	fw=None	CDS	S=1.67	H=1255	G=1381	K=0.242
203	L215	p17	-	fw=95.606	COVELLITE	S=66.65	H=-48575	G=-49080	K=8.599
204	L216	p17	U	fw=None	CuS	S=1.67	H=4184	G=4226	K=0.740
205	L217	p17	-	fw=159.152	CHALCOCITE	S=120.75	H=-80115	G=-86868	K=15.219
206	L218	p17	U	fw=None	$Cu_2S$	S=2.09	H=1255	G=1423	K=0.249
207	L219	p17	-	fw=183.513	CHALCOPYRITE	S=	H=	G=	K=
208	L220	p17	U	fw=None	$CuFeS_2$	S=	H=	G=	K=
209	L221	p17	-	fw=501.817	BORNITE	S=	H=	G=	K=
210	L222	p17	U	fw=None	$Cu_3FeS_4$	S=	H=	G=	K=
211	L223	p17	-	fw=87.907	TROILITE	S=60.33	H=-100960	G=-101333	K=17.753
212	L224	p17	U	fw=None	FeS	S=0.17	H=1464	G=1506	K=0.264
213	L225	p17	-	fw=81.038	PYRRHOTITE	S=60.79	H=	G=	K=
214	L226	p17	U	fw=None	$Fe_3s7s$	S=0.21	H=	G=	K=
215	L227	p17	-	fw=119.967	PYRITE	S=52.93	H=-171544	G=-160229	K=28.072
216	L228	p17	U	fw=None	$FeS_2$	S=0.13	H=1674	G=1715	K=0.300
217	L229	p17	-	fw=119.967	HARCASITE	S=53.89	H=-169450	G=-158421	K=27.755
218	L230	p17	U	fw=None	$FeS_2$	S=0.11	H=2090	G=2090	K=0.366
219	L231	p17	-	fw=213.767	FERROSELITE	S=86.86	H=	G=	K=
220	L232	p17	U	fw=None	$FeSe_2$	S=0.25	H=	G=	K=
221	L233	p17	-	fw=311.047	PROHBERGITE	S=100.20	H=	G=	K=
222	L234	p17	U	fw=None	$FeTe_2$	S=0.20	H=	G=	K=
223	L235	p17	-	fw=34.076	HYDROGEN SULFIDE (IDEAL GAS)	S=205.80	H=-20627	G=-33543	K=5.877
224	L236	p17	U	fw=None	$H_2S$	S=0.21	H=628	G=669	K=0.117
225	L237	p17	-	fw=33.070	$HS^-$ AQUEOUS ION	S=62.80	H=-16999	G=12100	K=-2.120
226	L238	p17	U	fw=None	STD. STATE, n = 1	S=0.85	H=850	G=850	K=0.149
227	L239	p17	-	fw=232.650	CINNABAR	S=82.51	H=-58155	G=-50645	K=8.873
228	L240	p17	U	fw=None	HgS	S=2.09	H=2092	G=2218	K=0.389
229	L241	p17	-	fw=232.650	METACINNABAR	S=96.23	H=-46735	G=-43315	K=7.589
230	L242	p17	U	fw=None	HgS	S=4.18	H=1506	G=837	K=0.147
231	L243	p17	-	fw=86.998	ALABANDITE	S=78.20	H=-213865	G=-218155	K=38.220
232	L244	p17	U	fw=None	HnS	S=1.67	H=837	G=1004	K=0.176
233	L245	p17	-	fw=119.058	HAUERITE	S=99.91	H=	G=	K=
234	L246	p17	U	fw=None	$HnS_2$	S=0.10	H=	G=	K=
235	L247	p17	-	fw=160.060	HOLYBDENITE	S=62.57	H=-275300	G=-266454	K=46.682
236	L248	p17	U	fw=None	$HoS_2$	S=0.21	H=5000	G=5000	K=0.880
237	L249	p17	-	fw=90.760	MILLERITE	S=66.11	H=-84868	G=-86192	K=15.101
238	L250	p17	U	fw=None	NiS	S=4.18	H=4184	G=4393	K=0.770
239	L251	p17	-	fw=240.220	HEAZLEWOODITE	S=133.90	H=-202920	G=-197070	K=34.526
240	L252	p17	U	fw=None	$Ni_3S_2$	S=0.90	H=1000	G=1020	K=0.179
241	L253	p17	-	fw=239.260	GALENA	S=91.38	H=-97709	G=-96075	K=16.832
242	L254	p17	U	fw=None	PbS	S=1.25	H=962	G=837	K=0.147
243	L255	p17	-	fw=286.160	CLAUSTHALITE	S=102.51	H=-102925	G=-101577	K=17.796
244	L256	p17	U	fw=None	PbSe	S=2.09	H=2218	G=2092	K=0.367
245	L257	p17	-	fw=334.800	ALTAITE	S=110.04	H=-70710	G=-69360	K=12.152
246	L258	p17	U	fw=None	PbTe	S=2.09	H=1425	G=1255	K=0.220
247	L259	p17	-	fw=227.150	COOPERITE	S=55.06	H=-82425	G=-76948	K=13.481
248	L260	p17	U	fw=None	PtS	S=0.13	H=3350	G=3390	K=0.594
249	L261	p17	-	fw=339.680	STIBNITE	S=182.00	H=-174890	G=-173470	K=30.391
250	L262	p17	U	fw=None	$Sb_2S_3$	S=3.30	H=4180	G=4200	K=0.736
251	L263	p17	-	fw=150.750	HERZENBERGITE	S=76.82	H=-106541	G=-104698	K=18.343
252	L264	p17	U	fw=None	SnS	S=0.84	H=1464	G=1506	K=0.264
253	L265	p17	-	fw=182.810	STAWNIC SULFIDE	S=87.45	H=	G=	K=
254	L266	p17	U	fw=None	$SnS_2$	S=0.18	H=	G=	K=
255	L267	p17	-	fw=247.970	TUNGSTENITE	S=94.98	H=-298320	G=-297945	K=52.199
256	L268	p17	U	fw=None	$WS_2$	S=8.37	H=840	G=2680	K=0.469
257	L269	p17	-	fw=97.440	SPHALERITE	S=58.66	H=-206900	G=-202496	K=35.476
258	L270	p17	U	fw=None	ZnS	S=0.84	H=1700	G=1780	K=0.312
259	L272	p18	-	fw=97.440	WURTZITE	S=58.84	H=-194570	G=-190220	K=33.326
260	L273	p18	U	fw=None	ZnS	S=0.12	H=1520	G=1520	K=0.266
261	L274	p18	-	fw=101.962	CORUNDUM $Al_{2}O_{3}$	S=50.920.10	H=-16757001300	G=-15822281320	K=277.2010.231
262	L275	p18	-	fw=101.962	ALUMINUM OXIDE (GAMMA) $Al_{2}O_{3}$	S=59.836.28	H=-16535171260	G=-15627021300	K=273.7800.228
263	L276	p18	-	fw=59.989	BOEHMITE $AlO(OH)$	S=48.450.21	H=-9930542110	G=-9184002090	K=160.9000.366
264	L277	p18	-	fw=59.989	DIASPORE $AlO(OH)$	S=35.270.17	H=-10005855000	G=-9220005000	K=161.5300.513
265	L278	p18	-	fw=78.004	GIBBSITE $Al(OH)_{3}$	S=68.440.14	H=-12931281192	G=-11548891213	K=202.3330.213
266	L279	p18	-	fw=197.841	ARSENOLITE $As_{2}O_{3}$	S=107.410.13	H=-6569701674	G=-5759641883	K=100.9070.330
267	L280	p18	-	fw=197.841	CLAUDETITE $As_{2}O_{3}$	S=113.330.13	H=-6547951715	G=-5755541046	K=100.8350.183
268	L281	p18	-	fw=69.618	BORIC OXIDE $B_{2}O_{3}$	S=53.970.03	H=-12735001400	G=-11943251715	K=209.2420.300
269	L282	p18	-	fw=153.339	BARIUM OXIDE $BaO$	S=72.070.38	H=-5481002090	G=-5203942100	K=91.1710.368
270	L283	p18	-	fw=25.012	BROMELLITE $BeO$	S=13.770.04	H=-6094002500	G=-5800782500	K=101.6280.438
271	L284	p18	-	fw=25.012	BERYLLIUM OXIDE (BETA) $BeO$	S=16.540.03	H=-6017853500	G=-5732893500	K=100.4380.613
272	L285	p18	-	fw=465.959	BISMITE $Bi_{2}O_{3}$	S=151.462.09	H=-5738771255	G=-4934531464	K=86.4510.256
273	L286	p18	-	fw=28.010	CARBON MONOXIDE $CO(IDEAL GAS)$	S=197.670.03	H=-110530170	G=-137171170	K=24.0320.030
274	L287	p18	-	fw=44.010	CARBON DIOXIDE $CO_{2}(IDEAL GAS)$	S=213.790.04	H=-393510130	G=-394375167	K=69.0930.029
275	L288	p18	-	fw=60.009	$CO_{3}$ = AQUEOUS ION $STD. STATE_{1} m = 1$	S=-56.900.85	H=-677140120	G=-527900120	K=92.4860.021
276	L289	p18	-	fw=61.017	$HCO_{3}$ - AQUEOUS ION $STD. STATE_{1} m = 1	S=91.200.85	H=-691990120	G=-586850120	K=102.8140.021
277	L290	p18	-	fw=62.025	$H_{2}CO_{3}$ UN-IONIZED $STD. STATE_{1} m = 	S=187.000.85	H=-699650120	G=-623170120	K=109.1770.021
278	L291	p18	-	fw=56.079	CALCIUM OXIDE $CaO$	S=38.210.13	H=-635089879	G=-603487900	K=105.7290.158
279	L292	p18	-	fw=74.095	PORTLANDITE $Ca(OH)_{2}$	S=83.390.42	H=-9860851255	G=-8984081300	K=157.3980.228
280	L293	p18	-	fw=128.399	MONTEPONITE $CDO$	S=54.811.25	H=-258200837	G=-228515920	K=40.0350.161
281	L294	p18	-	fw=172.119	CERIANITE $CeO_{2}$	S=62.300.08	H=-10886801464	G=-10253802929	K=179.6430.513
282	L295	p18	-	fw=328.238	CERIUM SESQUIOXIDE (HEXAGONAL, $\alpha$ ) $Ce	S=150.624.18	H=-17962008400	G=-17079408400	K=299.2251.472
283	L296	p18	-	fw=328.238	CERIUM SESQUIOXIDE (HEXAGONAL, $\beta$ ) $Ce_	S=	H=	G=	K=
284	L297	p18	-	fw=74.933	COBALTOUS OXIDE $CoO$	S=52.970.34	H=-2379401255	G=-2141941297	K=37.5260.227
285	L298	p18	-	fw=151.990	ESKOLAITE $Cr_{2}O_{3}$	S=81.171.25	H=-11347008370	G=-10530568400	K=184.4921.472
286	L300	p19	-	fw=281.810	DICESIUM MONOXIDE $Cs_2O$	S=146.870.44	H=-3459751170	G=-3083601190	K=54.0230.208
287	L301	p19	-	fw=149.913	CESIUM HYDROXIDE $CsOH$	S=98.744.18	H=-416726837	G=-370690850	K=64.9440.149
288	L302	p19	-	fw=79.545	TENORITE $CuO$	S=42.630.21	H=-1573201255	G=-1295641297	K=22.6990.227
289	L303	p19	-	fw=143.091	CUPRITE $Cu_2O$	S=93.141.67	H=-1686106276	G=-1460306318	K=25.5841.107
290	L304	p19	-	fw=372.998	DYSPROSIUM SESQUIOXIDE (CUBIC) $Dy_2O_3$	S=149.790.85	H=-18631303930	G=-17713854000	K=310.3410.701
291	L305	p19	-	fw=382.518	ERBIUM SESQUIOXIDE (CUBIC) $Er_2O_3$	S=155.640.85	H=-18978601920	G=-18088792000	K=316.9090.350
292	L306	p19	-	fw=167.959	EUROPIUM OXIDE $EuO$	S=62.760.85	H=-5920408370	G=-5560828370	K=97.4241.466
293	L307	p19	-	fw=351.918	EUROPIUM SESQUIOXIDE (MONOCLINIC) $Eu_2O_3$	S=146.448.50	H=-16514208400	G=-15551588400	K=272.4581.472
294	L308	p19	-	fw=351.918	EUROPIUM SESQUIOXIDE (CUBIC) $Eu_2O_3$	S=	H=	G=	K=
295	L309	p19	-	fw=68.887	WUSTITE $Fe_2O_3$	S=57.590.42	H=-266270837	G=-245155879	K=42.9500.154
296	L310	p19	-	fw=71.846	FERBOUS OXIDE (STOICHIOMETRIC) $FeO$	S=59.801.67	H=-2720432092	G=-2511562176	K=44.0010.381
297	L311	p19	-	fw=159.692	HEMATITE $Fe_2O_3$	S=87.400.21	H=-8246401255	G=-7426831297	K=130.2670.227
298	L312	p19	-	fw=231.539	MAGNETITE $Fe_2O_4$	S=146.140.42	H=-11157262092	G=-10125662134	K=177.3980.374
299	L313	p19	-	fw=88.854	GOETHITE $FeO(OH)$	S=60.380.63	H=-559330730	G=-488550750	K=85.591
300	L314	p19	-	fw=187.438	GALLIUM SESQUIOXIDE $Ga_2O_3$	S=84.980.42	H=-1089100850	G=-998342850	K=174.9060.149
301	L315	p19	-	fw=362.498	GADOLINIUM SESQUIOXIDE (MONOCLINIC) $Gd_2O_3$	S=151.880.85	H=-18196203600	G=-17323383600	K=303.5000.631
302	L316	p19	-	fw=362.498	GADOLINIUM SESQUIOXIDE (CUBIC) $Gd_2O_3$	S=	H=	G=	K=
303	L317	p19	-	fw=104.589	GERMANIUM DIOXIDE (QUARTZ TYPE) $GeO_2$	S=55.270.27	H=-551030800	G=-497074900	K=87.0860.158
304	L318	p19	-	fw=104.589	GERMANIUM DIOXIDE GLASS $GeO_2$	S=64.500.30	H=-526350630	G=-475180710	K=83.2500.124
305	L319	p19	-	fw=18.015	WATER $H_2O$ (LIQUID)	S=69.950.08	H=-28583042	G=-23714184	K=41.5460.015
306	L320	p19	-	fw=17.007	$OH^-$ AQUEOUS IONSTD. STATE, n = 1	S=-10.710.20	H=-23002545	G=-15732890	K=27.5630.016
307	L321	p19	-	fw=18.015	STEAM $H_2O$ (IDEAL GAS)	S=188.720.04	H=-24181442	G=-22856984	K=40.0440.015
308	L322	p19	-	fw=210.489	HAFNIUM DIOXIDE $HfO_2$	S=59.330.42	H=-11447401255	G=-10882761297	K=190.6620.227
309	L323	p19	-	fw=216.589	HOWTROYDITE $HgO$	S=70.270.34	H=-9078950	G=-5852860	K=10.2540.011
310	L324	p19	-	fw=377.859	HOLHIUM SESQUIOXIDE (CUBIC) $Ho_2O_3$	S=158.160.32	H=-18807004850	G=-17913735000	K=313.8420.876
311	L325	p19	-	fw=94.195	DIPOTASSIUM MONOXIDE $K_2O$	S=94.146.28	H=-3631712092	G=-3220872845	K=56.4290.498
312	L326	p19	-	fw=71.097	POTASSIUM SUPEROXIDE $KO_2$	S=122.504.18	H=-2845122092	G=-2405862800	K=42.1500.491
313	L327	p19	-	fw=56.105	POTASSIUM HYDROXIDE $KOH$	S=78.910.84	H=-424676418	G=-378932500	K=66.3880.088
314	L329	p19	-	fw=$ΔG_f^0$	S	S=$C_p^0$	H=	G=	K=
315	L331	p20	-	fw=325.809	LANTHANUM SESQUIOXIDE	S=127.32	H=-1793680	G=-1705963	K=298.879
316	L332	p20	U	fw=None	$La_2O_3$	S=0.84	H=1590	G=1600	K=0.280
317	L333	p20	-	fw=29.879	DILITHIUM MONOXIDE	S=37.57	H=-598730	G=-561985	K=98.458
318	L334	p20	U	fw=None	$Li_2O$	S=0.08	H=2092	G=2134	K=0.374
319	L335	p20	-	fw=23.947	LITHIUM HYDROXIDE	S=42.80	H=-484926	G=-438941	K=76.901
320	L336	p20	U	fw=None	LiOH	S=0.21	H=159	G=159	K=0.028
321	L337	p20	-	fw=397.938	LUTETIUM SESQUIOXIDE (CUBIC)	S=109.96	H=-1878200	G=-1788849	K=313.400
322	L338	p20	U	fw=None	$Lu_2O_3$	S=0.85	H=7530	G=6280	K=1.100
323	L339	p20	-	fw=40.304	PERICLASE	S=26.94	H=-601490	G=-569196	K=99.721
324	L340	p20	U	fw=None	MgO	S=0.17	H=290	G=300	K=0.053
325	L341	p20	-	fw=58.320	BRUCITE	S=63.18	H=-924540	G=-833506	K=146.027
326	L342	p20	U	fw=None	$Mg(OH)_2$	S=0.13	H=440	G=440	K=0.077
327	L343	p20	-	fw=70.937	MANGANOSITE	S=59.71	H=-385220	G=-362896	K=63.578
328	L344	p20	U	fw=None	MnO	S=0.42	H=460	G=502	K=0.088
329	L345	p20	-	fw=86.937	PYROLUSITE	S=53.05	H=-520030	G=-465138	K=81.491
330	L346	p20	U	fw=None	$MnO_2$	S=0.42	H=837	G=879	K=0.154
331	L347	p20	-	fw=157.874	BIXBYITE	S=110.46	H=-958970	G=-881068	K=154.360
332	L348	p20	U	fw=None	$Mn_2O_3$	S=2.09	H=2092	G=2218	K=0.389
333	L349	p20	-	fw=228.812	HAUS MANNITE	S=153.97	H=-1387830	G=-1282774	K=224.738
334	L350	p20	U	fw=None	$Mn_3O_4$	S=4.18	H=1674	G=2092	K=0.367
335	L351	p20	-	fw=127.939	HOLYBDENUM DIOXIDE	S=50.02	H=-587850	G=-533053	K=93.389
336	L352	p20	U	fw=None	$HoO_2$	S=0.30	H=2090	G=2510	K=0.440
337	L353	p20	-	fw=143.938	HOLYBDITE	S=77.74	H=-745170	G=-668055	K=117.041
338	L354	p20	U	fw=None	$HoO_3$	S=0.42	H=418	G=460	K=0.081
339	L355	p20	-	fw=46.005	NITROGEN DIOXIDE	S=240.06	H=33095	G=51251	K=-8.979
340	L356	p20	U	fw=None	$NO_2$ (IDEAL GAS)	S=0.08	H=418	G=460	K=0.081
341	L357	p20	-	fw=62.005	$NO_3^-$ AQUEOUS ION	S=146.94	H=-207400	G=-111500	K=19.534
342	L358	p20	U	fw=None	STD. STATE, m = 1	S=0.85	H=420	G=400	K=0.070
343	L359	p20	-	fw=61.979	DISODIUM MONOXIDE	S=75.27	H=-414820	G=-376089	K=65.890
344	L360	p20	U	fw=None	$Na_2O$	S=0.84	H=280	G=290	K=0.051
345	L361	p20	-	fw=39.997	SODIUM HYDROXIDE	S=64.43	H=-425800	G=-379651	K=66.514
346	L362	p20	U	fw=None	NaOH	S=0.84	H=85	G=125	K=0.022
347	L363	p20	-	fw=108.906	NIOBIUM MONOXIDE	S=46.02	H=-419660	G=-391945	K=68.667
348	L364	p20	U	fw=None	NbO	S=8.40	H=12550	G=12550	K=2.199
349	L365	p20	-	fw=124.905	NIOBIUM DIOXIDE	S=54.51	H=-794960	G=-739194	K=129.504
350	L366	p20	U	fw=None	$NbO_2$	S=0.30	H=8370	G=8370	K=1.466
351	L367	p20	-	fw=265.810	DINIOBIUM PENTOXIDE	S=137.32	H=-1899536	G=-1765859	K=309.373
352	L368	p20	U	fw=None	$Nb_2O_5$	S=1.26	H=4184	G=4200	K=0.736
353	L369	p20	-	fw=336.478	NEODYMIUM SESQUIOXIDE (HEXAGONAL)	S=158.57	H=-1807910	G=-1721048	K=301.522
354	L370	p20	U	fw=None	$Nd_2O_3$	S=4.20	H=1000	G=1020	K=0.179
355	L371	p20	-	fw=74.699	BUNSENITE	S=37.99	H=-239743	G=-211581	K=37.068
356	L372	p20	U	fw=None	NiO	S=0.17	H=418	G=460	K=0.081
357	L373	p20	-	fw=46.973	PHOSPHORUS MONOXIDE	S=222.77	H=-12134	G=-41157	K=7.211
358	L374	p20	U	fw=None	PO (IDEAL GAS)	S=0.02	H=4184	G=4200	K=0.736
359	L375	p20	-	fw=141.945	PHOSPHORUS PENTOXIDE	S=115.50	H=-1470000	G=-1337897	K=234.396
360	L376	p20	U	fw=None	$P_2O_5$	S=0.40	H=4200	G=4200	K=0.736
361	L377	p20	-	fw=283.889	PHOSPHORUS PENTOXIDE (DIMERIC)	S=231.00	H=-2940000	G=-2675794	K=468.791
362	L378	p20	U	fw=None	$(P_2O_5)_2$	S=0.80	H=8400	G=8400	K=1.470
363	L379	p20	-	fw=94.971	$PO_4^---$ AQUEOUS ION	S=-222.00	H=-1259550	G=-1001550	K=175.469
364	L380	p20	U	fw=None	STD. STATE, m = 1	S=4.20	H=850	G=850	K=0.149
365	L381	p20	-	fw=97.995	ORTHOPHOSPHORIC ACID (CRYSTAL)	S=110.54	H=-1266920	G=-1112290	K=194.869
366	L382	p20	U	fw=None	$H_3PO_4$	S=0.42	H=2090	G=2510	K=0.440
367	L383	p20	-	fw=97.995	ORTHOPHOSPHORIC ACID (LIQUID)	S=150.78	H=-1254200	G=-1111700	K=194.766
368	L384	p20	U	fw=None	$H_3PO_4$	S=4.20	H=2090	G=2510	K=0.440
369	L385	p20	-	fw=223.199	LITHARGE (RED)	S=66.32	H=-219409	G=-189202	K=33.148
370	L386	p20	U	fw=None	PbO	S=0.84	H=830	G=900	K=0.158
371	L388	p21	-	fw=223.199	MASSICOT (YELLOW)	S=68.70	H=-218070	G=-188573	K=33.037
372	L389	p21	U	fw=None	PbO	S=0.21	H=630	G=700	K=0.123
373	L390	p21	-	fw=239.199	PLATTNERITE	S=71.80	H=-274470	G=-215314	K=37.722
374	L391	p21	U	fw=None	$PbO_2$	S=0.42	H=2929	G=3000	K=0.526
375	L392	p21	-	fw=686.598	MINIUM	S=211.96	H=-718686	G=-601358	K=105.356
376	L393	p21	U	fw=None	$Pb_3O_4$	S=6.69	H=6276	G=6300	K=1.104
377	L394	p21	-	fw=329.814	PRASEODYNIUM SESQUIOXIDE (HEX)	S=158.57	H=-1809580	G=-1721025	K=301.518
378	L395	p21	U	fw=None	$Pr_2O_3$	S=4.20	H=6690	G=6700	K=1.174
379	L396	p21	-	fw=170.235	PRASEODYNIUM OXIDE	S=79.91	H=-1904560	G=-1796610	K=314.760
380	L397	p21	U	fw=None	$PrO_1, a_{33}$	S=4.20	H=6690	G=6700	K=1.174
381	L398	p21	-	fw=218.206	RHENIUM DIOXIDE (ORTHORHOMBIC)	S=47.82	H=-451870	G=-394070	K=69.040
382	L399	p21	U	fw=None	$ReO_2$	S=0.05	H=3350	G=3360	K=0.589
383	L400	p21	-	fw=234.205	RHENIUM TRIOXIDE	S=69.24	H=-593710	G=-511700	K=89.648
384	L401	p21	U	fw=None	$ReO_3$	S=0.09	H=2930	G=2940	K=0.515
385	L402	p21	-	fw=484.410	DIRHENIUM HEPTOXIDE	S=207.30	H=-1274030	G=-1099980	K=192.713
386	L403	p21	U	fw=None	$Re_2O_7$	S=0.40	H=6280	G=6290	K=1.102
387	L404	p21	-	fw=64.059	SULFUR DIOXIDE	S=248.22	H=-296810	G=-300170	K=52.589
388	L405	p21	U	fw=None	$SO_2$ (IDEAL GAS)	S=0.06	H=200	G=251	K=0.044
389	L406	p21	-	fw=80.058	SULFUR TRIOXIDE	S=256.76	H=-395722	G=-371046	K=65.006
390	L407	p21	U	fw=None	$SO_3$ (IDEAL GAS)	S=0.84	H=711	G=795	K=0.139
391	L408	p21	-	fw=80.058	$SO_3$ -- AQUEOUS ION	S=-29.00	H=-635600	G=-486600	K=85.251
392	L409	p21	U	fw=None	STD. STATE, m = 1	S=4.20	H=850	G=850	K=0.149
393	L410	p21	-	fw=96.058	$SO_4$ -- AQUEOUS ION	S=20.00	H=-909270	G=-744630	K=130.457
394	L411	p21	U	fw=None	STD. STATE, m = 1	S=0.85	H=120	G=120	K=0.021
395	L412	p21	-	fw=291.498	VALENTINITE	S=123.01	H=-708560	G=-626345	K=109.733
396	L413	p21	U	fw=None	$Sb_2O_3$	S=2.51	H=2930	G=3054	K=0.535
397	L414	p21	-	fw=137.910	SCANDIUM SESQUIOXIDE	S=76.99	H=-1908820	G=-1819371	K=318.748
398	L415	p21	U	fw=None	$Sc_2O_3$	S=0.42	H=2510	G=2520	K=0.441
399	L416	p21	-	fw=44.085	SILICON MONOXIDE	S=211.57	H=-100416	G=-127305	K=22.304
400	L417	p21	U	fw=None	SiO (IDEAL GAS)	S=0.84	H=8368	G=8500	K=1.489
401	L418	p21	-	fw=60.085	QUARTZ	S=41.46	H=-910700	G=-856288	K=150.019
402	L419	p21	U	fw=None	$SiO_2$	S=0.20	H=1000	G=1100	K=0.193
403	L420	p21	-	fw=96.115	$H_4SiO_4$ UN-IONIZED	S=180.00	H=-1460000	G=-1308000	K=229.157
404	L421	p21	U	fw=None	STD. STATE, m = 1	S=4.20	H=1700	G=1700	K=0.298
405	L422	p21	-	fw=60.085	CRISTOBALITE	S=43.40	H=-908346	G=-854512	K=149.708
406	L423	p21	U	fw=None	$SiO_2$	S=0.13	H=2090	G=2130	K=0.373
407	L424	p21	-	fw=60.085	TRIDYMITE	S=43.93	H=-907488	G=-853812	K=149.585
408	L425	p21	U	fw=None	$SiO_2$	S=0.42	H=2385	G=2427	K=0.425
409	L426	p21	-	fw=60.085	COESITE	S=40.38	H=-905584	G=-850850	K=149.066
410	L427	p21	U	fw=None	$SiO_2$	S=0.42	H=2092	G=2134	K=0.374
411	L428	p21	-	fw=60.085	STISHOVITE	S=27.78	H=-861318	G=-802827	K=140.653
412	L429	p21	U	fw=None	$SiO_2$	S=0.42	H=2092	G=2134	K=0.374
413	L430	p21	-	fw=60.085	SILICON DIOXIDE GLASS	S=47.40	H=-903200	G=-850559	K=149.015
414	L431	p21	U	fw=None	$SiO_2$	S=0.21	H=2092	G=2134	K=2780.374
415	L432	p21	-	fw=348.798	SAMARIUM SESQUIOXIDE (MONOClinic)	S=151.04	H=-1822970	G=-1796690	K=314.774
416	L433	p21	U	fw=None	$Sm_2O_3$	S=4.20	H=2010	G=2020	K=0.354
417	L434	p21	-	fw=348.798	SAMARIUM SESQUIOXIDE (CUBIC)	S=	H=	G=	K=
418	L435	p21	U	fw=None	$Sm_2O_3$	S=	H=	G=	K=
419	L436	p21	-	fw=150.689	CASSITERITE	S=52.30	H=-580740	G=-519902	K=91.085
420	L437	p21	U	fw=None	$SnO_2$	S=1.25	H=628	G=753	K=0.132
421	L438	p21	-	fw=103.619	STRONTIUM OXIDE	S=55.52	H=-590490	G=-560353	K=98.172
422	L439	p21	U	fw=None	SrO	S=0.42	H=920	G=930	K=0.163
423	L440	p21	-	fw=441.893	DITANTALUM PENTOXIDE (BETA)	S=143.13	H=-2045976	G=-1910984	K=334.798
424	L441	p21	U	fw=None	$Ta_2O_5$	S=1.26	H=4184	G=4200	K=0.736
425	L443	p22	-	fw=365.849	TERBIUM SESQUIOXIDE (CUBIC)	S=156.90	H=-1865230	G=-1776553	K=311.246
426	L444	p22	U	fw=None	$Tb_{2}O_{3}$	S=4.20	H=8370	G=8400	K=1.472
427	L445	p22	-	fw=186.348	TERBIUM OXIDE	S=80.75	H=-953950	G=-938980	K=164.506
428	L446	p22	U	fw=None	$TbO_{1.714}$	S=4.20	H=4180	G=4200	K=0.736
429	L447	p22	-	fw=187.916	TERBIUM OXIDE	S=81.17	H=-960230	G=-942180	K=165.067
430	L448	p22	U	fw=None	$TbO_{1.812}$	S=4.20	H=4180	G=4200	K=0.736
431	L449	p22	-	fw=159.599	TELLURITE	S=79.50	H=-322590	G=-270370	K=47.370
432	L450	p22	U	fw=None	$TeO_{2}$	S=4.20	H=850	G=850	K=0.149
433	L451	p22	-	fw=264.037	THORIANITE	S=65.23	H=-1226410	G=-1168775	K=204.765
434	L452	p22	U	fw=None	$ThO_{2}$	S=0.21	H=3510	G=3510	K=0.615
435	L453	p22	-	fw=63.899	TITANIUM MONOXIDE	S=34.77	H=-542660	G=-513312	K=89.931
436	L454	p22	U	fw=None	TiO	S=2.10	H=12550	G=12550	K=2.199
437	L455	p22	-	fw=79.899	RUTILE	S=50.29	H=-944750	G=-889446	K=155.828
438	L456	p22	U	fw=None	$TiO_{2}$	S=0.17	H=1260	G=1030	K=0.180
439	L457	p22	-	fw=79.899	ANATASE	S=49.91	H=-938720	G=-883303	K=154.752
440	L458	p22	U	fw=None	$TiO_{2}$	S=0.29	H=2090	G=2090	K=0.366
441	L459	p22	-	fw=143.798	DITITANIUM TRIOXIDE	S=77.25	H=-1520884	G=-1433903	K=251.215
442	L460	p22	U	fw=None	$Ti_{2}O_{3}$	S=0.21	H=8368	G=8370	K=1.466
443	L461	p22	-	fw=223.697	TRITITANIUM PENTOXIDE (ALPHA)	S=129.37	H=-2459150	G=-2317411	K=406.003
444	L462	p22	U	fw=None	$Ti_{3}O_{5}$	S=1.67	H=4180	G=4600	K=0.806
445	L463	p22	-	fw=303.596	TETRATITANIUM HEPTOXIDE	S=198.74	H=-3404520	G=-3213166	K=562.936
446	L464	p22	U	fw=None	$Ti_{4}O_{7}$	S=12.00	H=6280	G=6280	K=1.100
447	L465	p22	-	fw=385.867	THULIUM SESQUIOXIDE	S=139.75	H=-1888660	G=-1794446	K=314.381
448	L466	p22	U	fw=None	$Tm_{2}O_{3}$	S=0.85	H=850	G=850	K=0.149
449	L467	p22	-	fw=270.028	URANINITE	S=77.03	H=-1084910	G=-1031770	K=180.763
450	L468	p22	U	fw=None	$UO_{2}$	S=0.24	H=1000	G=1000	K=0.175
451	L469	p22	-	fw=286.027	URANIUM TRIOXIDE (GAMMA)	S=98.62	H=-1223800	G=-1146461	K=200.856
452	L470	p22	U	fw=None	$UO_{3}$	S=0.25	H=800	G=1000	K=0.175
453	L471	p22	-	fw=66.941	VANADIUM MONOXIDE	S=39.01	H=-431790	G=-404219	K=70.818
454	L472	p22	U	fw=None	VO	S=0.85	H=6280	G=6280	K=1.100
455	L473	p22	-	fw=149.881	KARELIANITE	S=98.07	H=-1218800	G=-1139052	K=199.558
456	L474	p22	U	fw=None	$V_{2}O_{3}$	S=1.25	H=6280	G=6500	K=1.139
457	L475	p22	-	fw=165.880	DIVANADIUM TETROXIDE	S=103.52	H=-1427162	G=-1318457	K=230.989
458	L476	p22	U	fw=None	$V_{2}O_{4}$	S=2.09	H=6276	G=6500	K=1.139
459	L477	p22	-	fw=181.880	DIVANADIUM PENTOXIDE	S=130.54	H=-1550590	G=-1419435	K=248.680
460	L478	p22	U	fw=None	$V_{2}O_{5}$	S=2.09	H=6276	G=6300	K=1.104
461	L479	p22	-	fw=215.849	TUNGSTEN DIOXIDE	S=50.53	H=-589690	G=-533858	K=93.530
462	L480	p22	U	fw=None	$WO_{2}$	S=0.29	H=880	G=960	K=0.168
463	L481	p22	-	fw=231.848	TUNGSTEN TRIOXIDE	S=75.91	H=-842909	G=-764062	K=133.861
464	L482	p22	U	fw=None	$WO_{3}$	S=1.26	H=837	G=879	K=0.154
465	L483	p22	-	fw=225.810	YTTRIUM SESQUIOXIDE (CUBIC)	S=99.08	H=-1905310	G=-1816609	K=318.264
466	L484	p22	U	fw=None	$Y_{2}O_{3}$	S=4.20	H=2260	G=2400	K=0.420
467	L485	p22	-	fw=394.078	YTTERBIUM SESQUIOXIDE (CUBIC)	S=133.05	H=-1814600	G=-1726844	K=302.537
468	L486	p22	U	fw=None	$Yb_{2}O_{3}$	S=0.85	H=850	G=850	K=0.149
469	L487	p22	-	fw=81.379	ZINCITE	S=43.64	H=-350460	G=-320477	K=56.146
470	L488	p22	U	fw=None	ZnO	S=0.40	H=270	G=300	K=0.053
471	L489	p22	-	fw=123.219	BADDELEYITE	S=50.38	H=-1100560	G=-1042790	K=182.693
472	L490	p22	U	fw=None	$ZrO_{2}$	S=0.34	H=1674	G=1715	K=0.300
473	L491	p22	-	fw=181.861	TIALITE	S=109.62	H=	G=	K=
474	L492	p22	U	fw=None	$Al_{2}TiO_{5}$	S=0.84	H=	G=	K=
475	L493	p22	-	fw=126.974	CHRYSOBERYL	S=66.28	H=-2300780	G=-2178460	K=381.659
476	L494	p22	U	fw=None	$BeAl_{2}O_{4}$	S=0.13	H=2800	G=2800	K=0.149
477	L496	p23	-	fw=215.772	CALCIUM FERRITE $CaFe_{2}O_{4}$	S=145.350.84	H=-1520340120	G=-1412666120	K=247.4940.021
478	L497	p23	-	fw=271.851	DICALCIUM FERRITE $Ca_{2}Fe_{2}O_{5}$	S=188.781.26	H=-2139280850	G=-2001560850	K=350.6670.149
479	L498	p23	-	fw=135.978	PEROVSKITE $CaTiO_{3}$	S=93.640.42	H=-16606301715	G=-15752561757	K=275.9800.308
480	L499	p23	-	fw=240.797	COBALT SPINEL $Co_{3}O_{4}$	S=102.510.84	H=-8911908500	G=-7725538500	K=135.3491.489
481	L500	p23	-	fw=173.809	HERCYNITE $FeAl_{2}O_{6}$	S=106.270.84	H=-19664808500	G=-18507958500	K=324.2531.489
482	L501	p23	-	fw=223.837	CHROMITE $FeCr_{2}O_{4}$	S=146.021.67	H=	G=	K=
483	L502	p23	-	fw=151.745	ILMENITE $FeTiO_{3}$	S=105.861.25	H=-12366221590	G=-11591701632	K=203.0830.286
484	L503	p23	-	fw=223.592	TITANOMAGNETITE $Fe_{2}TiO_{4}$	S=168.872.51	H=	G=	K=
485	L504	p23	-	fw=239.591	PSEUDO BROOKITE $Fe_{2}TiO_{5}$	S=156.481.25	H=	G=	K=
486	L505	p23	-	fw=65.921	LITHIUM ALUMINATE (ALPHA) $LiAlO_{2}$	S=53.352.10	H=-11886704180	G=-11262764180	K=197.3200.732
487	L506	p23	-	fw=142.267	SPINEL $MgAl_{2}O_{4}$	S=80.630.42	H=-2299320750	G=-2174860760	K=381.0280.133
488	L507	p23	-	fw=192.295	PICROCHROMITE $MgCr_{2}O_{4}$	S=106.020.84	H=-1783640850	G=-1669079850	K=292.4170.149
489	L508	p23	-	fw=199.997	MAGNESIOFERRITE $MgFe_{2}O_{4}$	S=123.850.84	H=-14284201841	G=-13170041883	K=230.7350.330
490	L509	p23	-	fw=120.203	GEIKELITE $MgTiO_{3}$	S=74.560.42	H=-15727651130	G=-14843711172	K=260.0570.205
491	L510	p23	-	fw=234.392	TREVORITE $NiFe_{2}O_{4}$	S=131.800.84	H=-1081150850	G=-972940850	K=170.4560.149
492	L511	p23	-	fw=242.658	ZINC TITANIUM SPINEL $Zn_{2}TiO_{4}$	S=143.090.28	H=-16476602510	G=-15340352510	K=268.7580.440
493	L512	p23	-	fw=187.772	BROMARGYRITE	S=107.11	H=-100580	G=-97121	K=17.015
494	L513	p23	U	fw=None	AgBr	S=0.42	H=180	G=180	K=0.032
495	L514	p23	-	fw=119.002	POTASSIUM BROMIDE	S=95.90	H=-393460	G=-380061	K=66.585
496	L515	p23	U	fw=None	KBr	S=0.20	H=180	G=180	K=0.032
497	L516	p23	-	fw=247.428	STROMTIUM BROMIDE	S=135.10	H=-717560	G=-695908	K=121.921
498	L517	p23	U	fw=None	SrBr2	S=0.20	H=850	G=850	K=0.149
499	L518	p23	-	fw=287.612	TITANIUM TRIBROMIDE	S=176.44	H=-595380	G=-570732	K=99.990
500	L519	p23	U	fw=None	TiBr3	S=3.35	H=8370	G=8450	K=1.480
501	L520	p23	-	fw=143.321	CHLORANGYRITE	S=96.23	H=-127070	G=-109819	K=19.240
502	L521	p23	U	fw=None	AgCl	S=0.20	H=85	G=85	K=0.015
503	L522	p23	-	fw=110.986	HYDROPHILITE	S=104.60	H=-795800	G=-748063	K=131.058
504	L523	p23	U	fw=None	CaCl2	S=1.25	H=650	G=750	K=0.131
505	L524	p23	-	fw=126.753	LAWRENCITE	S=117.95	H=-341650	G=-302172	K=52.940
506	L525	p23	U	fw=None	FeCl2	S=0.42	H=420	G=420	K=0.074
507	L526	p23	-	fw=162.206	MOLYSITE	S=142.26	H=-399240	G=-333754	K=58.473
508	L527	p23	U	fw=None	FeCl3	S=0.42	H=420	G=1420	K=0.249
509	L528	p23	-	fw=36.461	HYDROGEN CHLORIDE	S=186.90	H=-92312	G=-95299	K=16.696
510	L529	p23	U	fw=None	HCI (IDEAL GAS)	S=0.03	H=130	G=130	K=0.023
511	L530	p23	-	fw=236.043	CALOMEL	S=96.23	H=-132610	G=-105415	K=18.469
512	L531	p23	U	fw=None	HgCl	S=1.25	H=1255	G=1339	K=0.235
513	L533	p24	-	fw=74.551	SYLVITE	S=82.59	H=-436470	G=-408554	K=71.577
514	L534	p24	U	fw=None	KCl	S=0.20	H=140	G=140	K=0.025
515	L535	p24	-	fw=95.211	CHLOROMAGNESITE	S=89.62	H=-641320	G=-591785	K=103.679
516	L536	p24	U	fw=None	$MgCl_{2}$	S=0.84	H=460	G=544	K=0.095
517	L537	p24	-	fw=125.844	SCACCHITE	S=118.24	H=-481290	G=-440488	K=77.172
518	L538	p24	U	fw=None	$MnCl_{2}$	S=0.21	H=837	G=879	K=0.154
519	L539	p24	-	fw=53.491	SALAMRONIAC	S=95.02	H=-315190	G=-203776	K=35.701
520	L540	p24	U	fw=None	$NH_{4}Cl$	S=0.40	H=290	G=290	K=0.051
521	L541	p24	-	fw=58.443	HALITE	S=72.12	H=-411260	G=-384212	K=67.313
522	L542	p24	U	fw=None	$NaCl$	S=0.21	H=110	G=110	K=0.019
523	L543	p24	-	fw=129.606	NICKEL CHLORIDE	S=97.66	H=-305330	G=-259030	K=45.381
524	L544	p24	U	fw=None	$NiCl_{2}$	S=0.21	H=80	G=80	K=0.014
525	L545	p24	-	fw=278.106	COTUNNITE	S=135.98	H=-359400	G=-314033	K=55.018
526	L546	p24	U	fw=None	$PbCl_{2}$	S=2.09	H=293	G=711	K=0.125
527	L547	p24	-	fw=154.259	TITANIUM TRICHLORIDE	S=139.75	H=-721740	G=-654507	K=114.667
528	L548	p24	U	fw=None	$TiCl_{3}$	S=1.26	H=4180	G=5020	K=0.879
529	L549	p24	-	fw=344.388	URANIUM TRICHLORIDE	S=158.95	H=-891190	G=-823820	K=144.330
530	L550	p24	U	fw=None	$UCl_{3}$	S=0.40	H=4000	G=5000	K=0.876
531	L551	p24	-	fw=379.841	URANIUM TETRACHLORIDE	S=196.60	H=-1018390	G=-928850	K=162.731
532	L552	p24	U	fw=None	$UCl_{4}$	S=0.50	H=3000	G=3000	K=0.526
533	L553	p24	-	fw=121.847	VANADIUM DICHLORIDE	S=97.07	H=-451870	G=-405661	K=71.074
534	L554	p24	U	fw=None	$VCl_{2}$	S=1.26	H=8500	G=8500	K=1.489
535	L555	p24	-	fw=157.300	VANADIUM TRICHLORIDE	S=130.96	H=-580740	G=-511399	K=89.595
536	L556	p24	U	fw=None	$VCl_{3}$	S=1.70	H=850	G=850	K=0.149
537	L557	p24	-	fw=83.977	ALUMINUM TRIFLUORIDE	S=66.48	H=-1510400	G=-1431076	K=250.720
538	L558	p24	U	fw=None	$AlF_{3}$	S=0.42	H=1300	G=1300	K=0.228
539	L559	p24	-	fw=78.077	FLUORITE	S=68.87	H=-1229260	G=-1176920	K=206.192
540	L560	p24	U	fw=None	$CaF_{2}$	S=0.34	H=420	G=420	K=0.074
541	L561	p24	-	fw=20.006	HYDROGEN FLUORIDE	S=173.78	H=-273300	G=-275400	K=48.249
542	L562	p24	U	fw=None	HF (IDEAL GAS)	S=0.04	H=700	G=700	K=0.123
543	L563	p24	-	fw=62.302	SELLAITE	S=57.25	H=-1124200	G=-1071064	K=187.647
544	L564	p24	U	fw=None	$MgF_{2}$	S=0.42	H=1200	G=1200	K=0.210
545	L565	p24	-	fw=41.988	VILLIAUMITE	S=51.30	H=-576550	G=-546319	K=95.713
546	L566	p24	U	fw=None	$NaF$	S=0.08	H=670	G=670	K=0.117
547	L567	p24	-	fw=209.942	CRYOLITE	S=238.45	H=-3309544	G=-3144915	K=550.978
548	L568	p24	U	fw=None	$Na_{3}AlF_{6}$	S=1.67	H=4180	G=4300	K=0.753
549	L569	p24	-	fw=314.023	URANIUM TETRAFLUORIDE	S=151.67	H=-1853500	G=-1762800	K=308.837
550	L570	p24	U	fw=None	$UF_{4}$	S=0.17	H=5000	G=5100	K=0.894
551	L571	p24	-	fw=234.772	IODARGYRITE	S=115.48	H=-61840	G=-66254	K=11.607
552	L572	p24	U	fw=None	$AgI$	S=1.67	H=1674	G=1757	K=0.308
553	L573	p24	-	fw=454.399	COCCINITE	S=181.33	H=-105437	G=-102203	K=17.906
554	L574	p24	U	fw=None	$HgI_{2}$	S=6.28	H=1674	G=2552	K=0.447
555	L575	p24	-	fw=197.349	WITHERITE	S=112.13	H=-1210850	G=-1132210	K=198.359
556	L576	p24	U	fw=None	$BaCO_{3}$	S=2.09	H=2230	G=2240	K=0.392
557	L577	p24	-	fw=100.089	ARAGONITE	S=87.99	H=-1207430	G=-1127793	K=197.586
558	L578	p24	U	fw=None	$CaCO_{3}$	S=0.20	H=1423	G=1464	K=0.256
559	L579	p24	-	fw=100.089	CALCITE	S=91.71	H=-1207370	G=-1128842	K=197.769
560	L580	p24	U	fw=None	$CaCO_{3}$	S=0.20	H=1339	G=1381	K=0.242
561	L581	p24	-	fw=100.089	VATERITE	S=	H=	G=-1125540	K=197.191
562	L582	p24	U	fw=None	$CaCO_{3}$	S=	H=	G=1500	K=0.263
563	L583	p24	-	fw=118.104	MONOHYDROCALCITE	S=	H=-1498290	G=-1361600	K=238.548
564	L584	p24	U	fw=None	$CaCO_{3} \cdot H_{2}O$	S=	H=1170	G=1130	K=0.198
565	L585	p24	-	fw=184.403	DOLOMITE	S=155.18	H=-2324480	G=-2161672	K=378.718
566	L586	p24	U	fw=None	$CaMg(CO_{3})_{2}$	S=0.29	H=1460	G=1670	K=0.293
567	L588	p25	-	fw=353.032	HUNTITE	S=299.53	H=-4529600	G=-4203425	K=736.426
568	L589	p25	U	fw=None	$CaHg_{3}(CO_{3})_{4}$	S=0.88	H=1570	G=1630	K=0.286
569	L590	p25	-	fw=172.409	OTAVITE	S=92.47	H=-750610	G=-669440	K=117.284
570	L591	p25	U	fw=None	$CdCO_{3}$	S=2.51	H=2510	G=2636	K=0.462
571	L592	p25	-	fw=221.116	HALACHITE	S=	H=-1053950	G=	K=
572	L593	p25	U	fw=None	$Cu_{2}(CO_{3})(OH)_{2}$	S=	H=2090	G=	K=
573	L594	p25	-	fw=344.671	AZURITE	S=	H=-1632180	G=	K=
574	L595	p25	U	fw=None	$Cu_{3}(OH)_{2}(CO_{3})_{2}$	S=	H=2000	G=	K=
575	L596	p25	-	fw=115.856	SIDERITE	S=105.0	H=-736985	G=-666698	K=116.803
576	L597	p25	U	fw=None	$FeCO_{3}$	S=2.5	H=2259	G=2092	K=0.367
577	L598	p25	-	fw=84.314	HAGNESITE	S=65.09	H=-1113280	G=-1029480	K=180.360
578	L599	p25	U	fw=None	$HgCO_{3}$	S=0.14	H=1339	G=1381	K=0.242
579	L600	p25	-	fw=138.360	MESQUEHOWITE	S=195.62	H=-1977260	G=-1723746	K=301.994
580	L601	p25	U	fw=None	$HgCO_{3} \cdot 3H_{2}O$	S=0.59	H=260	G=500'	K=0.088
581	L602	p25	-	fw=467.637	HYDROHAGNESITE	S=503.67	H=-6514860	G=-5864166	K=1027.382
582	L603	p25	U	fw=None	$SrHgO \cdot 4CO_{2} \cdot 5H_{2}O$	S=1.55	H=1060	G=1090	K=0.191
583	L604	p25	-	fw=196.679	ARTIWITE	S=232.92	H=-2920610	G=-2568346	K=449.966
584	L605	p25	U	fw=None	$Hg_{2}(OH)_{2}CO_{3} \cdot 3H_{2}O$	S=0.67	H=710	G=750	K=0.131
585	L606	p25	-	fw=114.947	RHODOCHROSITE	S=100.0	H=-889270	G=-816047	K=142.968
586	L607	p25	U	fw=None	$MnCO_{3}$	S=2.1	H=1213	G=1381	K=0.242
587	L608	p25	-	fw=143.996	DAWSONITE	S=132.00	H=-1963970	G=-1785990	K=312.900
588	L609	p25	U	fw=None	$NaAlCO_{3}(OH)_{2}$	S=0.50	H=2930	G=2950	K=0.517
589	L610	p25	-	fw=267.209	CERUSSITE	S=130.96	H=-699150	G=-625337	K=109.557
590	L611	p25	U	fw=None	$PbCO_{3}$	S=3.35	H=1172	G=1548	K=0.271
591	L612	p25	-	fw=147.629	STROWTIANITE	S=97.07	H=-1218680	G=-1137640	K=199.311
592	L613	p25	U	fw=None	$SrCO_{3}$	S=1.67	H=1450	G=1460	K=0.256
593	L614	p25	-	fw=125.389	SHITHSONITE	S=82.42	H=-812780	G=-731480	K=128.153
594	L615	p25	U	fw=None	$ZnCO_{3}$	S=1.25	H=2930	G=2970	K=0.521
595	L616	p25	-	fw=261.350	WITROBABITE	S=213.80	H=-992070	G=-796579	K=139.558
596	L617	p25	U	fw=None	$Ba(NO_{3})_{2}$	S=0.84	H=2100	G=2500	K=0.438
597	L618	p25	-	fw=164.090	CALCIUM NITRATE	S=193.30	H=-938390	G=-742985	K=130.168
598	L619	p25	U	fw=None	$Ca(NO_{3})_{2}$	S=0.40	H=1510	G=1760	K=0.308
599	L620	p25	-	fw=101.103	WITER	S=133.09	H=-494460	G=-394544	K=69.123
600	L621	p25	U	fw=None	$KNO_{3}$	S=0.67	H=420	G=420	K=0.074
601	L622	p25	-	fw=148.315	HAGNESIUM NITRATE	S=164.01	H=-790650	G=-589181	K=103.223
602	L623	p25	U	fw=None	$Mg(NO_{3})_{2}$	S=1.60	H=1300	G=1420	K=0.249
603	L624	p25	-	fw=80.043	ARMONIA-WITER	S=151.08	H=-365560	G=-183803	K=32.202
604	L625	p25	U	fw=None	$NH_{4}NO_{3}$	S=0.21	H=837	G=879	K=0.154
605	L626	p25	-	fw=84.995	SODA-WITER	S=116.52	H=-468020	G=-367153	K=64.324
606	L627	p25	U	fw=None	$NaNO_{3}$	S=0.68	H=420	G=420	K=0.074
607	L628	p25	-	fw=211.630	STROWTIUM NITRATE	S=194.56	H=-978220	G=-779086	K=136.493
608	L629	p25	U	fw=None	$Sr(NO_{3})_{2}$	S=0.50	H=1000	G=1300	K=0.228
609	L630	p25	-	fw=396.182	ALUMINUM SULPATE	S=239.32	H=-3440840	G=-3099852	K=543.084
610	L631	p25	U	fw=None	$Al_{2}(SO_{4})_{3}$	S=1.20	H=1800	G=1880	K=0.329
611	L632	p25	-	fw=233.398	BARITE	S=132.21	H=-1473190	G=-1362186	K=238.650
612	L633	p25	U	fw=None	$BaSO_{4}$	S=0.84	H=1000	G=1300	K=0.228
613	L634	p25	-	fw=136.138	AMHYDRITE	S=106.69	H=-1434110	G=-1321696	K=231.557
614	L635	p25	U	fw=None	$CaSO_{4}$	S=1.67	H=4226	G=4184	K=0.733
615	L636	p25	-	fw=172.168	GYPSUN	S=194.14	H=-2022628	G=-1797197	K=314.863
616	L637	p25	U	fw=None	$CaSO_{4} \cdot 2H_{2}O$	S=1.25	H=4644	G=4602	K=0.806
617	L638	p25	-	fw=159.604	CHALCOCTAWITE	S=109.50	H=-771360	G=-662310	K=116.034
618	L639	p25	U	fw=None	$CuSO_{4}$	S=0.60	H=1300	G=1400	K=0.245
619	L641	p26	-	fw=249.680	CHALCANTHITE $CuSO_{4} \cdot 5H_{2}O$	S=300.414.18	H=-22796503347	G=-18797963598	K=329.3340.630
620	L642	p26	-	fw=452.285	BROCHANTITE $Cu_{x}SO_{x}(OH)_{x}$	S=	H=	G=-18179502510	K=318.4990.440
621	L643	p26	-	fw=453.912	FERRIC SULFATE $Fe_{2}(SO_{4})_{3}$	S=282.840.85	H=-25769302930	G=-22495553010	K=394.1140.527
622	L644	p26	-	fw=169.920	SZOMOLNOKITE $FeSO_{4} \cdot H_{2}O$	S=	H=-1243900500	G=	K=
623	L645	p26	-	fw=278.011	HELANTERITE $FeSO_{4} \cdot 7H_{2}O$	S=409.201.30	H=-3014400600	G=-25096411300	K=439.6810.228
624	L646	p26	-	fw=98.073	SULFUBIC ACID (LIQUID) $H_{2}SO_{4}$	S=156.900.21	H=-813990418	G=-689995460	K=120.8850.081
625	L647	p26	-	fw=174.254	ARCANITE $K_{2}SO_{4}$	S=175.560.35	H=-1437700540	G=-1319662540	K=231.2000.095
626	L648	p26	-	fw=294.226	POTASSIUM ALUMINUM SULFATE $KAl(SO_{4})_{2}$	S=204.601.26	H=-24701501300	G=-22397901380	K=392.4040.242
627	L649	p26	-	fw=900.467	ALUNITE $K_{2}Al_{6}(OH)_{12}(SO_{4})_{4}$	S=656.053.77	H=	G=	K=
628	L650	p26	-	fw=246.469	EPSONITE $MgSO_{4} \cdot 7H_{2}O$	S=372.004.00	H=-3388700120	G=-2871240850	K=503.0320.149
629	L651	p26	-	fw=150.996	HANGANESE SULFATE $MnSO_{4}$	S=112.130.85	H=-10652501050	G=-9573261300	K=167.7200.228
630	L652	p26	-	fw=132.134	HASCAGNITE $(NH_{4})_{2}SO_{4}$	S=220.081.25	H=-11808501255	G=-9016771339	K=157.9710.235
631	L653	p26	-	fw=115.104	AMMONIUM BISULFATE $NH_{4}HSO_{4}$	S=	H=	G=	K=
632	L654	p26	-	fw=142.037	THENABDITE $Na_{2}SO_{4}$	S=149.580.08	H=-1387790420	G=-1269985420	K=222.4970.074
633	L655	p26	-	fw=322.189	MIRABILITE $Na_{2}SO_{4} \cdot 10H_{2}O$	S=591.900.60	H=-43272503970	G=-36465403350	K=638.8610.587
634	L656	p26	-	fw=262.849	RETGEBSITE (ALPHA, GREEN) $NiSO_{4} \cdot 6H_	S=334.500.40	H=-2682800120	G=-2224542120	K=389.7320.021
635	L657	p26	-	fw=280.864	MORENOSITE $NiSO_{4} \cdot 7H_{2}O$	S=378.900.40	H=-2976300120	G=-2461735120	K=431.2880.021
636	L658	p26	-	fw=303.258	ANGLESITE $PbSO_{4}$	S=148.570.29	H=-9199401088	G=-8130261046	K=142.4390.183
637	L659	p26	-	fw=183.678	CELESTITE $SrSO_{4}$	S=118.004.20	H=-14531704200	G=-13409704000	K=234.9330.701
638	L660	p26	-	fw=161.438	ZINKOSITE $ZnSO_{4}$	S=110.461.25	H=-982820837	G=-871530962	K=152.6890.169
639	L661	p26	-	fw=269.529	BIANCHITE $ZnSO_{4} \cdot 6H_{2}O$	S=363.601.30	H=-2777460120	G=-2324372120	K=407.2220.021
640	L662	p26	-	fw=287.544	GOSLARITE $ZnSO_{4} \cdot 7H_{2}O$	S=388.701.30	H=-3077800120	G=-2562652120	K=448.9680.021
641	L663	p26	-	fw=381.367	BORAX $Na_{2}B_{4}O_{7} \cdot 10H_{2}O$	S=	H=-62789008500	G=	K=
642	L664	p26	-	fw=121.953	BERLINITE	S=90.79	H=-1716400	G=-1605875	K=281.344
643	L665	p26	U	fw=None	$AlPO_{4}$	S=0.21	H=2092	G=2134	K=0.374
644	L666	p26	-	fw=346.213	WHITLOCKITE	S=235.98	H=-4085925	G=-3860760	K=676.394
645	L667	p26	U	fw=None	$Ca_{3}(PO_{4})_{2}$	S=0.84	H=2100	G=2200	K=0.385
646	L668	p26	-	fw=556.367	HYDROXYAPATITE	S=390.37	H=-6669259	G=-6286093	K=1101.302
647	L669	p26	U	fw=None	$Ca_{3}(PO_{4})_{3}OH$	S=1.67	H=5000	G=5000	K=0.876
648	L671	p27	-	fw=558.358	FLUORAPATITE $Ca_2(PO_4)_3F$	S=387.86	H=-6819860	G=-6455778	K=1131.033
649	L673	p27	-	fw=204.864	STRENGITE $FePO_4 \cdot 2H_2O$	S=171.25	H=-1870790	G=-1645483	K=288.284
650	L675	p27	-	fw=200.018	POWELLITE $CaMoO_4$	S=122.59	H=-1541390	G=-1434652	K=251.346
651	L677	p27	-	fw=367.138	WULFENITE $PbMoO_4$	S=166.10	H=-1051860	G=-951108	K=166.631
652	L679	p27	-	fw=567.837	DICESIUM URANATE $Cs_2UO_4$	S=219.66	H=-1920000	G=-1797300	K=314.881
653	L681	p27	-	fw=348.006	DISODIUM URANATE (ALPHA) $Na_2UO_4$	S=166.32	H=-1887000	G=-1768600	K=309.853
654	L683	p27	-	fw=370.996	TRISODIUM URANIUM OXIDE $Na_3UO_4$	S=198.20	H=-2021500	G=-1897400	K=332.418
655	L685	p27	-	fw=287.928	SCHEELITE $CaWO_4$	S=126.40	H=-1645150	G=-1538361	K=269.516
656	L687	p27	-	fw=303.695	FERBERITE $FeWO_4$	S=131.80	H=-1154780	G=-1053880	K=184.636
657	L689	p27	-	fw=302.786	HUEBNERITE $MnWO_4$	S=132.50	H=	G=	K=
658	L691	p27	-	fw=455.048	STOLZITE $PbWO_4$	S=168.20	H=	G=	K=
659	L693	p27	-	fw=313.228	SANMARTINITE $ZnWO_4$	S=119.29	H=-1232610	G=-1123700	K=196.868
660	L695	p27	-	fw=162.047	KYANITE $Al_{2}SiO_{5}$	S=83.76	H=-2591730	G=-2441276	K=427.703
661	L697	p27	-	fw=162.047	ANDALUSITE $Al_{2}SiO_{5}$	S=93.22	H=-2587525	G=-2439892	K=427.458
662	L699	p27	-	fw=162.047	SILLIMANITE $Al_{2}SiO_{5}$	S=96.11	H=-2585760	G=-2438988	K=427.302
663	L701	p27	-	fw=426.056	MULLITE (3-2) $3Al_{2}O_{3} \cdot 2SiO_{2}$	S=269.57	H=-6810421	G=-6431286	K=1126.739
664	L703	p27	-	fw=110.108	PHENACITE $Be_{2}SiO_{4}$	S=64.31	H=	G=	K=
665	L705	p27	-	fw=172.244	LARNITE $Ca_{2}SiO_{4}$	S=127.61	H=-2305980	G=-2191264	K=383.902
666	L707	p27	-	fw=172.244	CALCIUM OLIVINE $Ca_{2}SiO_{4}$	S=120.50	H=-2316620	G=-2199784	K=385.395
667	L709	p27	-	fw=274.206	GEHLENITE $Ca_{2}Al_{2}SiO_{7}$	S=209.80	H=-4007570	G=-3808705	K=667.272
668	L711	p27	-	fw=450.455	GROSSULAR $Ca_{3}Al_{2}Si_{3}O_{12}$	S=255.50	H=-6643140	G=-6281359	K=1100.475
669	L713	p27	-	fw=314.242	LAWSONITE $CaAl_{2}Si_{2}O_{7}(OH)_{2} \cdot 	S=237.61	H=-4879060	G=-4525617	K=792.873
670	L715	p27	-	fw=156.469	MONTICELLITE $CaMgSiO_{4}$	S=102.51	H=-2262705	G=-2143174	K=375.477
671	L717	p27	-	fw=328.712	MERWINITE $Ca_{3}Mg(SiO_{4})_{2}$	S=253.13	H=-4566790	G=-4339403	K=760.249
672	L719	p27	-	fw=272.633	AKERMANITE $Ca_{2}MgSi_{2}O_{7}$	S=209.33	H=-3876520	G=-3679069	K=644.560
673	L721	p27	-	fw=196.063	TITANITE (SPHENE) $CaTiSiO_{5}$	S=129.20	H=-2601400	G=-2459855	K=430.958
674	L723	p27	-	fw=203.778	FAYALITE $Fe_{2}SiO_{4}$	S=148.32	H=-1479360	G=-1379375	K=241.662
675	L726	p28	-	fw=140.694	FORSTERITE $Mg_{2}SiO_{4}$	S=95.19	H=-2170370	G=-2051325	K=359.385
676	L728	p28	-	fw=403.130	PYROPE $Mg_{3}Al_{2}Si_{3}O_{12}$	S=260.76	H=-6284620	G=-5932412	K=1039.341
677	L730	p28	-	fw=584.957	CORDIERITE $Mg_{2}Al_{3}(AlSi_{5}O_{18})$	S=407.2	H=-9161524	G=-8651112	K=1515.645
678	L732	p28	-	fw=201.960	TEPHROITE $Mn_{2}SiO_{4}$	S=163.2	H=-1728070	G=-1629695	K=285.517
679	L734	p28	-	fw=222.844	WILLEHITE $Zn_{2}SiO_{4}$	S=131.38	H=-1636530	G=-1522936	K=266.813
680	L736	p28	-	fw=183.304	ZIRCON $ZrSiO_{4}$	S=84.03	H=-2033400	G=-1918890	K=336.183
681	L738	p28	-	fw=116.164	WOLLASTONITE $CaSiO_{3}$	S=82.01	H=-1635220	G=-1549903	K=271.538
682	L740	p28	-	fw=116.164	PSEUDOWOLLASTONITE $CaSiO_{3}$	S=87.45	H=-1628650	G=-1544955	K=270.669
683	L742	p28	-	fw=218.126	CA-AL PYROXENE $CaAl_{2}SiO_{6}$	S=156.00	H=-3275680	G=-3103770	K=543.770
684	L744	p28	-	fw=216.553	DIOPSIDE $CaMg(SiO_{3})_{2}$	S=143.09	H=-3210760	G=-3036554	K=531.994
685	L746	p28	-	fw=186.090	ALPHA SPODUMENE $LiAlSi_{2}O_{6}$	S=129.30	H=-3053500	G=-2880203	K=504.602
686	L748	p28	-	fw=186.090	BETA SPODUMENE $LiAlSi_{2}O_{6}$	S=154.40	H=-3025300	G=-2859487	K=500.972
687	L750	p28	-	fw=126.006	EUCRYPTITE $LiAlSiO_{4}$	S=103.80	H=-2123300	G=-2009174	K=352.000
688	L752	p28	-	fw=100.389	CLINOENSTATITE $MgSiO_{3}$	S=67.86	H=-1547750	G=-1460883	K=255.942
689	L754	p28	-	fw=131.022	RHODONITE $MnSiO_{3}$	S=102.5	H=-1319350	G=-1243081	K=217.784
690	L756	p28	-	fw=202.140	JADEITE $NaAl(SiO_{3})_{2}$	S=133.47	H=-3029400	G=-2850834	K=499.456
691	L758	p28	-	fw=812.374	TREMOLITE $Ca_{2}Hg_{5}[Si_{8}O_{22}](OH)_{2}	S=548.90	H=-12355080	G=-11627910	K=2037.170
692	L760	p28	-	fw=278.211	ANORTHITE $CaAl_{2}Si_{2}O_{8}$	S=199.30	H=-4229100	G=-4003326	K=701.371
693	L762	p28	-	fw=278.211	HEXAGONAL ANORTHITE $CaAl_{2}Si_{2}O_{8}$	S=214.80	H=-4222575	G=-4001420	K=701.035
694	L764	p28	-	fw=278.211	$CaAl_{2}Si_{2}O_{8}$ GLASS $CaAl_{2}Si_{2}O_	S=237.30	H=-4157300	G=-3942856	K=690.777
695	L766	p28	-	fw=922.867	LEONHARDITE $Ca_{2}Al_{4}Si_{2}O_{24} \cdot 7	S=922.2	H=-14246460	G=-13197115	K=2312.078
696	L768	p28	-	fw=278.333	MICROCLINE $KAlSi_{3}O_{8}$	S=214.20	H=-3967690	G=-3742330	K=655.644
697	L770	p28	-	fw=278.333	HIGH SANIDINE $KAlSi_{3}O_{8}$	S=232.90	H=-3959560	G=-3739776	K=655.196
698	L772	p28	-	fw=278.333	$KAlSi_{3}O_{8}$ GLASS $KAlSi_{3}O_{8}$	S=261.60	H=-3914740	G=-3703513	K=648.843
699	L774	p28	-	fw=158.164	KALIOPHILLITE $KAlSiO_{4}$	S=133.26	H=-2121920	G=-2005975	K=351.440
700	L777	p28	-	fw=$\Delta H_{f}^{0}$	$S$	S=$C_p^{0}$	H=	G=	K=
701	L779	p29	-	fw=218.248	LEUCITE	S=200.20	H=-3038650	G=-2875890	K=503.846
702	L780	p29	U	fw=None	$KAlSi_{2}O_{6}$	S=1.70	H=2755	G=2850	K=0.499
703	L781	p29	-	fw=262.225	LOW ALBITE	S=207.40	H=-3935120	G=-3711722	K=650.281
704	L782	p29	U	fw=None	$NaAlSi_{3}O_{8}$	S=0.40	H=3415	G=3435	K=0.602
705	L783	p29	-	fw=262.225	ANALBITE	S=226.40	H=-3924240	G=-3706507	K=649.367
706	L784	p29	U	fw=None	$NaAlSi_{3}O_{8}$	S=0.40	H=3640	G=3660	K=0.641
707	L785	p29	-	fw=262.225	$NaAlSi_{3}O_{8}$ GLASS	S=251.90	H=-3875460	G=-3665330	K=642.153
708	L786	p29	U	fw=None	$NaAlSi_{3}O_{8}$	S=1.50	H=3700	G=3720	K=0.652
709	L787	p29	-	fw=142.055	NEPHELINE	S=124.35	H=-2092110	G=-1977498	K=346.449
710	L788	p29	U	fw=None	$NaAlSiO_4$	S=1.25	H=2420	G=2450	K=0.363
711	L789	p29	-	fw=145.277	NEPHELINE	S=	H=-2110290	G=	K=
712	L790	p29	U	fw=None	$Na_{76}K_{22}AlSiO_4$	S=	H=2040	G=	K=
713	L791	p29	-	fw=220.155	ANALCIME	S=234.43	H=-3309839	G=-3091730	K=541.661
714	L792	p29	U	fw=None	$NaAlSi_{2}O_{6} \cdot H_{2}O$	S=2.51	H=3598	G=3682	K=0.645
715	L793	p29	-	fw=202.140	DEHYDRATED ANALCIME	S=175.40	H=	G=	K=
716	L794	p29	U	fw=None	$NaAlSi_{2}O_{6}$	S=1.70	H=	G=	K=
717	L796	p29	-	fw=258.162	DICKITE	S=197.07	H=-4118840	G=-3796305	K=665.100
718	L797	p29	U	fw=None	$Al_{2}Si_{2}O_{5}(OH)_{4}$	S=1.25	H=3766	G=3807	K=0.667
719	L798	p29	-	fw=258.162	KAOLINITE	S=203.05	H=-4120114	G=-3799364	K=665.636
720	L799	p29	U	fw=None	$Al_{2}Si_{2}O_{5}(OH)_{4}$	S=1.25	H=3975	G=4017	K=0.704
721	L800	p29	-	fw=258.162	HALLOYSITE	S=203.00	H=-4101480	G=-3780713	K=662.368
722	L801	p29	U	fw=None	$Al_{2}Si_{2}O_{5}(OH)_{4}$	S=1.30	H=2930	G=3010	K=0.527
723	L802	p29	-	fw=398.311	MUSCOWITE	S=334.6	H=-5976740	G=-5600671	K=981.219
724	L803	p29	U	fw=None	$KAl_{2}[AlSi_{3}O_{10}](OH)_{2}$	S=1.0	H=3225	G=3290	K=0.576
725	L804	p29	-	fw=417.262	PHLOGOPITE	S=319.66	H=	G=	K=
726	L805	p29	U	fw=None	$Kg_{3}[AlSi_{3}O_{10}](OH)_{2}$	S=4.18	H=	G=	K=
727	L806	p29	-	fw=421.244	FLUORPHLOGOPITE	S=336.30	H=-6392880	G=-6053067	K=1060.477
728	L807	p29	U	fw=None	$Kg_{3}(AlSi_{3}O_{10})F_{2}$	S=2.10	H=3660	G=3800	K=0.666
729	L808	p29	-	fw=1553.675	ILLITE	S=1104.20	H=	G=	K=
730	L809	p29	U	fw=None	$(Al_{7}Mg)(Si_{14}Al_{2})O_{40}(OH)_{8}$	S=0.60	H=	G=	K=
731	L810	p29	-	fw=379.268	TALC	S=260.83	H=-5915900	G=-5536048	K=969.897
732	L811	p29	U	fw=None	$Mg_{3}Si_{4}O_{10}(OH)_{2}$	S=0.63	H=4330	G=4350	K=0.762
733	L812	p29	-	fw=360.317	PYROPHYLLITE	S=239.40	H=-5639800	G=-5265884	K=922.567
734	L813	p29	U	fw=None	$Al_{2}Si_{4}O_{10}(OH)_{2}$	S=0.40	H=3950	G=3960	K=0.694
735	L814	p29	-	fw=277.113	CHRYSOTILE	S=221.30	H=-4361660	G=-4034024	K=706.747
736	L815	p29	U	fw=None	$Mg_{3}Si_{2}O_{5}(OH)_{4}$	S=0.80	H=3480	G=3500	K=0.613
