source_id,experiment_id,origin_observation,origin_row,inheriting_observation_id,quantity,species,evidence,different_material,is_comparison_candidate
kems-010-richter-2007,10.1016/j.gca.2007.09.005::kems-010-richter-2007,kems-010-richter-2007::richter_2007_mg_rate_series_geometry,values.composition_wt_pct,kems-010-richter-2007::richter_2007_al_non_loss_until_mg_exhausted,unknown,Al,measured_direct,no,no
kems-010-richter-2007,10.1016/j.gca.2007.09.005::kems-010-richter-2007,kems-010-richter-2007::richter_2007_mg_rate_series_geometry,values.composition_wt_pct,kems-010-richter-2007::richter_2007_al_quoted_non_loss_bound,unknown,Al,measured_direct,cannot tell from the extract,yes
kems-010-richter-2007,10.1016/j.gca.2007.09.005::kems-010-richter-2007,kems-010-richter-2007::richter_2007_mg_rate_series_geometry,values.composition_wt_pct,kems-010-richter-2007::richter_2007_ca_non_loss_until_mg_exhausted,unknown,Ca,measured_direct,no,no
kems-010-richter-2007,10.1016/j.gca.2007.09.005::kems-010-richter-2007,kems-010-richter-2007::richter_2007_mg_rate_series_geometry,values.composition_wt_pct,kems-010-richter-2007::richter_2007_ca_quoted_non_loss_bound,unknown,Ca,measured_direct,cannot tell from the extract,yes
kems-010-richter-2007,10.1016/j.gca.2007.09.005::kems-010-richter-2007,kems-010-richter-2007::richter_2007_mg_rate_series_geometry,values.composition_wt_pct,kems-010-richter-2007::richter_2007_mg_cai_langmuir_alpha_arrhenius,evaporation_coefficient_alpha,Mg,unknown,no,no
kems-010-richter-2007,10.1016/j.gca.2007.09.005::kems-010-richter-2007,kems-010-richter-2007::richter_2007_mg_rate_series_geometry,values.composition_wt_pct,kems-010-richter-2007::richter_2007_mg_quoted_fits,unknown,Mg,model_derived,cannot tell from the extract,no
kems-010-richter-2007,10.1016/j.gca.2007.09.005::kems-010-richter-2007,kems-010-richter-2007::richter_2007_mg_rate_series_geometry,values.composition_wt_pct,kems-010-richter-2007::richter_2007_sio_cai_langmuir_alpha_arrhenius,evaporation_coefficient_alpha,SiO,unknown,no,no
kems-010-richter-2007,10.1016/j.gca.2007.09.005::kems-010-richter-2007,kems-010-richter-2007::richter_2007_mg_rate_series_geometry,values.composition_wt_pct,kems-010-richter-2007::richter_2007_sio_quoted_fits,unknown,SiO,model_derived,cannot tell from the extract,no
kems-010-richter-2007,10.1016/j.gca.2007.09.005::kems-010-richter-2007,kems-010-richter-2007::richter_2007_mg_rate_series_geometry,values.composition_wt_pct,kems-010-richter-2007::richter_2007_table2_3537_1,unknown,Mg,model_derived,yes,no
kems-010-richter-2007,10.1016/j.gca.2007.09.005::kems-010-richter-2007,kems-010-richter-2007::richter_2007_mg_rate_series_geometry,values.composition_wt_pct,kems-010-richter-2007::richter_2007_table2_e107,unknown,Mg,model_derived,yes,no
kems-010-richter-2007,10.1016/j.gca.2007.09.005::kems-010-richter-2007,kems-010-richter-2007::richter_2007_mg_rate_series_geometry,values.composition_wt_pct,kems-010-richter-2007::richter_2007_table2_f2_ts65,unknown,Mg,model_derived,yes,no
kems-010-richter-2007,10.1016/j.gca.2007.09.005::kems-010-richter-2007,kems-010-richter-2007::richter_2007_mg_rate_series_geometry,values.composition_wt_pct,kems-010-richter-2007::richter_2007_table2_golfball,unknown,Mg,model_derived,yes,no
kems-010-richter-2007,10.1016/j.gca.2007.09.005::kems-010-richter-2007,kems-010-richter-2007::richter_2007_mg_rate_series_geometry,values.composition_wt_pct,kems-010-richter-2007::richter_2007_table2_ts33,unknown,Mg,model_derived,yes,no
kems-010-richter-2007,10.1016/j.gca.2007.09.005::kems-010-richter-2007,kems-010-richter-2007::richter_2007_mg_rate_series_geometry,values.composition_wt_pct,kems-010-richter-2007::richter_2007_table2_ts34,unknown,Mg,model_derived,yes,no
kems-015-hashimoto-1983,10.2343/geochemj.17.111::kems-015-hashimoto-1983,kems-015-hashimoto-1983::hashimoto_1983_fe_fcmas_free_evap_geometry,values.composition_wt_pct,kems-015-hashimoto-1983::hashimoto_1983_alpha_hertz_knudsen_assumed_unity_ratio_quoted,unknown,Fe,model_derived,no,no
kems-015-hashimoto-1983,10.2343/geochemj.17.111::kems-015-hashimoto-1983,kems-015-hashimoto-1983::hashimoto_1983_fe_fcmas_free_evap_geometry,values.composition_wt_pct,kems-015-hashimoto-1983::hashimoto_1983_cao_al2o3_residue_enrichment,unknown,Ca,measured_direct,no,yes
kems-015-hashimoto-1983,10.2343/geochemj.17.111::kems-015-hashimoto-1983,kems-015-hashimoto-1983::hashimoto_1983_fe_fcmas_free_evap_geometry,values.composition_wt_pct,kems-015-hashimoto-1983::hashimoto_1983_derived_feo_activation_energy_quoted,unknown,Fe,model_derived,no,no
kems-015-hashimoto-1983,10.2343/geochemj.17.111::kems-015-hashimoto-1983,kems-015-hashimoto-1983::hashimoto_1983_fe_fcmas_free_evap_geometry,values.composition_wt_pct,kems-015-hashimoto-1983::hashimoto_1983_derived_mgo_activation_energy,unknown,Mg,model_derived,no,no
kems-015-hashimoto-1983,10.2343/geochemj.17.111::kems-015-hashimoto-1983,kems-015-hashimoto-1983::hashimoto_1983_fe_fcmas_free_evap_geometry,values.composition_wt_pct,kems-015-hashimoto-1983::hashimoto_1983_derived_mgo_activation_energy_quoted,unknown,Mg,model_derived,no,no
kems-015-hashimoto-1983,10.2343/geochemj.17.111::kems-015-hashimoto-1983,kems-015-hashimoto-1983::hashimoto_1983_fe_fcmas_free_evap_geometry,values.composition_wt_pct,kems-015-hashimoto-1983::hashimoto_1983_derived_sio2_activation_energy,unknown,SiO,model_derived,no,no
kems-015-hashimoto-1983,10.2343/geochemj.17.111::kems-015-hashimoto-1983,kems-015-hashimoto-1983::hashimoto_1983_fe_fcmas_free_evap_geometry,values.composition_wt_pct,kems-015-hashimoto-1983::hashimoto_1983_derived_sio2_activation_energy_quoted,unknown,SiO,model_derived,no,no
kems-015-hashimoto-1983,10.2343/geochemj.17.111::kems-015-hashimoto-1983,kems-015-hashimoto-1983::hashimoto_1983_fe_fcmas_free_evap_geometry,values.composition_wt_pct,kems-015-hashimoto-1983::hashimoto_1983_fcmas_qualitative_volatility_order,unknown,Fe,measured_direct,no,yes
kems-015-hashimoto-1983,10.2343/geochemj.17.111::kems-015-hashimoto-1983,kems-015-hashimoto-1983::hashimoto_1983_fe_fcmas_free_evap_geometry,values.composition_wt_pct,kems-015-hashimoto-1983::hashimoto_1983_mg_fcmas_free_evap_geometry,unknown,Mg,unknown,no,no
kems-015-hashimoto-1983,10.2343/geochemj.17.111::kems-015-hashimoto-1983,kems-015-hashimoto-1983::hashimoto_1983_fe_fcmas_free_evap_geometry,values.composition_wt_pct,kems-015-hashimoto-1983::hashimoto_1983_mg_geometry_class_b1,unknown,Mg,measured_direct,no,yes
kems-015-hashimoto-1983,10.2343/geochemj.17.111::kems-015-hashimoto-1983,kems-015-hashimoto-1983::hashimoto_1983_fe_fcmas_free_evap_geometry,values.composition_wt_pct,kems-015-hashimoto-1983::hashimoto_1983_sio_fcmas_free_evap_geometry,unknown,SiO,unknown,no,no
kems-015-hashimoto-1983,10.2343/geochemj.17.111::kems-015-hashimoto-1983,kems-015-hashimoto-1983::hashimoto_1983_fe_fcmas_free_evap_geometry,values.composition_wt_pct,kems-015-hashimoto-1983::hashimoto_1983_sio_geometry_class_b1,unknown,SiO,measured_direct,no,yes
kems-015-hashimoto-1983,10.2343/geochemj.17.111::kems-015-hashimoto-1983,kems-015-hashimoto-1983::hashimoto_1983_fe_fcmas_free_evap_geometry,values.composition_wt_pct,kems-015-hashimoto-1983::hashimoto_1983_stage_iv_cao_relative_volatility,unknown,Ca,measured_direct,no,yes
kems-015-hashimoto-1983,10.2343/geochemj.17.111::kems-015-hashimoto-1983,kems-015-hashimoto-1983::hashimoto_1983_fe_fcmas_free_evap_geometry,values.composition_wt_pct,kems-015-hashimoto-1983::hashimoto_1983_table1_starting_composition,unknown,Fe,measured_direct,no,yes
kems-015-hashimoto-1983,10.2343/geochemj.17.111::kems-015-hashimoto-1983,kems-015-hashimoto-1983::hashimoto_1983_fe_fcmas_free_evap_geometry,values.composition_wt_pct,kems-015-hashimoto-1983::hashimoto_1983_table6_feo_vaporization_enthalpies_quoted,unknown,Fe,model_derived,yes,no
kems-015-hashimoto-1983,10.2343/geochemj.17.111::kems-015-hashimoto-1983,kems-015-hashimoto-1983::hashimoto_1983_fe_fcmas_free_evap_geometry,values.composition_wt_pct,kems-015-hashimoto-1983::hashimoto_1983_table6_mgo_vaporization_enthalpies,unknown,Mg,compilation_assessed,yes,no
kems-015-hashimoto-1983,10.2343/geochemj.17.111::kems-015-hashimoto-1983,kems-015-hashimoto-1983::hashimoto_1983_fe_fcmas_free_evap_geometry,values.composition_wt_pct,kems-015-hashimoto-1983::hashimoto_1983_table6_mgo_vaporization_enthalpies_quoted,unknown,Mg,model_derived,yes,no
kems-015-hashimoto-1983,10.2343/geochemj.17.111::kems-015-hashimoto-1983,kems-015-hashimoto-1983::hashimoto_1983_fe_fcmas_free_evap_geometry,values.composition_wt_pct,kems-015-hashimoto-1983::hashimoto_1983_table6_sio2_vaporization_enthalpies,unknown,SiO,compilation_assessed,yes,no
kems-015-hashimoto-1983,10.2343/geochemj.17.111::kems-015-hashimoto-1983,kems-015-hashimoto-1983::hashimoto_1983_fe_fcmas_free_evap_geometry,values.composition_wt_pct,kems-015-hashimoto-1983::hashimoto_1983_table6_sio2_vaporization_enthalpies_quoted,unknown,SiO,model_derived,yes,no
kems-137-bischof-2023,10.1016/j.gca.2023.08.027::experiment::an-di-1-low,kems-137-bischof-2023::bischof_2023_gao15_gamma_s2_1low_isotherm,equipment.starting_glass_wt_pct,kems-137-bischof-2023::bischof_2023_ga_psat_s1_1low_polytherm::T=1586.4:h=d7dddfc9ba1e,p_partial,Ga,measured_direct,no,yes
kems-137-bischof-2023,10.1016/j.gca.2023.08.027::experiment::an-di-1-low,kems-137-bischof-2023::bischof_2023_gao15_gamma_s2_1low_isotherm,equipment.starting_glass_wt_pct,kems-137-bischof-2023::bischof_2023_ga_psat_s1_1low_polytherm::T=1598.0:h=2cd4bd7cfe96,p_partial,Ga,measured_direct,no,yes
kems-137-bischof-2023,10.1016/j.gca.2023.08.027::experiment::an-di-1-low,kems-137-bischof-2023::bischof_2023_gao15_gamma_s2_1low_isotherm,equipment.starting_glass_wt_pct,kems-137-bischof-2023::bischof_2023_ga_psat_s1_1low_polytherm::T=1608.6:h=b9dae2d4d4f2,p_partial,Ga,measured_direct,no,yes
kems-137-bischof-2023,10.1016/j.gca.2023.08.027::experiment::an-di-1-low,kems-137-bischof-2023::bischof_2023_gao15_gamma_s2_1low_isotherm,equipment.starting_glass_wt_pct,kems-137-bischof-2023::bischof_2023_ga_psat_s1_1low_polytherm::T=1619.2:h=d2f65843657e,p_partial,Ga,measured_direct,no,yes
kems-137-bischof-2023,10.1016/j.gca.2023.08.027::experiment::an-di-1-low,kems-137-bischof-2023::bischof_2023_gao15_gamma_s2_1low_isotherm,equipment.starting_glass_wt_pct,kems-137-bischof-2023::bischof_2023_ga_psat_s1_1low_polytherm::T=1630.8:h=32f9208ca45e,p_partial,Ga,measured_direct,no,yes
kems-137-bischof-2023,10.1016/j.gca.2023.08.027::experiment::an-di-1-low,kems-137-bischof-2023::bischof_2023_gao15_gamma_s2_1low_isotherm,equipment.starting_glass_wt_pct,kems-137-bischof-2023::bischof_2023_ga_psat_s1_1low_polytherm::T=1642.5:h=3d5e1b4780de,p_partial,Ga,measured_direct,no,yes
kems-137-bischof-2023,10.1016/j.gca.2023.08.027::experiment::an-di-1-low,kems-137-bischof-2023::bischof_2023_gao15_gamma_s2_1low_isotherm,equipment.starting_glass_wt_pct,kems-137-bischof-2023::bischof_2023_ga_psat_s1_1low_polytherm::T=1653.0:h=917fb8de71ee,p_partial,Ga,measured_direct,no,yes
kems-137-bischof-2023,10.1016/j.gca.2023.08.027::experiment::an-di-1-low,kems-137-bischof-2023::bischof_2023_gao15_gamma_s2_1low_isotherm,equipment.starting_glass_wt_pct,kems-137-bischof-2023::bischof_2023_ga_psat_s1_1low_polytherm::T=1664.7:h=8dd7cd739c2c,p_partial,Ga,measured_direct,no,yes
kems-137-bischof-2023,10.1016/j.gca.2023.08.027::experiment::an-di-1-low,kems-137-bischof-2023::bischof_2023_gao15_gamma_s2_1low_isotherm,equipment.starting_glass_wt_pct,kems-137-bischof-2023::bischof_2023_ga_psat_s1_1low_polytherm::T=1674.2:h=937c91dd605a,p_partial,Ga,measured_direct,no,yes
kems-137-bischof-2023,10.1016/j.gca.2023.08.027::experiment::an-di-1-low,kems-137-bischof-2023::bischof_2023_gao15_gamma_s2_1low_isotherm,equipment.starting_glass_wt_pct,kems-137-bischof-2023::bischof_2023_ga_psat_s1_1low_polytherm::T=1684.8:h=56d20ce145ed,p_partial,Ga,measured_direct,no,yes
kems-137-bischof-2023,10.1016/j.gca.2023.08.027::experiment::an-di-1-low,kems-137-bischof-2023::bischof_2023_gao15_gamma_s2_1low_isotherm,equipment.starting_glass_wt_pct,kems-137-bischof-2023::bischof_2023_ga_psat_s1_1low_polytherm::T=1695.4:h=eec90a0eba81,p_partial,Ga,measured_direct,no,yes
llnl-2021-cai-aerodynamic-levitation,9b5da9588d7a8a5c096c8f6ded983435c30a2876fdd6b5d84c73bada9f2f8973::llnl-2021-cai-aerodynamic-levitation,llnl-2021-cai-aerodynamic-levitation::ryerson_2022_CAI_starting_and_evaporated_composition_table1,values.composition_wt_pct,llnl-2021-cai-aerodynamic-levitation::ryerson_2022_aerodynamic_transport_conditions,unknown,B_type_CAI,measured_direct,no,yes
llnl-2021-cai-aerodynamic-levitation,9b5da9588d7a8a5c096c8f6ded983435c30a2876fdd6b5d84c73bada9f2f8973::llnl-2021-cai-aerodynamic-levitation,llnl-2021-cai-aerodynamic-levitation::ryerson_2022_CAI_starting_and_evaporated_composition_table1,values.composition_wt_pct,llnl-2021-cai-aerodynamic-levitation::ryerson_2022_fractionation_factors_table2::rows:h=3449c34e85e3,unknown,B_type_CAI,measured_reduced,no,yes
llnl-2021-cai-aerodynamic-levitation,9b5da9588d7a8a5c096c8f6ded983435c30a2876fdd6b5d84c73bada9f2f8973::llnl-2021-cai-aerodynamic-levitation,llnl-2021-cai-aerodynamic-levitation::ryerson_2022_CAI_starting_and_evaporated_composition_table1,values.composition_wt_pct,llnl-2021-cai-aerodynamic-levitation::ryerson_2022_fractionation_factors_table2::rows:h=37c913db6e7b,unknown,B_type_CAI,measured_reduced,no,yes
llnl-2021-cai-aerodynamic-levitation,9b5da9588d7a8a5c096c8f6ded983435c30a2876fdd6b5d84c73bada9f2f8973::llnl-2021-cai-aerodynamic-levitation,llnl-2021-cai-aerodynamic-levitation::ryerson_2022_CAI_starting_and_evaporated_composition_table1,values.composition_wt_pct,llnl-2021-cai-aerodynamic-levitation::ryerson_2022_fractionation_factors_table2::rows:h=93ba22baeed9,unknown,B_type_CAI,measured_reduced,no,yes
llnl-2021-cai-aerodynamic-levitation,9b5da9588d7a8a5c096c8f6ded983435c30a2876fdd6b5d84c73bada9f2f8973::llnl-2021-cai-aerodynamic-levitation,llnl-2021-cai-aerodynamic-levitation::ryerson_2022_CAI_starting_and_evaporated_composition_table1,values.composition_wt_pct,llnl-2021-cai-aerodynamic-levitation::ryerson_2022_fractionation_factors_table2::rows:h=e710ee1b2aba,unknown,B_type_CAI,measured_reduced,no,yes
llnl-2021-cai-aerodynamic-levitation,9b5da9588d7a8a5c096c8f6ded983435c30a2876fdd6b5d84c73bada9f2f8973::llnl-2021-cai-aerodynamic-levitation,llnl-2021-cai-aerodynamic-levitation::ryerson_2022_CAI_starting_and_evaporated_composition_table1,values.composition_wt_pct,llnl-2021-cai-aerodynamic-levitation::ryerson_2022_isotope_ratios_table1,unknown,B_type_CAI,measured_direct,no,yes
llnl-2021-cai-aerodynamic-levitation,9b5da9588d7a8a5c096c8f6ded983435c30a2876fdd6b5d84c73bada9f2f8973::llnl-2021-cai-aerodynamic-levitation,llnl-2021-cai-aerodynamic-levitation::ryerson_2022_CAI_starting_and_evaporated_composition_table1,values.composition_wt_pct,llnl-2021-cai-aerodynamic-levitation::ryerson_2022_modified_HKL_saturation_factor,unknown,B_type_CAI,model_derived,no,no
