extract	observation_id	method_class	alias_key	shape	alias_value_head	current_v2_classes	v2_records_attr_empty	v2_records	outcome_if_alias_read
2010zahnle-schaefer-fegley-cshperspect-ori-a004895-2019.yaml	zahnle_2010_ordinary_chondrite_volatile_composition	quoted_attributed	source_attribution	str	Schaefer and Fegley (2007)	quoted_attributed=1	1	1	FILL_ATTR
2010zahnle-schaefer-fegley-cshperspect-ori-a004895-2019.yaml	zahnle_2010_ci_volatile_composition	quoted_attributed	source_attribution	str	Hashimoto et al. (2007)	quoted_attributed=1	1	1	FILL_ATTR
2010zahnle-schaefer-fegley-cshperspect-ori-a004895-2019.yaml	zahnle_2010_impact_degas_velocity_threshold	quoted_attributed	source_attribution	list	Lange et al. (1985); Tyburczy et al. (1986)	quoted_attributed=1	1	1	FILL_ATTR
busemann-2000-phase-q-noble-gases.yaml	busemann_2000_table3_he_quoted_prior_work	quoted_prior_work	quoted_from	list	Eugster et al. (1998); Wieler et al. (1992); Scherer and Schultz (2000); Wieler et al. (19	quoted_attributed=8	0	8	NOOP_canonical_or_quote
busemann-2000-phase-q-noble-gases.yaml	busemann_2000_table3_he_quoted_eugster_1998	quoted_prior_work	quoted_from	list	Eugster et al. (1998)	quoted_attributed=1	0	1	NOOP_canonical_or_quote
busemann-2000-phase-q-noble-gases.yaml	busemann_2000_table3_he_quoted_scherer_schultz_2000	quoted_prior_work	quoted_from	list	Scherer and Schultz (2000)	quoted_attributed=2	0	2	NOOP_canonical_or_quote
busemann-2000-phase-q-noble-gases.yaml	busemann_2000_table7_he_quoted_wieler_1992	quoted_prior_work	quoted_from	list	Wieler et al. (1992)	quoted_attributed=1	0	1	NOOP_canonical_or_quote
busemann-2000-phase-q-noble-gases.yaml	busemann_2000_table7_he_quoted_wieler_1991	quoted_prior_work	quoted_from	list	Wieler et al. (1991)	quoted_attributed=1	0	1	NOOP_canonical_or_quote
busemann-2000-phase-q-noble-gases.yaml	busemann_2000_table1_ne_quoted_prior_work	quoted_prior_work	quoted_from	list	Wieler et al. (1992); Wieler et al. (1991); Schelhaas et al. (1990); Ott et al. (1985a); A	quoted_attributed=21	0	21	NOOP_canonical_or_quote
busemann-2000-phase-q-noble-gases.yaml	busemann_2000_table1_ne_quoted_wieler_1992	quoted_prior_work	quoted_from	list	Wieler et al. (1992)	quoted_attributed=3	0	3	NOOP_canonical_or_quote
busemann-2000-phase-q-noble-gases.yaml	busemann_2000_table9_ne_quoted_prior_work	quoted_prior_work	quoted_from	list	Huss and Lewis (1995); Wieler et al. (1992)	quoted_attributed=4	0	4	NOOP_canonical_or_quote
busemann-2000-phase-q-noble-gases.yaml	busemann_2000_table4_ar_quoted_prior_work	quoted_prior_work	quoted_from	list	Wieler et al. (1992); Wieler et al. (1991); Nier (1950); Benkert et al. (1993); Reynolds e	quoted_attributed=9	0	9	NOOP_canonical_or_quote
busemann-2000-phase-q-noble-gases.yaml	busemann_2000_table6_kr_quoted_prior_work	quoted_prior_work	quoted_from	list	Wieler et al. (1992); Wieler et al. (1991); Huss and Lewis (1994a); Ott et al. (1988); Bas	quoted_attributed=7	0	7	NOOP_canonical_or_quote
busemann-2000-phase-q-noble-gases.yaml	busemann_2000_table5_xe_quoted_prior_work	quoted_prior_work	quoted_from	list	Wieler et al. (1992); Wieler et al. (1991); Huss and Lewis (1994a); Ott et al. (1988); Pep	quoted_attributed=8	0	8	NOOP_canonical_or_quote
cooper-2007-sintering-lunar-simulant.yaml	cooper_2007_jsc1a_sintering_1100c_quoted	quoted_attributed	quoted_from	str	Allen et al. (1992a)	quoted_attributed=1	1	1	FILL_ATTR
cooper-2007-sintering-lunar-simulant.yaml	cooper_2007_jsc1a_sintering_1050c_three_hours	quoted_attributed	quoted_from	str	Allen et al. (1996a)	quoted_attributed=1	1	1	FILL_ATTR
cooper-2007-sintering-lunar-simulant.yaml	cooper_2007_jsc1af_figure1_sintering_threshold	figure_only	quoted_from	str	Wozinski et al. (1972)	figure_only=1	1	1	FILL_ATTR
cooper-2007-sintering-lunar-simulant.yaml	cooper_2007_apollo14_glass_sintering_minutes_800c	quoted_attributed	quoted_from	str	Wozinski et al. (1972)	quoted_attributed=1	1	1	FILL_ATTR
cooper-2007-sintering-lunar-simulant.yaml	cooper_2007_jsc1_sintered_brick_strength	quoted_attributed	quoted_from	str	Allen et al. (1992a)	quoted_attributed=1	1	1	FILL_ATTR
deguzman-2026-simulant-physicochemical.yaml	deguzman_2026_lhs1_table1_reported_mineral_composition	quoted_literature	quoted_from	str	Space Resource Technologies (2023a,b,c)	quoted_unattributed=1	1	1	FLIP_U->A
deguzman-2026-simulant-physicochemical.yaml	deguzman_2026_lhs2_table1_reported_mineral_composition	quoted_literature	quoted_from	str	Space Resource Technologies (2023a,b)	quoted_unattributed=1	1	1	FLIP_U->A
deguzman-2026-simulant-physicochemical.yaml	deguzman_2026_table1_lsp2_reported_mineral_composition	quoted_literature	quoted_from	str	Space Resource Technologies (2023c)	quoted_unattributed=1	1	1	FLIP_U->A
jsc-lunar-catalog-12023.yaml	jsc_12023_provenance_and_characterisation	quoted_attributed	quoted_from	str	Morris (1978) for maturity; Graf (1993), data by McKay et al., for grain-size distribution	quoted_attributed=1	1	1	FILL_ATTR
jsc-lunar-catalog-12023.yaml	jsc_12023_table1_warren78_composition	compilation_assessed	quoted_from	str	Warren et al. (1978)	compilation_assessed=1	1	1	FILL_ATTR
jsc-lunar-catalog-12023.yaml	jsc_12023_glass_bead_ages	quoted_attributed	quoted_from	str	Levine et al. (2005, 2007) and Barra et al. (2006)	quoted_attributed=1	1	1	FILL_ATTR
jsc-lunar-catalog-12023.yaml	jsc_12024_maturity_index	quoted_attributed	quoted_from	str	Morris (1978)	quoted_attributed=1	1	1	FILL_ATTR
jsc-lunar-catalog-12023.yaml	jsc_12024_coarse_particle_masses	quoted_attributed	quoted_from	str	Marvin (1978)	quoted_attributed=1	1	1	FILL_ATTR
kems-023-demaria-1973.yaml	demaria_1973_na_psat_table1_quoted_demaria_1971	quoted_prior_work	quoted_from	str	De Maria et al. 1971, Proc. Second Lunar Science Conf. 2, 1367-1380 (ref 4)	quoted_unattributed=5	5	5	FLIP_U->A
kems-023-demaria-1973.yaml	demaria_1973_fe_psat_table1_quoted_demaria_1971	quoted_prior_work	quoted_from	str	De Maria et al. 1971 (ref 4)	quoted_unattributed=6	6	6	FLIP_U->A
kems-023-demaria-1973.yaml	demaria_1973_mg_psat_table1_quoted_demaria_1971	quoted_prior_work	quoted_from	str	De Maria et al. 1971 (ref 4)	quoted_unattributed=5	5	5	FLIP_U->A
kems-023-demaria-1973.yaml	demaria_1973_sio_psat_table1_quoted_demaria_1971	quoted_prior_work	quoted_from	str	De Maria et al. 1971 (ref 4)	quoted_unattributed=6	6	6	FLIP_U->A
kems-023-demaria-1973.yaml	demaria_1973_ca_psat_table1_quoted_demaria_1971	quoted_prior_work	quoted_from	str	De Maria et al. 1971 (ref 4)	quoted_unattributed=4	4	4	FLIP_U->A
kems-023-demaria-1973.yaml	demaria_1973_tio_psat_table1_quoted_demaria_1971	quoted_prior_work	quoted_from	str	De Maria et al. 1971 (ref 4)	quoted_unattributed=3	3	3	FLIP_U->A
kems-023-demaria-1973.yaml	demaria_1973_al_psat_table1_quoted_demaria_1971	quoted_prior_work	quoted_from	str	De Maria et al. 1971 (ref 4)	quoted_unattributed=2	2	2	FLIP_U->A
kems-048-turkdogan-2001-sio2-gamma.yaml	turkdogan_2001_fig1_cao_sio2_cs_curve_figure_only	quoted_measurement	quoted_from	list	Kay and Taylor 1960 (ref 3) 1600 C; Eriksson et al. 1994 (ref 4) 1600 C; Morita et al. 200	quoted_unattributed=1	1	1	FLIP_U->A
kems-048-turkdogan-2001-sio2-gamma.yaml	turkdogan_2001_fig2_cao_mgo_sio2_figure_only	quoted_measurement	quoted_from	list	Morita et al. 2000 (ref 5); Rein and Chipman 1965/1963 (ref 6)	quoted_unattributed=1	1	1	FLIP_U->A
kems-048-turkdogan-2001-sio2-gamma.yaml	turkdogan_2001_fig3_cao_al2o3_sio2_figure_only	quoted_measurement	quoted_from	list	Morita et al. 2000 (ref 5); Rein and Chipman 1965/1963 (ref 6); Kay and Taylor 1963 (ref 9	quoted_unattributed=1	1	1	FLIP_U->A
kems-048-turkdogan-2001-sio2-gamma.yaml	turkdogan_2001_fig4_cao_mgo_al2o3_sio2_figure_only	quoted_measurement	quoted_from	list	Morita, Kume and Sano (ref 5; figure-caption attribution); Rein and Chipman (ref 6)	quoted_unattributed=1	1	1	FLIP_U->A
kems-048-turkdogan-2001-sio2-gamma.yaml	turkdogan_2001_fig5_cao_feo_sio2_figure_only	quoted_measurement	quoted_from	list	Elliott, Gleiser and Ramakrishna 1963 (ref 10) 1600 C Gibbs-Duhem from FeO activities; Tim	quoted_unattributed=1	1	1	FLIP_U->A
kems-048-turkdogan-2001-sio2-gamma.yaml	turkdogan_2001_fig6_mno_al2o3_sio2_computed_figure_only	model_derived	quoted_from	list	Fujisawa and Sakao 1977 (ref 13); computed from previous thermodynamic data plus a simple 	model_derived=1	1	1	FILL_ATTR
kems-048-turkdogan-2001-sio2-gamma.yaml	turkdogan_2001_fig7_mno_sio2_gamma_figure_only	model_derived	quoted_from	list	Fujisawa and Sakao 1977 (ref 13)	model_derived=1	1	1	FILL_ATTR
kems-048-turkdogan-2001-sio2-gamma.yaml	turkdogan_2001_fig7_mno_sio2_gamma_1650C_model	model_derived	quoted_from	list	Fujisawa and Sakao 1977 (ref 13)	model_derived=1	1	1	FILL_ATTR
kems-048-turkdogan-2001-sio2-gamma.yaml	turkdogan_2001_fig8_left_mno_sio2_1550C_model	model_derived	quoted_from	list	Fujisawa and Sakao 1977 (ref 13)	model_derived=1	1	1	FILL_ATTR
kems-048-turkdogan-2001-sio2-gamma.yaml	turkdogan_2001_p2o5_about_minus_15_to_18_quoted	model_derived	quoted_from	str	author's recent publication Ref. 2 (ISIJ Int. 40 (2000) 964)	model_derived=1	1	1	FILL_ATTR
kems-049-kato-1993-ms-review.yaml	kato_1993_fig6_fe_mo_ion_intensity_figure_only	quoted_measurement	quoted_from	str	Ichise et al. (ref 45)	quoted_unattributed=1	1	1	FLIP_U->A
kems-049-kato-1993-ms-review.yaml	kato_1993_fig5_fe_p_p_p2_figure_only	quoted_measurement	quoted_from	str	Yamamoto et al. (ref 48)	quoted_unattributed=1	1	1	FLIP_U->A
kems-049-kato-1993-ms-review.yaml	kato_1993_fig7_fe_ge_ion_ratio_figure_only	quoted_measurement	quoted_from	str	Nunoue and Kato 1989 (ref 154)	quoted_unattributed=1	1	1	FLIP_U->A
kems-049-kato-1993-ms-review.yaml	kato_1993_fig8_fe_ge_phase_diagram_figure_only	quoted_measurement	quoted_from	str	Nunoue and Kato 1989 (ref 154); overlays Ubelacker and Enoki et al.	quoted_unattributed=1	1	1	FLIP_U->A
kems-049-kato-1993-ms-review.yaml	kato_1993_fig3_fe_v_integration_figure_only	quoted_measurement	quoted_from	str	Furukawa and Kato 1975 (ref 8)	quoted_unattributed=1	1	1	FLIP_U->A
kems-058-ohara-1987.yaml	ohara_1987_turkdogan_quoted_ln_gamma_eq11	quoted_measurement	quoted_from	str	Turkdogan and Pearson, JISI 175 (1953) 398 (ref 1), converted P2O5(l) -> P2O5(s)	quoted_unattributed=1	1	1	FLIP_U->A
kems-058-ohara-1987.yaml	ohara_1987_iwasaki_quoted_Lp	quoted_measurement	quoted_from	str	Iwasaki, Sano, Matsushita, Tetsu-to-Hagane 67 (1981) 536 (ref 12)	quoted_unattributed=1	1	1	FLIP_U->A
kems-069-furukawa-1976.yaml	furukawa_1976_wagner_quoted_regular_solution	quoted_measurement	quoted_from	str	Wagner and St. Pierre, Met. Trans. 5 (1974) 887	quoted_unattributed=1	1	1	FLIP_U->A
kems-105-yamada-1983.yaml	yamada_1983_fig5b_epsilon_S_quoted_figure_only	quoted_measurement	quoted_from	str	G. K. Sigworth and J. F. Elliott, Metal Science, 8 (1974), 298 (ref 16)	quoted_unattributed=1	1	1	FLIP_U->A
kems-116-nunoue-1987.yaml	nunoue_1987_fig1_literature_gap_figure_only	quoted_measurement	quoted_from	list	Hansen; Mills and Turkdogan; Shiraishi and Bell; Yazawa and Koike; Yamamoto et al.	quoted_unattributed=1	1	1	FLIP_U->A
lpi-compendium-15013.yaml	lpi_15013_grain_size_distribution_figure_only	figure_only	source_attribution	str	Graf 1993	figure_only=1	1	1	FILL_ATTR
lpi-compendium-15013.yaml	lpi_15013_maturity_carbon_figure_only	figure_only	source_attribution	str	Moore et al. 1973; Morris 1978	figure_only=1	1	1	FILL_ATTR
lpi-compendium-15013.yaml	lpi_15013_ree_normalized_pattern_figure_only	figure_only	source_attribution	str	Korotev 1987	figure_only=1	1	1	FILL_ATTR
lpi-compendium-15013.yaml	lpi_15013_lm_exhaust_release_context	quoted_attributed	source_attribution	str	Simoneit et al. 1973	quoted_attributed=1	1	1	FILL_ATTR
lpi-compendium-15013.yaml	lpi_15013_volatile_release_curve_figure_only	figure_only	source_attribution	str	Gibson and Moore 1972	figure_only=1	1	1	FILL_ATTR
murchison-degassing-2023-springer.yaml	voropaev_2023_table4_chelyabinsk_quoted_h2	quoted_from_other_workers	quoted_from	list	Galimov et al. 2013 Geokhimiya; Voropaev et al. 2013; Stennikov et al. 2019 Astron. Vestn.	quoted_unattributed=1	1	1	FLIP_U->A
murchison-degassing-2023-springer.yaml	voropaev_2023_table4_chelyabinsk_quoted_n2	quoted_from_other_workers	quoted_from	list	Galimov et al. 2013 Geokhimiya; Voropaev et al. 2013; Stennikov et al. 2019 Astron. Vestn.	quoted_unattributed=1	1	1	FLIP_U->A
murchison-degassing-2023-springer.yaml	voropaev_2023_table4_chelyabinsk_quoted_ch4	quoted_from_other_workers	quoted_from	list	Galimov et al. 2013 Geokhimiya; Voropaev et al. 2013; Stennikov et al. 2019 Astron. Vestn.	quoted_unattributed=1	1	1	FLIP_U->A
murchison-degassing-2023-springer.yaml	voropaev_2023_table4_chelyabinsk_quoted_co	quoted_from_other_workers	quoted_from	list	Galimov et al. 2013 Geokhimiya; Voropaev et al. 2013; Stennikov et al. 2019 Astron. Vestn.	quoted_unattributed=1	1	1	FLIP_U->A
murchison-degassing-2023-springer.yaml	voropaev_2023_table4_chelyabinsk_quoted_co2	quoted_from_other_workers	quoted_from	list	Galimov et al. 2013 Geokhimiya; Voropaev et al. 2013; Stennikov et al. 2019 Astron. Vestn.	quoted_unattributed=1	1	1	FLIP_U->A
murchison-degassing-2023-springer.yaml	voropaev_2023_table4_chelyabinsk_quoted_h2s	quoted_from_other_workers	quoted_from	list	Galimov et al. 2013 Geokhimiya; Voropaev et al. 2013; Stennikov et al. 2019 Astron. Vestn.	quoted_unattributed=1	1	1	FLIP_U->A
murchison-degassing-2023-springer.yaml	voropaev_2023_table4_chelyabinsk_quoted_cos	quoted_from_other_workers	quoted_from	list	Galimov et al. 2013 Geokhimiya; Voropaev et al. 2013; Stennikov et al. 2019 Astron. Vestn.	quoted_unattributed=1	1	1	FLIP_U->A
murchison-degassing-2023-springer.yaml	voropaev_2023_table4_chelyabinsk_quoted_h2o	quoted_from_other_workers	quoted_from	list	Galimov et al. 2013 Geokhimiya; Voropaev et al. 2013; Stennikov et al. 2019 Astron. Vestn.	quoted_unattributed=1	1	1	FLIP_U->A
reiss-2019-thermal-extraction-nulht2m.yaml	reiss_2019_table2_nulht2m_mineralogy_quoted	quoted_literature	quoted_from	str	Rickman and Lowers (2012)	quoted_attributed=1	0	1	NOOP_canonical_or_quote
schaefer-and-fegley-2007-icarus-outgassing-of-oc.yaml	schaefer_2007_quoted_muenow_1995_heating	quoted_literature	quoted_from	str	Muenow et al. (1995)	quoted_attributed=1	0	1	NOOP_canonical_or_quote
schaefer-and-fegley-2007-icarus-outgassing-of-oc.yaml	schaefer_2007_quoted_gooding_muenow_1977_holbrook	quoted_literature	quoted_from	str	Gooding and Muenow (1977)	quoted_attributed=1	0	1	NOOP_canonical_or_quote
schaefer-fegley-2011-vaporization-earth.yaml	schaefer_2012_table2_continental_crust_bulk_composition	quoted_prior_work	source_attribution	str	Wedepohl_1995	quoted_unattributed=19	19	19	FLIP_U->A
schaefer-fegley-2011-vaporization-earth.yaml	schaefer_2012_table2_bse_bulk_composition	quoted_prior_work	source_attribution	str	Kargel_and_Lewis_1993	quoted_unattributed=19	19	19	FLIP_U->A
schaefer-fegley-2011-vaporization-earth.yaml	schaefer_2012_table4_j1_photolysis_rates	quoted_literature	quoted_from	str	Levine (1985)	quoted_attributed=10	0	10	NOOP_canonical_or_quote
schaefer-fegley-2011-vaporization-earth.yaml	schaefer_2012_table4_sio_j1_photolysis_rate	quoted_literature	quoted_from	str	Matveev (1986)	quoted_attributed=1	0	1	NOOP_canonical_or_quote
