point_id,population,material_class,composition_id,temperature_K,species,parent_oxide,observable,measured,units,engine,status,prediction,residual_dex,score,reason,details
hastie_k_1917_186,hastie1981_kems,experimental_kems_silicate,hastie_case4_k_silicate,1917.186331,K,K2O,partial_pressure,2.8200057899468836,Pa,imcc-published,ok,0.35943550377228,-0.8946290270299353,True,,"{""datapack_version"": ""1.0.2"", ""envelope_status"": ""inside"", ""model_id"": ""IMCC-SF04"", ""pack_sha256"": ""313ab57ffb45f25d762b76f54cba70c4bac5df06cb8eca59dba4a7ce046c89bf"", ""trust"": ""internal-analytical""}"
hastie_k_1917_186,hastie1981_kems,experimental_kems_silicate,hastie_case4_k_silicate,1917.186331,K,K2O,partial_pressure,2.8200057899468836,Pa,imcc-ext,ok,0.3601875078021445,-0.8937213536671673,True,,"{""datapack_version"": ""1.0.2+EXT-1.0.0"", ""envelope_status"": ""inside"", ""model_id"": ""IMCC-SF04-EXT"", ""pack_sha256"": ""567baa6cb75cd02a52c5c30baa853b1e098fe3cc0a2364da549bc36ce88efe71"", ""trust"": ""internal-analytical""}"
hastie_k_1917_186,hastie1981_kems,experimental_kems_silicate,hastie_case4_k_silicate,1917.186331,K,K2O,partial_pressure,2.8200057899468836,Pa,internal_analytic,ok,7.7435298026370925,0.4386889741660707,True,,"{""activities_provider"": ""internal_analytical_equilibrium"", ""activity_standard_state"": {""component_basis"": ""raoultian_pure_endmember"", ""convention"": ""raoultian_pure_endmember"", ""phase"": ""liquid"", ""reference_pressure_bar"": 1.0, ""reference_temperature_K"": null}, ""backend"": ""internal-analytical"", ""benchmark_activity_basis"": ""parent_oxide_formula_unit"", ""gas_path"": ""shared_tracked_analytical"", ""source_activity_basis"": ""gamma_x_single_cation"", ""warning_count"": 5}"
hastie_k_1917_186,hastie1981_kems,experimental_kems_silicate,hastie_case4_k_silicate,1917.186331,K,K2O,partial_pressure,2.8200057899468836,Pa,alphamelts,observable_unavailable,,,True,engine returned no positive partial_pressure for K2O,"{""activity_basis"": null, ""engine_version"": ""alphamelts2 2.3.1 (path=/Users/simonrowland/Library/CloudStorage/Dropbox/Starship Mission Design/Regolith Processing/regolith-pyrolysis-simulator/engines/alphamelts/alphamelts-app-2.3.1-macos-arm64/alphamelts2 server=Simon-MacBookPro-M5) (digest=sha256:d91bd8baee106dee03136e7bf16a9e2c6c17d0dda6c978ff1bfd698c0b073a85)"", ""equilibrium_completed"": true, ""execution_status"": ""completed_without_observable"", ""finite_prediction"": false, ""mode"": ""subprocess"", ""observable_supported"": false, ""reported_activity_labels"": [], ""unmapped_activity_labels"": []}"
hastie_k_1917_186,hastie1981_kems,experimental_kems_silicate,hastie_case4_k_silicate,1917.186331,K,K2O,partial_pressure,2.8200057899468836,Pa,thermoengine,observable_unavailable,,,True,engine returned no positive partial_pressure for K2O,"{""activity_basis"": ""reported_label; endmember/component labels are NOT oxide activities without an explicit basis conversion"", ""engine_version"": ""thermoengine MELTS 1.0.2 (liq_mod v1.0) (digest=sha256:e7f3f959424820e0ebe712b95b5d66b7a4e23a29b9869dd1e2a484affe409f74) (adapter=regolith-thermoengine-v2)"", ""equilibrium_completed"": true, ""execution_status"": ""converged"", ""finite_prediction"": true, ""mode"": ""thermoengine"", ""observable_supported"": true, ""reported_activity_labels"": [""Al2O3"", ""Ca3(PO4)2"", ""CaSiO3"", ""CoSi0.5O2"", ""Fe2O3"", ""Fe2SiO4"", ""H2O"", ""KAlSiO4"", ""Mg2SiO4"", ""MgCr2O4"", ""MnSi0.5O2"", ""Na2SiO3"", ""NiSi0.5O2"", ""SiO2"", ""TiO2""], ""unmapped_activity_labels"": [""Ca3(PO4)2"", ""CaSiO3"", ""CoSi0.5O2"", ""Fe2SiO4"", ""H2O"", ""KAlSiO4"", ""Mg2SiO4"", ""MgCr2O4"", ""MnSi0.5O2"", ""Na2SiO3"", ""NiSi0.5O2""]}"
hastie_k_1917_186,hastie1981_kems,experimental_kems_silicate,hastie_case4_k_silicate,1917.186331,K,K2O,partial_pressure,2.8200057899468836,Pa,vaporock,unavailable,,,True,VapoRock dependency is present but exposes no public per-oxide melt-activity surface; internally coupled gas pressures are excluded,"{""dependency_available"": true}"
hastie_k_1917_282,hastie1981_kems,experimental_kems_silicate,hastie_case4_k_silicate,1917.28198,K,K2O,partial_pressure,3.2100367171866595,Pa,imcc-published,ok,0.3597390141203576,-0.9505224598785228,True,,"{""datapack_version"": ""1.0.2"", ""envelope_status"": ""inside"", ""model_id"": ""IMCC-SF04"", ""pack_sha256"": ""313ab57ffb45f25d762b76f54cba70c4bac5df06cb8eca59dba4a7ce046c89bf"", ""trust"": ""internal-analytical""}"
hastie_k_1917_282,hastie1981_kems,experimental_kems_silicate,hastie_case4_k_silicate,1917.28198,K,K2O,partial_pressure,3.2100367171866595,Pa,imcc-ext,ok,0.3604913585489608,-0.9496151414285545,True,,"{""datapack_version"": ""1.0.2+EXT-1.0.0"", ""envelope_status"": ""inside"", ""model_id"": ""IMCC-SF04-EXT"", ""pack_sha256"": ""567baa6cb75cd02a52c5c30baa853b1e098fe3cc0a2364da549bc36ce88efe71"", ""trust"": ""internal-analytical""}"
hastie_k_1917_282,hastie1981_kems,experimental_kems_silicate,hastie_case4_k_silicate,1917.28198,K,K2O,partial_pressure,3.2100367171866595,Pa,internal_analytic,ok,7.745668371990884,0.3825488988858593,True,,"{""activities_provider"": ""internal_analytical_equilibrium"", ""activity_standard_state"": {""component_basis"": ""raoultian_pure_endmember"", ""convention"": ""raoultian_pure_endmember"", ""phase"": ""liquid"", ""reference_pressure_bar"": 1.0, ""reference_temperature_K"": null}, ""backend"": ""internal-analytical"", ""benchmark_activity_basis"": ""parent_oxide_formula_unit"", ""gas_path"": ""shared_tracked_analytical"", ""source_activity_basis"": ""gamma_x_single_cation"", ""warning_count"": 5}"
hastie_k_1917_282,hastie1981_kems,experimental_kems_silicate,hastie_case4_k_silicate,1917.28198,K,K2O,partial_pressure,3.2100367171866595,Pa,alphamelts,observable_unavailable,,,True,engine returned no positive partial_pressure for K2O,"{""activity_basis"": null, ""engine_version"": ""alphamelts2 2.3.1 (path=/Users/simonrowland/Library/CloudStorage/Dropbox/Starship Mission Design/Regolith Processing/regolith-pyrolysis-simulator/engines/alphamelts/alphamelts-app-2.3.1-macos-arm64/alphamelts2 server=Simon-MacBookPro-M5) (digest=sha256:d91bd8baee106dee03136e7bf16a9e2c6c17d0dda6c978ff1bfd698c0b073a85)"", ""equilibrium_completed"": true, ""execution_status"": ""completed_without_observable"", ""finite_prediction"": false, ""mode"": ""subprocess"", ""observable_supported"": false, ""reported_activity_labels"": [], ""unmapped_activity_labels"": []}"
hastie_k_1917_282,hastie1981_kems,experimental_kems_silicate,hastie_case4_k_silicate,1917.28198,K,K2O,partial_pressure,3.2100367171866595,Pa,thermoengine,observable_unavailable,,,True,engine returned no positive partial_pressure for K2O,"{""activity_basis"": ""reported_label; endmember/component labels are NOT oxide activities without an explicit basis conversion"", ""engine_version"": ""thermoengine MELTS 1.0.2 (liq_mod v1.0) (digest=sha256:e7f3f959424820e0ebe712b95b5d66b7a4e23a29b9869dd1e2a484affe409f74) (adapter=regolith-thermoengine-v2)"", ""equilibrium_completed"": true, ""execution_status"": ""converged"", ""finite_prediction"": true, ""mode"": ""thermoengine"", ""observable_supported"": true, ""reported_activity_labels"": [""Al2O3"", ""Ca3(PO4)2"", ""CaSiO3"", ""CoSi0.5O2"", ""Fe2O3"", ""Fe2SiO4"", ""H2O"", ""KAlSiO4"", ""Mg2SiO4"", ""MgCr2O4"", ""MnSi0.5O2"", ""Na2SiO3"", ""NiSi0.5O2"", ""SiO2"", ""TiO2""], ""unmapped_activity_labels"": [""Ca3(PO4)2"", ""CaSiO3"", ""CoSi0.5O2"", ""Fe2SiO4"", ""H2O"", ""KAlSiO4"", ""Mg2SiO4"", ""MgCr2O4"", ""MnSi0.5O2"", ""Na2SiO3"", ""NiSi0.5O2""]}"
hastie_k_1917_282,hastie1981_kems,experimental_kems_silicate,hastie_case4_k_silicate,1917.28198,K,K2O,partial_pressure,3.2100367171866595,Pa,vaporock,unavailable,,,True,VapoRock dependency is present but exposes no public per-oxide melt-activity surface; internally coupled gas pressures are excluded,"{""dependency_available"": true}"
hastie_k_1955_825,hastie1981_kems,experimental_kems_silicate,hastie_case4_k_silicate,1955.824724,K,K2O,partial_pressure,4.530018754322407,Pa,imcc-published,ok,0.5020799785047726,-0.9553270966863279,True,,"{""datapack_version"": ""1.0.2"", ""envelope_status"": ""inside"", ""model_id"": ""IMCC-SF04"", ""pack_sha256"": ""313ab57ffb45f25d762b76f54cba70c4bac5df06cb8eca59dba4a7ce046c89bf"", ""trust"": ""internal-analytical""}"
hastie_k_1955_825,hastie1981_kems,experimental_kems_silicate,hastie_case4_k_silicate,1955.824724,K,K2O,partial_pressure,4.530018754322407,Pa,imcc-ext,ok,0.5029616656820607,-0.9545651143818042,True,,"{""datapack_version"": ""1.0.2+EXT-1.0.0"", ""envelope_status"": ""inside"", ""model_id"": ""IMCC-SF04-EXT"", ""pack_sha256"": ""567baa6cb75cd02a52c5c30baa853b1e098fe3cc0a2364da549bc36ce88efe71"", ""trust"": ""internal-analytical""}"
hastie_k_1955_825,hastie1981_kems,experimental_kems_silicate,hastie_case4_k_silicate,1955.824724,K,K2O,partial_pressure,4.530018754322407,Pa,internal_analytic,ok,8.636038778376783,0.2802145837776679,True,,"{""activities_provider"": ""internal_analytical_equilibrium"", ""activity_standard_state"": {""component_basis"": ""raoultian_pure_endmember"", ""convention"": ""raoultian_pure_endmember"", ""phase"": ""liquid"", ""reference_pressure_bar"": 1.0, ""reference_temperature_K"": null}, ""backend"": ""internal-analytical"", ""benchmark_activity_basis"": ""parent_oxide_formula_unit"", ""gas_path"": ""shared_tracked_analytical"", ""source_activity_basis"": ""gamma_x_single_cation"", ""warning_count"": 4}"
hastie_k_1955_825,hastie1981_kems,experimental_kems_silicate,hastie_case4_k_silicate,1955.824724,K,K2O,partial_pressure,4.530018754322407,Pa,alphamelts,observable_unavailable,,,True,engine returned no positive partial_pressure for K2O,"{""activity_basis"": null, ""engine_version"": ""alphamelts2 2.3.1 (path=/Users/simonrowland/Library/CloudStorage/Dropbox/Starship Mission Design/Regolith Processing/regolith-pyrolysis-simulator/engines/alphamelts/alphamelts-app-2.3.1-macos-arm64/alphamelts2 server=Simon-MacBookPro-M5) (digest=sha256:d91bd8baee106dee03136e7bf16a9e2c6c17d0dda6c978ff1bfd698c0b073a85)"", ""equilibrium_completed"": true, ""execution_status"": ""completed_without_observable"", ""finite_prediction"": false, ""mode"": ""subprocess"", ""observable_supported"": false, ""reported_activity_labels"": [], ""unmapped_activity_labels"": []}"
hastie_k_1955_825,hastie1981_kems,experimental_kems_silicate,hastie_case4_k_silicate,1955.824724,K,K2O,partial_pressure,4.530018754322407,Pa,thermoengine,observable_unavailable,,,True,engine returned no positive partial_pressure for K2O,"{""activity_basis"": ""reported_label; endmember/component labels are NOT oxide activities without an explicit basis conversion"", ""engine_version"": ""thermoengine MELTS 1.0.2 (liq_mod v1.0) (digest=sha256:e7f3f959424820e0ebe712b95b5d66b7a4e23a29b9869dd1e2a484affe409f74) (adapter=regolith-thermoengine-v2)"", ""equilibrium_completed"": true, ""execution_status"": ""converged"", ""finite_prediction"": true, ""mode"": ""thermoengine"", ""observable_supported"": true, ""reported_activity_labels"": [""Al2O3"", ""Ca3(PO4)2"", ""CaSiO3"", ""CoSi0.5O2"", ""Fe2O3"", ""Fe2SiO4"", ""H2O"", ""KAlSiO4"", ""Mg2SiO4"", ""MgCr2O4"", ""MnSi0.5O2"", ""Na2SiO3"", ""NiSi0.5O2"", ""SiO2"", ""TiO2""], ""unmapped_activity_labels"": [""Ca3(PO4)2"", ""CaSiO3"", ""CoSi0.5O2"", ""Fe2SiO4"", ""H2O"", ""KAlSiO4"", ""Mg2SiO4"", ""MgCr2O4"", ""MnSi0.5O2"", ""Na2SiO3"", ""NiSi0.5O2""]}"
hastie_k_1955_825,hastie1981_kems,experimental_kems_silicate,hastie_case4_k_silicate,1955.824724,K,K2O,partial_pressure,4.530018754322407,Pa,vaporock,unavailable,,,True,VapoRock dependency is present but exposes no public per-oxide melt-activity surface; internally coupled gas pressures are excluded,"{""dependency_available"": true}"
hastie_sio_1907_796,hastie1981_kems,experimental_kems_silicate,hastie_case4_k_silicate,1907.7956677864036,SiO,SiO2,partial_pressure,0.08272751899576938,Pa,imcc-published,ok,0.05958589367827339,-0.14250654265567406,True,,"{""datapack_version"": ""1.0.2"", ""envelope_status"": ""inside"", ""model_id"": ""IMCC-SF04"", ""pack_sha256"": ""313ab57ffb45f25d762b76f54cba70c4bac5df06cb8eca59dba4a7ce046c89bf"", ""trust"": ""internal-analytical""}"
hastie_sio_1907_796,hastie1981_kems,experimental_kems_silicate,hastie_case4_k_silicate,1907.7956677864036,SiO,SiO2,partial_pressure,0.08272751899576938,Pa,imcc-ext,ok,0.05956466567342136,-0.142661291496414,True,,"{""datapack_version"": ""1.0.2+EXT-1.0.0"", ""envelope_status"": ""inside"", ""model_id"": ""IMCC-SF04-EXT"", ""pack_sha256"": ""567baa6cb75cd02a52c5c30baa853b1e098fe3cc0a2364da549bc36ce88efe71"", ""trust"": ""internal-analytical""}"
hastie_sio_1907_796,hastie1981_kems,experimental_kems_silicate,hastie_case4_k_silicate,1907.7956677864036,SiO,SiO2,partial_pressure,0.08272751899576938,Pa,internal_analytic,ok,0.05607144361754831,-0.1689082623950969,True,,"{""activities_provider"": ""internal_analytical_equilibrium"", ""activity_standard_state"": {""component_basis"": ""raoultian_pure_endmember"", ""convention"": ""raoultian_pure_endmember"", ""phase"": ""liquid"", ""reference_pressure_bar"": 1.0, ""reference_temperature_K"": null}, ""backend"": ""internal-analytical"", ""benchmark_activity_basis"": ""parent_oxide_formula_unit"", ""gas_path"": ""shared_tracked_analytical"", ""source_activity_basis"": ""gamma_x_single_cation"", ""warning_count"": 5}"
hastie_sio_1907_796,hastie1981_kems,experimental_kems_silicate,hastie_case4_k_silicate,1907.7956677864036,SiO,SiO2,partial_pressure,0.08272751899576938,Pa,alphamelts,observable_unavailable,,,True,engine returned no positive partial_pressure for SiO2,"{""activity_basis"": null, ""engine_version"": ""alphamelts2 2.3.1 (path=/Users/simonrowland/Library/CloudStorage/Dropbox/Starship Mission Design/Regolith Processing/regolith-pyrolysis-simulator/engines/alphamelts/alphamelts-app-2.3.1-macos-arm64/alphamelts2 server=Simon-MacBookPro-M5) (digest=sha256:d91bd8baee106dee03136e7bf16a9e2c6c17d0dda6c978ff1bfd698c0b073a85)"", ""equilibrium_completed"": true, ""execution_status"": ""completed_without_observable"", ""finite_prediction"": false, ""mode"": ""subprocess"", ""observable_supported"": false, ""reported_activity_labels"": [], ""unmapped_activity_labels"": []}"
hastie_sio_1907_796,hastie1981_kems,experimental_kems_silicate,hastie_case4_k_silicate,1907.7956677864036,SiO,SiO2,partial_pressure,0.08272751899576938,Pa,thermoengine,ok,0.05672356231940752,-0.16388650266489557,True,,"{""activity_basis"": ""reported_label; endmember/component labels are NOT oxide activities without an explicit basis conversion"", ""engine_version"": ""thermoengine MELTS 1.0.2 (liq_mod v1.0) (digest=sha256:e7f3f959424820e0ebe712b95b5d66b7a4e23a29b9869dd1e2a484affe409f74) (adapter=regolith-thermoengine-v2)"", ""equilibrium_completed"": true, ""execution_status"": ""converged"", ""finite_prediction"": true, ""mode"": ""thermoengine"", ""observable_supported"": true, ""reported_activity_labels"": [""Al2O3"", ""Ca3(PO4)2"", ""CaSiO3"", ""CoSi0.5O2"", ""Fe2O3"", ""Fe2SiO4"", ""H2O"", ""KAlSiO4"", ""Mg2SiO4"", ""MgCr2O4"", ""MnSi0.5O2"", ""Na2SiO3"", ""NiSi0.5O2"", ""SiO2"", ""TiO2""], ""unmapped_activity_labels"": [""Ca3(PO4)2"", ""CaSiO3"", ""CoSi0.5O2"", ""Fe2SiO4"", ""H2O"", ""KAlSiO4"", ""Mg2SiO4"", ""MgCr2O4"", ""MnSi0.5O2"", ""Na2SiO3"", ""NiSi0.5O2""]}"
hastie_sio_1907_796,hastie1981_kems,experimental_kems_silicate,hastie_case4_k_silicate,1907.7956677864036,SiO,SiO2,partial_pressure,0.08272751899576938,Pa,vaporock,unavailable,,,True,VapoRock dependency is present but exposes no public per-oxide melt-activity surface; internally coupled gas pressures are excluded,"{""dependency_available"": true}"
hastie_sio_1909_739,hastie1981_kems,experimental_kems_silicate,hastie_case4_k_silicate,1909.7391894913835,SiO,SiO2,partial_pressure,0.11673739559614202,Pa,imcc-published,ok,0.06157935218643402,-0.2777748841781417,True,,"{""datapack_version"": ""1.0.2"", ""envelope_status"": ""inside"", ""model_id"": ""IMCC-SF04"", ""pack_sha256"": ""313ab57ffb45f25d762b76f54cba70c4bac5df06cb8eca59dba4a7ce046c89bf"", ""trust"": ""internal-analytical""}"
hastie_sio_1909_739,hastie1981_kems,experimental_kems_silicate,hastie_case4_k_silicate,1909.7391894913835,SiO,SiO2,partial_pressure,0.11673739559614202,Pa,imcc-ext,ok,0.06155762666379838,-0.2779281326138777,True,,"{""datapack_version"": ""1.0.2+EXT-1.0.0"", ""envelope_status"": ""inside"", ""model_id"": ""IMCC-SF04-EXT"", ""pack_sha256"": ""567baa6cb75cd02a52c5c30baa853b1e098fe3cc0a2364da549bc36ce88efe71"", ""trust"": ""internal-analytical""}"
hastie_sio_1909_739,hastie1981_kems,experimental_kems_silicate,hastie_case4_k_silicate,1909.7391894913835,SiO,SiO2,partial_pressure,0.11673739559614202,Pa,internal_analytic,ok,0.05794845779321138,-0.30416811760911067,True,,"{""activities_provider"": ""internal_analytical_equilibrium"", ""activity_standard_state"": {""component_basis"": ""raoultian_pure_endmember"", ""convention"": ""raoultian_pure_endmember"", ""phase"": ""liquid"", ""reference_pressure_bar"": 1.0, ""reference_temperature_K"": null}, ""backend"": ""internal-analytical"", ""benchmark_activity_basis"": ""parent_oxide_formula_unit"", ""gas_path"": ""shared_tracked_analytical"", ""source_activity_basis"": ""gamma_x_single_cation"", ""warning_count"": 5}"
hastie_sio_1909_739,hastie1981_kems,experimental_kems_silicate,hastie_case4_k_silicate,1909.7391894913835,SiO,SiO2,partial_pressure,0.11673739559614202,Pa,alphamelts,observable_unavailable,,,True,engine returned no positive partial_pressure for SiO2,"{""activity_basis"": null, ""engine_version"": ""alphamelts2 2.3.1 (path=/Users/simonrowland/Library/CloudStorage/Dropbox/Starship Mission Design/Regolith Processing/regolith-pyrolysis-simulator/engines/alphamelts/alphamelts-app-2.3.1-macos-arm64/alphamelts2 server=Simon-MacBookPro-M5) (digest=sha256:d91bd8baee106dee03136e7bf16a9e2c6c17d0dda6c978ff1bfd698c0b073a85)"", ""equilibrium_completed"": true, ""execution_status"": ""completed_without_observable"", ""finite_prediction"": false, ""mode"": ""subprocess"", ""observable_supported"": false, ""reported_activity_labels"": [], ""unmapped_activity_labels"": []}"
hastie_sio_1909_739,hastie1981_kems,experimental_kems_silicate,hastie_case4_k_silicate,1909.7391894913835,SiO,SiO2,partial_pressure,0.11673739559614202,Pa,thermoengine,ok,0.058632197106718166,-0.2990738313235507,True,,"{""activity_basis"": ""reported_label; endmember/component labels are NOT oxide activities without an explicit basis conversion"", ""engine_version"": ""thermoengine MELTS 1.0.2 (liq_mod v1.0) (digest=sha256:e7f3f959424820e0ebe712b95b5d66b7a4e23a29b9869dd1e2a484affe409f74) (adapter=regolith-thermoengine-v2)"", ""equilibrium_completed"": true, ""execution_status"": ""converged"", ""finite_prediction"": true, ""mode"": ""thermoengine"", ""observable_supported"": true, ""reported_activity_labels"": [""Al2O3"", ""Ca3(PO4)2"", ""CaSiO3"", ""CoSi0.5O2"", ""Fe2O3"", ""Fe2SiO4"", ""H2O"", ""KAlSiO4"", ""Mg2SiO4"", ""MgCr2O4"", ""MnSi0.5O2"", ""Na2SiO3"", ""NiSi0.5O2"", ""SiO2"", ""TiO2""], ""unmapped_activity_labels"": [""Ca3(PO4)2"", ""CaSiO3"", ""CoSi0.5O2"", ""Fe2SiO4"", ""H2O"", ""KAlSiO4"", ""Mg2SiO4"", ""MgCr2O4"", ""MnSi0.5O2"", ""Na2SiO3"", ""NiSi0.5O2""]}"
hastie_sio_1909_739,hastie1981_kems,experimental_kems_silicate,hastie_case4_k_silicate,1909.7391894913835,SiO,SiO2,partial_pressure,0.11673739559614202,Pa,vaporock,unavailable,,,True,VapoRock dependency is present but exposes no public per-oxide melt-activity surface; internally coupled gas pressures are excluded,"{""dependency_available"": true}"
hastie_sio_1948_149,hastie1981_kems,experimental_kems_silicate,hastie_case4_k_silicate,1948.1490556233848,SiO,SiO2,partial_pressure,0.20670929224757628,Pa,imcc-published,ok,0.11638181118822394,-0.2494748883959963,True,,"{""datapack_version"": ""1.0.2"", ""envelope_status"": ""inside"", ""model_id"": ""IMCC-SF04"", ""pack_sha256"": ""313ab57ffb45f25d762b76f54cba70c4bac5df06cb8eca59dba4a7ce046c89bf"", ""trust"": ""internal-analytical""}"
hastie_sio_1948_149,hastie1981_kems,experimental_kems_silicate,hastie_case4_k_silicate,1948.1490556233848,SiO,SiO2,partial_pressure,0.20670929224757628,Pa,imcc-ext,ok,0.11634879102907514,-0.24959812507281914,True,,"{""datapack_version"": ""1.0.2+EXT-1.0.0"", ""envelope_status"": ""inside"", ""model_id"": ""IMCC-SF04-EXT"", ""pack_sha256"": ""567baa6cb75cd02a52c5c30baa853b1e098fe3cc0a2364da549bc36ce88efe71"", ""trust"": ""internal-analytical""}"
hastie_sio_1948_149,hastie1981_kems,experimental_kems_silicate,hastie_case4_k_silicate,1948.1490556233848,SiO,SiO2,partial_pressure,0.20670929224757628,Pa,internal_analytic,ok,0.10956314634676481,-0.2756955045175858,True,,"{""activities_provider"": ""internal_analytical_equilibrium"", ""activity_standard_state"": {""component_basis"": ""raoultian_pure_endmember"", ""convention"": ""raoultian_pure_endmember"", ""phase"": ""liquid"", ""reference_pressure_bar"": 1.0, ""reference_temperature_K"": null}, ""backend"": ""internal-analytical"", ""benchmark_activity_basis"": ""parent_oxide_formula_unit"", ""gas_path"": ""shared_tracked_analytical"", ""source_activity_basis"": ""gamma_x_single_cation"", ""warning_count"": 4}"
hastie_sio_1948_149,hastie1981_kems,experimental_kems_silicate,hastie_case4_k_silicate,1948.1490556233848,SiO,SiO2,partial_pressure,0.20670929224757628,Pa,alphamelts,observable_unavailable,,,True,engine returned no positive partial_pressure for SiO2,"{""activity_basis"": null, ""engine_version"": ""alphamelts2 2.3.1 (path=/Users/simonrowland/Library/CloudStorage/Dropbox/Starship Mission Design/Regolith Processing/regolith-pyrolysis-simulator/engines/alphamelts/alphamelts-app-2.3.1-macos-arm64/alphamelts2 server=Simon-MacBookPro-M5) (digest=sha256:d91bd8baee106dee03136e7bf16a9e2c6c17d0dda6c978ff1bfd698c0b073a85)"", ""equilibrium_completed"": true, ""execution_status"": ""completed_without_observable"", ""finite_prediction"": false, ""mode"": ""subprocess"", ""observable_supported"": false, ""reported_activity_labels"": [], ""unmapped_activity_labels"": []}"
hastie_sio_1948_149,hastie1981_kems,experimental_kems_silicate,hastie_case4_k_silicate,1948.1490556233848,SiO,SiO2,partial_pressure,0.20670929224757628,Pa,thermoengine,ok,0.1112148182833374,-0.26919734342003926,True,,"{""activity_basis"": ""reported_label; endmember/component labels are NOT oxide activities without an explicit basis conversion"", ""engine_version"": ""thermoengine MELTS 1.0.2 (liq_mod v1.0) (digest=sha256:e7f3f959424820e0ebe712b95b5d66b7a4e23a29b9869dd1e2a484affe409f74) (adapter=regolith-thermoengine-v2)"", ""equilibrium_completed"": true, ""execution_status"": ""converged"", ""finite_prediction"": true, ""mode"": ""thermoengine"", ""observable_supported"": true, ""reported_activity_labels"": [""Al2O3"", ""Ca3(PO4)2"", ""CaSiO3"", ""CoSi0.5O2"", ""Fe2O3"", ""Fe2SiO4"", ""H2O"", ""KAlSiO4"", ""Mg2SiO4"", ""MgCr2O4"", ""MnSi0.5O2"", ""Na2SiO3"", ""NiSi0.5O2"", ""SiO2"", ""TiO2""], ""unmapped_activity_labels"": [""Ca3(PO4)2"", ""CaSiO3"", ""CoSi0.5O2"", ""Fe2SiO4"", ""H2O"", ""KAlSiO4"", ""Mg2SiO4"", ""MgCr2O4"", ""MnSi0.5O2"", ""Na2SiO3"", ""NiSi0.5O2""]}"
hastie_sio_1948_149,hastie1981_kems,experimental_kems_silicate,hastie_case4_k_silicate,1948.1490556233848,SiO,SiO2,partial_pressure,0.20670929224757628,Pa,vaporock,unavailable,,,True,VapoRock dependency is present but exposes no public per-oxide melt-activity surface; internally coupled gas pressures are excluded,"{""dependency_available"": true}"
richter_mg_gamma_1873,richter_type_b_cai_gamma,type_b_cai_like_cmas,richter_type_b_cai,1873.0,Mg,MgO,activity_coefficient,0.06035862,dimensionless,imcc-published,ok,0.08986692110902753,0.17286056098155403,True,,"{""datapack_version"": ""1.0.2"", ""envelope_status"": ""inside"", ""model_id"": ""IMCC-SF04"", ""pack_sha256"": ""313ab57ffb45f25d762b76f54cba70c4bac5df06cb8eca59dba4a7ce046c89bf"", ""trust"": ""internal-analytical""}"
richter_mg_gamma_1873,richter_type_b_cai_gamma,type_b_cai_like_cmas,richter_type_b_cai,1873.0,Mg,MgO,activity_coefficient,0.06035862,dimensionless,imcc-ext,ok,0.09258284524138978,0.18579122152921393,True,,"{""datapack_version"": ""1.0.2+EXT-1.0.0"", ""envelope_status"": ""inside"", ""model_id"": ""IMCC-SF04-EXT"", ""pack_sha256"": ""567baa6cb75cd02a52c5c30baa853b1e098fe3cc0a2364da549bc36ce88efe71"", ""trust"": ""internal-analytical""}"
richter_mg_gamma_1873,richter_type_b_cai_gamma,type_b_cai_like_cmas,richter_type_b_cai,1873.0,Mg,MgO,activity_coefficient,0.06035862,dimensionless,internal_analytic,ok,0.8968179981767649,1.1719650137073658,True,,"{""activities_provider"": ""internal_analytical_equilibrium"", ""activity_standard_state"": {""component_basis"": ""raoultian_pure_endmember"", ""convention"": ""raoultian_pure_endmember"", ""phase"": ""liquid"", ""reference_pressure_bar"": 1.0, ""reference_temperature_K"": null}, ""backend"": ""internal-analytical"", ""benchmark_activity_basis"": ""parent_oxide_formula_unit"", ""gas_path"": ""shared_tracked_analytical"", ""source_activity_basis"": ""gamma_x_single_cation"", ""warning_count"": 4}"
richter_mg_gamma_1873,richter_type_b_cai_gamma,type_b_cai_like_cmas,richter_type_b_cai,1873.0,Mg,MgO,activity_coefficient,0.06035862,dimensionless,alphamelts,crash,,,True,AlphaMELTS subprocess exited before producing a result [backend_status_reason=subprocess_died]: SIGSEGV (returncode -11),"{""backend_failure_category"": ""engine_crash"", ""backend_failure_reason_code"": ""subprocess_died"", ""backend_status_reason"": ""subprocess_died"", ""returncode"": -11, ""signal"": ""SIGSEGV"", ""stage"": ""alphamelts_subprocess_execute""}"
richter_mg_gamma_1873,richter_type_b_cai_gamma,type_b_cai_like_cmas,richter_type_b_cai,1873.0,Mg,MgO,activity_coefficient,0.06035862,dimensionless,thermoengine,observable_unavailable,,,True,"engine completed equilibrium but computed activity under unmapped endmember/component label(s) Ca3(PO4)2, CaSiO3, CoSi0.5O2, Fe2SiO4, H2O, KAlSiO4, Mg2SiO4, MgCr2O4, MnSi0.5O2, Na2SiO3, NiSi0.5O2; no authoritative MgO basis conversion","{""activity_basis"": ""reported_label; endmember/component labels are NOT oxide activities without an explicit basis conversion"", ""engine_version"": ""thermoengine MELTS 1.0.2 (liq_mod v1.0) (digest=sha256:e7f3f959424820e0ebe712b95b5d66b7a4e23a29b9869dd1e2a484affe409f74) (adapter=regolith-thermoengine-v2)"", ""equilibrium_completed"": true, ""execution_status"": ""converged"", ""finite_prediction"": true, ""mode"": ""thermoengine"", ""observable_supported"": true, ""reported_activity_labels"": [""Al2O3"", ""Ca3(PO4)2"", ""CaSiO3"", ""CoSi0.5O2"", ""Fe2O3"", ""Fe2SiO4"", ""H2O"", ""KAlSiO4"", ""Mg2SiO4"", ""MgCr2O4"", ""MnSi0.5O2"", ""Na2SiO3"", ""NiSi0.5O2"", ""SiO2"", ""TiO2""], ""unmapped_activity_labels"": [""Ca3(PO4)2"", ""CaSiO3"", ""CoSi0.5O2"", ""Fe2SiO4"", ""H2O"", ""KAlSiO4"", ""Mg2SiO4"", ""MgCr2O4"", ""MnSi0.5O2"", ""Na2SiO3"", ""NiSi0.5O2""]}"
richter_mg_gamma_1873,richter_type_b_cai_gamma,type_b_cai_like_cmas,richter_type_b_cai,1873.0,Mg,MgO,activity_coefficient,0.06035862,dimensionless,vaporock,unavailable,,,True,VapoRock dependency is present but exposes no public per-oxide melt-activity surface; internally coupled gas pressures are excluded,"{""dependency_available"": true}"
richter_mg_gamma_2023,richter_type_b_cai_gamma,type_b_cai_like_cmas,richter_type_b_cai,2023.0,Mg,MgO,activity_coefficient,0.1073882,dimensionless,imcc-published,ok,0.12054891692867382,0.050206749852712784,True,,"{""datapack_version"": ""1.0.2"", ""envelope_status"": ""inside"", ""model_id"": ""IMCC-SF04"", ""pack_sha256"": ""313ab57ffb45f25d762b76f54cba70c4bac5df06cb8eca59dba4a7ce046c89bf"", ""trust"": ""internal-analytical""}"
richter_mg_gamma_2023,richter_type_b_cai_gamma,type_b_cai_like_cmas,richter_type_b_cai,2023.0,Mg,MgO,activity_coefficient,0.1073882,dimensionless,imcc-ext,ok,0.12241956229524145,0.05689425940765993,True,,"{""datapack_version"": ""1.0.2+EXT-1.0.0"", ""envelope_status"": ""inside"", ""model_id"": ""IMCC-SF04-EXT"", ""pack_sha256"": ""567baa6cb75cd02a52c5c30baa853b1e098fe3cc0a2364da549bc36ce88efe71"", ""trust"": ""internal-analytical""}"
richter_mg_gamma_2023,richter_type_b_cai_gamma,type_b_cai_like_cmas,richter_type_b_cai,2023.0,Mg,MgO,activity_coefficient,0.1073882,dimensionless,internal_analytic,ok,0.8968179981767649,0.9217477525384942,True,,"{""activities_provider"": ""internal_analytical_equilibrium"", ""activity_standard_state"": {""component_basis"": ""raoultian_pure_endmember"", ""convention"": ""raoultian_pure_endmember"", ""phase"": ""liquid"", ""reference_pressure_bar"": 1.0, ""reference_temperature_K"": null}, ""backend"": ""internal-analytical"", ""benchmark_activity_basis"": ""parent_oxide_formula_unit"", ""gas_path"": ""shared_tracked_analytical"", ""source_activity_basis"": ""gamma_x_single_cation"", ""warning_count"": 2}"
richter_mg_gamma_2023,richter_type_b_cai_gamma,type_b_cai_like_cmas,richter_type_b_cai,2023.0,Mg,MgO,activity_coefficient,0.1073882,dimensionless,alphamelts,crash,,,True,AlphaMELTS subprocess exited before producing a result [backend_status_reason=subprocess_died]: SIGSEGV (returncode -11),"{""backend_failure_category"": ""engine_crash"", ""backend_failure_reason_code"": ""subprocess_died"", ""backend_status_reason"": ""subprocess_died"", ""returncode"": -11, ""signal"": ""SIGSEGV"", ""stage"": ""alphamelts_subprocess_execute""}"
richter_mg_gamma_2023,richter_type_b_cai_gamma,type_b_cai_like_cmas,richter_type_b_cai,2023.0,Mg,MgO,activity_coefficient,0.1073882,dimensionless,thermoengine,observable_unavailable,,,True,"engine completed equilibrium but computed activity under unmapped endmember/component label(s) Ca3(PO4)2, CaSiO3, CoSi0.5O2, Fe2SiO4, H2O, KAlSiO4, Mg2SiO4, MgCr2O4, MnSi0.5O2, Na2SiO3, NiSi0.5O2; no authoritative MgO basis conversion","{""activity_basis"": ""reported_label; endmember/component labels are NOT oxide activities without an explicit basis conversion"", ""engine_version"": ""thermoengine MELTS 1.0.2 (liq_mod v1.0) (digest=sha256:e7f3f959424820e0ebe712b95b5d66b7a4e23a29b9869dd1e2a484affe409f74) (adapter=regolith-thermoengine-v2)"", ""equilibrium_completed"": true, ""execution_status"": ""converged"", ""finite_prediction"": true, ""mode"": ""thermoengine"", ""observable_supported"": true, ""reported_activity_labels"": [""Al2O3"", ""Ca3(PO4)2"", ""CaSiO3"", ""CoSi0.5O2"", ""Fe2O3"", ""Fe2SiO4"", ""H2O"", ""KAlSiO4"", ""Mg2SiO4"", ""MgCr2O4"", ""MnSi0.5O2"", ""Na2SiO3"", ""NiSi0.5O2"", ""SiO2"", ""TiO2""], ""unmapped_activity_labels"": [""Ca3(PO4)2"", ""CaSiO3"", ""CoSi0.5O2"", ""Fe2SiO4"", ""H2O"", ""KAlSiO4"", ""Mg2SiO4"", ""MgCr2O4"", ""MnSi0.5O2"", ""Na2SiO3"", ""NiSi0.5O2""]}"
richter_mg_gamma_2023,richter_type_b_cai_gamma,type_b_cai_like_cmas,richter_type_b_cai,2023.0,Mg,MgO,activity_coefficient,0.1073882,dimensionless,vaporock,unavailable,,,True,VapoRock dependency is present but exposes no public per-oxide melt-activity surface; internally coupled gas pressures are excluded,"{""dependency_available"": true}"
richter_mg_gamma_2173,richter_type_b_cai_gamma,type_b_cai_like_cmas,richter_type_b_cai,2173.0,Mg,MgO,activity_coefficient,0.17645311,dimensionless,imcc-published,ok,0.15235251647982231,-0.06377968516912401,True,,"{""datapack_version"": ""1.0.2"", ""envelope_status"": ""inside"", ""model_id"": ""IMCC-SF04"", ""pack_sha256"": ""313ab57ffb45f25d762b76f54cba70c4bac5df06cb8eca59dba4a7ce046c89bf"", ""trust"": ""internal-analytical""}"
richter_mg_gamma_2173,richter_type_b_cai_gamma,type_b_cai_like_cmas,richter_type_b_cai,2173.0,Mg,MgO,activity_coefficient,0.17645311,dimensionless,imcc-ext,ok,0.15203266722009898,-0.06469240252269183,True,,"{""datapack_version"": ""1.0.2+EXT-1.0.0"", ""envelope_status"": ""inside"", ""model_id"": ""IMCC-SF04-EXT"", ""pack_sha256"": ""567baa6cb75cd02a52c5c30baa853b1e098fe3cc0a2364da549bc36ce88efe71"", ""trust"": ""internal-analytical""}"
richter_mg_gamma_2173,richter_type_b_cai_gamma,type_b_cai_like_cmas,richter_type_b_cai,2173.0,Mg,MgO,activity_coefficient,0.17645311,dimensionless,internal_analytic,ok,0.8968179981767649,0.706074998261527,True,,"{""activities_provider"": ""internal_analytical_equilibrium"", ""activity_standard_state"": {""component_basis"": ""raoultian_pure_endmember"", ""convention"": ""raoultian_pure_endmember"", ""phase"": ""liquid"", ""reference_pressure_bar"": 1.0, ""reference_temperature_K"": null}, ""backend"": ""internal-analytical"", ""benchmark_activity_basis"": ""parent_oxide_formula_unit"", ""gas_path"": ""shared_tracked_analytical"", ""source_activity_basis"": ""gamma_x_single_cation"", ""warning_count"": 2}"
richter_mg_gamma_2173,richter_type_b_cai_gamma,type_b_cai_like_cmas,richter_type_b_cai,2173.0,Mg,MgO,activity_coefficient,0.17645311,dimensionless,alphamelts,crash,,,True,AlphaMELTS subprocess exited before producing a result [backend_status_reason=subprocess_died]: SIGSEGV (returncode -11),"{""backend_failure_category"": ""engine_crash"", ""backend_failure_reason_code"": ""subprocess_died"", ""backend_status_reason"": ""subprocess_died"", ""returncode"": -11, ""signal"": ""SIGSEGV"", ""stage"": ""alphamelts_subprocess_execute""}"
richter_mg_gamma_2173,richter_type_b_cai_gamma,type_b_cai_like_cmas,richter_type_b_cai,2173.0,Mg,MgO,activity_coefficient,0.17645311,dimensionless,thermoengine,observable_unavailable,,,True,"engine completed equilibrium but computed activity under unmapped endmember/component label(s) Ca3(PO4)2, CaSiO3, CoSi0.5O2, Fe2SiO4, H2O, KAlSiO4, Mg2SiO4, MgCr2O4, MnSi0.5O2, Na2SiO3, NiSi0.5O2; no authoritative MgO basis conversion","{""activity_basis"": ""reported_label; endmember/component labels are NOT oxide activities without an explicit basis conversion"", ""engine_version"": ""thermoengine MELTS 1.0.2 (liq_mod v1.0) (digest=sha256:e7f3f959424820e0ebe712b95b5d66b7a4e23a29b9869dd1e2a484affe409f74) (adapter=regolith-thermoengine-v2)"", ""equilibrium_completed"": true, ""execution_status"": ""converged"", ""finite_prediction"": true, ""mode"": ""thermoengine"", ""observable_supported"": true, ""reported_activity_labels"": [""Al2O3"", ""Ca3(PO4)2"", ""CaSiO3"", ""CoSi0.5O2"", ""Fe2O3"", ""Fe2SiO4"", ""H2O"", ""KAlSiO4"", ""Mg2SiO4"", ""MgCr2O4"", ""MnSi0.5O2"", ""Na2SiO3"", ""NiSi0.5O2"", ""SiO2"", ""TiO2""], ""unmapped_activity_labels"": [""Ca3(PO4)2"", ""CaSiO3"", ""CoSi0.5O2"", ""Fe2SiO4"", ""H2O"", ""KAlSiO4"", ""Mg2SiO4"", ""MgCr2O4"", ""MnSi0.5O2"", ""Na2SiO3"", ""NiSi0.5O2""]}"
richter_mg_gamma_2173,richter_type_b_cai_gamma,type_b_cai_like_cmas,richter_type_b_cai,2173.0,Mg,MgO,activity_coefficient,0.17645311,dimensionless,vaporock,unavailable,,,True,VapoRock dependency is present but exposes no public per-oxide melt-activity surface; internally coupled gas pressures are excluded,"{""dependency_available"": true}"
richter_si_gamma_1873,richter_type_b_cai_gamma,type_b_cai_like_cmas,richter_type_b_cai,1873.0,SiO,SiO2,activity_coefficient,0.06875613,dimensionless,imcc-published,ok,0.3917613752760085,0.7557101915497594,True,,"{""datapack_version"": ""1.0.2"", ""envelope_status"": ""inside"", ""model_id"": ""IMCC-SF04"", ""pack_sha256"": ""313ab57ffb45f25d762b76f54cba70c4bac5df06cb8eca59dba4a7ce046c89bf"", ""trust"": ""internal-analytical""}"
richter_si_gamma_1873,richter_type_b_cai_gamma,type_b_cai_like_cmas,richter_type_b_cai,1873.0,SiO,SiO2,activity_coefficient,0.06875613,dimensionless,imcc-ext,ok,0.38923070714478986,0.7528956712075822,True,,"{""datapack_version"": ""1.0.2+EXT-1.0.0"", ""envelope_status"": ""inside"", ""model_id"": ""IMCC-SF04-EXT"", ""pack_sha256"": ""567baa6cb75cd02a52c5c30baa853b1e098fe3cc0a2364da549bc36ce88efe71"", ""trust"": ""internal-analytical""}"
richter_si_gamma_1873,richter_type_b_cai_gamma,type_b_cai_like_cmas,richter_type_b_cai,1873.0,SiO,SiO2,activity_coefficient,0.06875613,dimensionless,internal_analytic,ok,0.896817998176765,1.1153928914482072,True,,"{""activities_provider"": ""internal_analytical_equilibrium"", ""activity_standard_state"": {""component_basis"": ""raoultian_pure_endmember"", ""convention"": ""raoultian_pure_endmember"", ""phase"": ""liquid"", ""reference_pressure_bar"": 1.0, ""reference_temperature_K"": null}, ""backend"": ""internal-analytical"", ""benchmark_activity_basis"": ""parent_oxide_formula_unit"", ""gas_path"": ""shared_tracked_analytical"", ""source_activity_basis"": ""gamma_x_single_cation"", ""warning_count"": 4}"
richter_si_gamma_1873,richter_type_b_cai_gamma,type_b_cai_like_cmas,richter_type_b_cai,1873.0,SiO,SiO2,activity_coefficient,0.06875613,dimensionless,alphamelts,crash,,,True,AlphaMELTS subprocess exited before producing a result [backend_status_reason=subprocess_died]: SIGSEGV (returncode -11),"{""backend_failure_category"": ""engine_crash"", ""backend_failure_reason_code"": ""subprocess_died"", ""backend_status_reason"": ""subprocess_died"", ""returncode"": -11, ""signal"": ""SIGSEGV"", ""stage"": ""alphamelts_subprocess_execute""}"
richter_si_gamma_1873,richter_type_b_cai_gamma,type_b_cai_like_cmas,richter_type_b_cai,1873.0,SiO,SiO2,activity_coefficient,0.06875613,dimensionless,thermoengine,ok,0.5426292093301948,0.8971917437552006,True,,"{""activity_basis"": ""reported_label; endmember/component labels are NOT oxide activities without an explicit basis conversion"", ""engine_version"": ""thermoengine MELTS 1.0.2 (liq_mod v1.0) (digest=sha256:e7f3f959424820e0ebe712b95b5d66b7a4e23a29b9869dd1e2a484affe409f74) (adapter=regolith-thermoengine-v2)"", ""equilibrium_completed"": true, ""execution_status"": ""converged"", ""finite_prediction"": true, ""mode"": ""thermoengine"", ""observable_supported"": true, ""reported_activity_labels"": [""Al2O3"", ""Ca3(PO4)2"", ""CaSiO3"", ""CoSi0.5O2"", ""Fe2O3"", ""Fe2SiO4"", ""H2O"", ""KAlSiO4"", ""Mg2SiO4"", ""MgCr2O4"", ""MnSi0.5O2"", ""Na2SiO3"", ""NiSi0.5O2"", ""SiO2"", ""TiO2""], ""unmapped_activity_labels"": [""Ca3(PO4)2"", ""CaSiO3"", ""CoSi0.5O2"", ""Fe2SiO4"", ""H2O"", ""KAlSiO4"", ""Mg2SiO4"", ""MgCr2O4"", ""MnSi0.5O2"", ""Na2SiO3"", ""NiSi0.5O2""]}"
richter_si_gamma_1873,richter_type_b_cai_gamma,type_b_cai_like_cmas,richter_type_b_cai,1873.0,SiO,SiO2,activity_coefficient,0.06875613,dimensionless,vaporock,unavailable,,,True,VapoRock dependency is present but exposes no public per-oxide melt-activity surface; internally coupled gas pressures are excluded,"{""dependency_available"": true}"
richter_si_gamma_2023,richter_type_b_cai_gamma,type_b_cai_like_cmas,richter_type_b_cai,2023.0,SiO,SiO2,activity_coefficient,0.10655142,dimensionless,imcc-published,ok,0.3719464070998638,0.5429211260118152,True,,"{""datapack_version"": ""1.0.2"", ""envelope_status"": ""inside"", ""model_id"": ""IMCC-SF04"", ""pack_sha256"": ""313ab57ffb45f25d762b76f54cba70c4bac5df06cb8eca59dba4a7ce046c89bf"", ""trust"": ""internal-analytical""}"
richter_si_gamma_2023,richter_type_b_cai_gamma,type_b_cai_like_cmas,richter_type_b_cai,2023.0,SiO,SiO2,activity_coefficient,0.10655142,dimensionless,imcc-ext,ok,0.3706723360626835,0.5414309331800665,True,,"{""datapack_version"": ""1.0.2+EXT-1.0.0"", ""envelope_status"": ""inside"", ""model_id"": ""IMCC-SF04-EXT"", ""pack_sha256"": ""567baa6cb75cd02a52c5c30baa853b1e098fe3cc0a2364da549bc36ce88efe71"", ""trust"": ""internal-analytical""}"
richter_si_gamma_2023,richter_type_b_cai_gamma,type_b_cai_like_cmas,richter_type_b_cai,2023.0,SiO,SiO2,activity_coefficient,0.10655142,dimensionless,internal_analytic,ok,0.896817998176765,0.9251450736120824,True,,"{""activities_provider"": ""internal_analytical_equilibrium"", ""activity_standard_state"": {""component_basis"": ""raoultian_pure_endmember"", ""convention"": ""raoultian_pure_endmember"", ""phase"": ""liquid"", ""reference_pressure_bar"": 1.0, ""reference_temperature_K"": null}, ""backend"": ""internal-analytical"", ""benchmark_activity_basis"": ""parent_oxide_formula_unit"", ""gas_path"": ""shared_tracked_analytical"", ""source_activity_basis"": ""gamma_x_single_cation"", ""warning_count"": 2}"
richter_si_gamma_2023,richter_type_b_cai_gamma,type_b_cai_like_cmas,richter_type_b_cai,2023.0,SiO,SiO2,activity_coefficient,0.10655142,dimensionless,alphamelts,crash,,,True,AlphaMELTS subprocess exited before producing a result [backend_status_reason=subprocess_died]: SIGSEGV (returncode -11),"{""backend_failure_category"": ""engine_crash"", ""backend_failure_reason_code"": ""subprocess_died"", ""backend_status_reason"": ""subprocess_died"", ""returncode"": -11, ""signal"": ""SIGSEGV"", ""stage"": ""alphamelts_subprocess_execute""}"
richter_si_gamma_2023,richter_type_b_cai_gamma,type_b_cai_like_cmas,richter_type_b_cai,2023.0,SiO,SiO2,activity_coefficient,0.10655142,dimensionless,thermoengine,ok,0.5374190366431584,0.7027538042116681,True,,"{""activity_basis"": ""reported_label; endmember/component labels are NOT oxide activities without an explicit basis conversion"", ""engine_version"": ""thermoengine MELTS 1.0.2 (liq_mod v1.0) (digest=sha256:e7f3f959424820e0ebe712b95b5d66b7a4e23a29b9869dd1e2a484affe409f74) (adapter=regolith-thermoengine-v2)"", ""equilibrium_completed"": true, ""execution_status"": ""converged"", ""finite_prediction"": true, ""mode"": ""thermoengine"", ""observable_supported"": true, ""reported_activity_labels"": [""Al2O3"", ""Ca3(PO4)2"", ""CaSiO3"", ""CoSi0.5O2"", ""Fe2O3"", ""Fe2SiO4"", ""H2O"", ""KAlSiO4"", ""Mg2SiO4"", ""MgCr2O4"", ""MnSi0.5O2"", ""Na2SiO3"", ""NiSi0.5O2"", ""SiO2"", ""TiO2""], ""unmapped_activity_labels"": [""Ca3(PO4)2"", ""CaSiO3"", ""CoSi0.5O2"", ""Fe2SiO4"", ""H2O"", ""KAlSiO4"", ""Mg2SiO4"", ""MgCr2O4"", ""MnSi0.5O2"", ""Na2SiO3"", ""NiSi0.5O2""]}"
richter_si_gamma_2023,richter_type_b_cai_gamma,type_b_cai_like_cmas,richter_type_b_cai,2023.0,SiO,SiO2,activity_coefficient,0.10655142,dimensionless,vaporock,unavailable,,,True,VapoRock dependency is present but exposes no public per-oxide melt-activity surface; internally coupled gas pressures are excluded,"{""dependency_available"": true}"
richter_si_gamma_2173,richter_type_b_cai_gamma,type_b_cai_like_cmas,richter_type_b_cai,2173.0,SiO,SiO2,activity_coefficient,0.15543251,dimensionless,imcc-published,ok,0.3593111133913522,0.3639287897555927,True,,"{""datapack_version"": ""1.0.2"", ""envelope_status"": ""inside"", ""model_id"": ""IMCC-SF04"", ""pack_sha256"": ""313ab57ffb45f25d762b76f54cba70c4bac5df06cb8eca59dba4a7ce046c89bf"", ""trust"": ""internal-analytical""}"
richter_si_gamma_2173,richter_type_b_cai_gamma,type_b_cai_like_cmas,richter_type_b_cai,2173.0,SiO,SiO2,activity_coefficient,0.15543251,dimensionless,imcc-ext,ok,0.3601417223436886,0.3649315769487774,True,,"{""datapack_version"": ""1.0.2+EXT-1.0.0"", ""envelope_status"": ""inside"", ""model_id"": ""IMCC-SF04-EXT"", ""pack_sha256"": ""567baa6cb75cd02a52c5c30baa853b1e098fe3cc0a2364da549bc36ce88efe71"", ""trust"": ""internal-analytical""}"
richter_si_gamma_2173,richter_type_b_cai_gamma,type_b_cai_like_cmas,richter_type_b_cai,2173.0,SiO,SiO2,activity_coefficient,0.15543251,dimensionless,internal_analytic,ok,0.896817998176765,0.7611624552369383,True,,"{""activities_provider"": ""internal_analytical_equilibrium"", ""activity_standard_state"": {""component_basis"": ""raoultian_pure_endmember"", ""convention"": ""raoultian_pure_endmember"", ""phase"": ""liquid"", ""reference_pressure_bar"": 1.0, ""reference_temperature_K"": null}, ""backend"": ""internal-analytical"", ""benchmark_activity_basis"": ""parent_oxide_formula_unit"", ""gas_path"": ""shared_tracked_analytical"", ""source_activity_basis"": ""gamma_x_single_cation"", ""warning_count"": 2}"
richter_si_gamma_2173,richter_type_b_cai_gamma,type_b_cai_like_cmas,richter_type_b_cai,2173.0,SiO,SiO2,activity_coefficient,0.15543251,dimensionless,alphamelts,crash,,,True,AlphaMELTS subprocess exited before producing a result [backend_status_reason=subprocess_died]: SIGSEGV (returncode -11),"{""backend_failure_category"": ""engine_crash"", ""backend_failure_reason_code"": ""subprocess_died"", ""backend_status_reason"": ""subprocess_died"", ""returncode"": -11, ""signal"": ""SIGSEGV"", ""stage"": ""alphamelts_subprocess_execute""}"
richter_si_gamma_2173,richter_type_b_cai_gamma,type_b_cai_like_cmas,richter_type_b_cai,2173.0,SiO,SiO2,activity_coefficient,0.15543251,dimensionless,thermoengine,ok,0.5329683455262241,0.5351595555716361,True,,"{""activity_basis"": ""reported_label; endmember/component labels are NOT oxide activities without an explicit basis conversion"", ""engine_version"": ""thermoengine MELTS 1.0.2 (liq_mod v1.0) (digest=sha256:e7f3f959424820e0ebe712b95b5d66b7a4e23a29b9869dd1e2a484affe409f74) (adapter=regolith-thermoengine-v2)"", ""equilibrium_completed"": true, ""execution_status"": ""converged"", ""finite_prediction"": true, ""mode"": ""thermoengine"", ""observable_supported"": true, ""reported_activity_labels"": [""Al2O3"", ""Ca3(PO4)2"", ""CaSiO3"", ""CoSi0.5O2"", ""Fe2O3"", ""Fe2SiO4"", ""H2O"", ""KAlSiO4"", ""Mg2SiO4"", ""MgCr2O4"", ""MnSi0.5O2"", ""Na2SiO3"", ""NiSi0.5O2"", ""SiO2"", ""TiO2""], ""unmapped_activity_labels"": [""Ca3(PO4)2"", ""CaSiO3"", ""CoSi0.5O2"", ""Fe2SiO4"", ""H2O"", ""KAlSiO4"", ""Mg2SiO4"", ""MgCr2O4"", ""MnSi0.5O2"", ""Na2SiO3"", ""NiSi0.5O2""]}"
richter_si_gamma_2173,richter_type_b_cai_gamma,type_b_cai_like_cmas,richter_type_b_cai,2173.0,SiO,SiO2,activity_coefficient,0.15543251,dimensionless,vaporock,unavailable,,,True,VapoRock dependency is present but exposes no public per-oxide melt-activity surface; internally coupled gas pressures are excluded,"{""dependency_available"": true}"
richter_mg_flux_2173,richter_type_b_cai_digitized_flux,type_b_cai_like_cmas,richter_type_b_cai,2173.15,Mg,MgO,evaporation_flux,0.00251189,mol_m-2_s-1,imcc-published,refused,,,False,OCR scatter digitization and no independent experimental fO2 pin,"{""datapack_version"": ""1.0.2"", ""envelope_status"": ""inside"", ""evaluation_status"": ""ok"", ""model_id"": ""IMCC-SF04"", ""pack_sha256"": ""313ab57ffb45f25d762b76f54cba70c4bac5df06cb8eca59dba4a7ce046c89bf"", ""trust"": ""internal-analytical""}"
richter_mg_flux_2173,richter_type_b_cai_digitized_flux,type_b_cai_like_cmas,richter_type_b_cai,2173.15,Mg,MgO,evaporation_flux,0.00251189,mol_m-2_s-1,imcc-ext,refused,,,False,OCR scatter digitization and no independent experimental fO2 pin,"{""datapack_version"": ""1.0.2+EXT-1.0.0"", ""envelope_status"": ""inside"", ""evaluation_status"": ""ok"", ""model_id"": ""IMCC-SF04-EXT"", ""pack_sha256"": ""567baa6cb75cd02a52c5c30baa853b1e098fe3cc0a2364da549bc36ce88efe71"", ""trust"": ""internal-analytical""}"
richter_mg_flux_2173,richter_type_b_cai_digitized_flux,type_b_cai_like_cmas,richter_type_b_cai,2173.15,Mg,MgO,evaporation_flux,0.00251189,mol_m-2_s-1,internal_analytic,refused,,,False,OCR scatter digitization and no independent experimental fO2 pin,"{""activities_provider"": ""internal_analytical_equilibrium"", ""activity_standard_state"": {""component_basis"": ""raoultian_pure_endmember"", ""convention"": ""raoultian_pure_endmember"", ""phase"": ""liquid"", ""reference_pressure_bar"": 1.0, ""reference_temperature_K"": null}, ""backend"": ""internal-analytical"", ""benchmark_activity_basis"": ""parent_oxide_formula_unit"", ""evaluation_status"": ""ok"", ""gas_path"": ""shared_tracked_analytical"", ""source_activity_basis"": ""gamma_x_single_cation"", ""warning_count"": 2}"
richter_mg_flux_2173,richter_type_b_cai_digitized_flux,type_b_cai_like_cmas,richter_type_b_cai,2173.15,Mg,MgO,evaporation_flux,0.00251189,mol_m-2_s-1,alphamelts,crash,,,False,AlphaMELTS subprocess exited before producing a result [backend_status_reason=subprocess_died]: SIGSEGV (returncode -11),"{""backend_failure_category"": ""engine_crash"", ""backend_failure_reason_code"": ""subprocess_died"", ""backend_status_reason"": ""subprocess_died"", ""returncode"": -11, ""signal"": ""SIGSEGV"", ""stage"": ""alphamelts_subprocess_execute""}"
richter_mg_flux_2173,richter_type_b_cai_digitized_flux,type_b_cai_like_cmas,richter_type_b_cai,2173.15,Mg,MgO,evaporation_flux,0.00251189,mol_m-2_s-1,thermoengine,refused,,,False,OCR scatter digitization and no independent experimental fO2 pin,"{""activity_basis"": ""reported_label; endmember/component labels are NOT oxide activities without an explicit basis conversion"", ""engine_version"": ""thermoengine MELTS 1.0.2 (liq_mod v1.0) (digest=sha256:e7f3f959424820e0ebe712b95b5d66b7a4e23a29b9869dd1e2a484affe409f74) (adapter=regolith-thermoengine-v2)"", ""equilibrium_completed"": true, ""evaluation_status"": ""ok"", ""execution_status"": ""converged"", ""finite_prediction"": true, ""mode"": ""thermoengine"", ""observable_supported"": true, ""reported_activity_labels"": [""Al2O3"", ""Ca3(PO4)2"", ""CaSiO3"", ""CoSi0.5O2"", ""Fe2O3"", ""Fe2SiO4"", ""H2O"", ""KAlSiO4"", ""Mg2SiO4"", ""MgCr2O4"", ""MnSi0.5O2"", ""Na2SiO3"", ""NiSi0.5O2"", ""SiO2"", ""TiO2""], ""unmapped_activity_labels"": [""Ca3(PO4)2"", ""CaSiO3"", ""CoSi0.5O2"", ""Fe2SiO4"", ""H2O"", ""KAlSiO4"", ""Mg2SiO4"", ""MgCr2O4"", ""MnSi0.5O2"", ""Na2SiO3"", ""NiSi0.5O2""]}"
richter_mg_flux_2173,richter_type_b_cai_digitized_flux,type_b_cai_like_cmas,richter_type_b_cai,2173.15,Mg,MgO,evaporation_flux,0.00251189,mol_m-2_s-1,vaporock,unavailable,,,False,VapoRock dependency is present but exposes no public per-oxide melt-activity surface; internally coupled gas pressures are excluded,"{""dependency_available"": true}"
richter_mg_flux_2073,richter_type_b_cai_digitized_flux,type_b_cai_like_cmas,richter_type_b_cai,2073.15,Mg,MgO,evaporation_flux,0.000630957,mol_m-2_s-1,imcc-published,refused,,,False,OCR scatter digitization and no independent experimental fO2 pin,"{""datapack_version"": ""1.0.2"", ""envelope_status"": ""inside"", ""evaluation_status"": ""ok"", ""model_id"": ""IMCC-SF04"", ""pack_sha256"": ""313ab57ffb45f25d762b76f54cba70c4bac5df06cb8eca59dba4a7ce046c89bf"", ""trust"": ""internal-analytical""}"
richter_mg_flux_2073,richter_type_b_cai_digitized_flux,type_b_cai_like_cmas,richter_type_b_cai,2073.15,Mg,MgO,evaporation_flux,0.000630957,mol_m-2_s-1,imcc-ext,refused,,,False,OCR scatter digitization and no independent experimental fO2 pin,"{""datapack_version"": ""1.0.2+EXT-1.0.0"", ""envelope_status"": ""inside"", ""evaluation_status"": ""ok"", ""model_id"": ""IMCC-SF04-EXT"", ""pack_sha256"": ""567baa6cb75cd02a52c5c30baa853b1e098fe3cc0a2364da549bc36ce88efe71"", ""trust"": ""internal-analytical""}"
richter_mg_flux_2073,richter_type_b_cai_digitized_flux,type_b_cai_like_cmas,richter_type_b_cai,2073.15,Mg,MgO,evaporation_flux,0.000630957,mol_m-2_s-1,internal_analytic,refused,,,False,OCR scatter digitization and no independent experimental fO2 pin,"{""activities_provider"": ""internal_analytical_equilibrium"", ""activity_standard_state"": {""component_basis"": ""raoultian_pure_endmember"", ""convention"": ""raoultian_pure_endmember"", ""phase"": ""liquid"", ""reference_pressure_bar"": 1.0, ""reference_temperature_K"": null}, ""backend"": ""internal-analytical"", ""benchmark_activity_basis"": ""parent_oxide_formula_unit"", ""evaluation_status"": ""ok"", ""gas_path"": ""shared_tracked_analytical"", ""source_activity_basis"": ""gamma_x_single_cation"", ""warning_count"": 2}"
richter_mg_flux_2073,richter_type_b_cai_digitized_flux,type_b_cai_like_cmas,richter_type_b_cai,2073.15,Mg,MgO,evaporation_flux,0.000630957,mol_m-2_s-1,alphamelts,crash,,,False,AlphaMELTS subprocess exited before producing a result [backend_status_reason=subprocess_died]: SIGSEGV (returncode -11),"{""backend_failure_category"": ""engine_crash"", ""backend_failure_reason_code"": ""subprocess_died"", ""backend_status_reason"": ""subprocess_died"", ""returncode"": -11, ""signal"": ""SIGSEGV"", ""stage"": ""alphamelts_subprocess_execute""}"
richter_mg_flux_2073,richter_type_b_cai_digitized_flux,type_b_cai_like_cmas,richter_type_b_cai,2073.15,Mg,MgO,evaporation_flux,0.000630957,mol_m-2_s-1,thermoengine,refused,,,False,OCR scatter digitization and no independent experimental fO2 pin,"{""activity_basis"": ""reported_label; endmember/component labels are NOT oxide activities without an explicit basis conversion"", ""engine_version"": ""thermoengine MELTS 1.0.2 (liq_mod v1.0) (digest=sha256:e7f3f959424820e0ebe712b95b5d66b7a4e23a29b9869dd1e2a484affe409f74) (adapter=regolith-thermoengine-v2)"", ""equilibrium_completed"": true, ""evaluation_status"": ""ok"", ""execution_status"": ""converged"", ""finite_prediction"": true, ""mode"": ""thermoengine"", ""observable_supported"": true, ""reported_activity_labels"": [""Al2O3"", ""Ca3(PO4)2"", ""CaSiO3"", ""CoSi0.5O2"", ""Fe2O3"", ""Fe2SiO4"", ""H2O"", ""KAlSiO4"", ""Mg2SiO4"", ""MgCr2O4"", ""MnSi0.5O2"", ""Na2SiO3"", ""NiSi0.5O2"", ""SiO2"", ""TiO2""], ""unmapped_activity_labels"": [""Ca3(PO4)2"", ""CaSiO3"", ""CoSi0.5O2"", ""Fe2SiO4"", ""H2O"", ""KAlSiO4"", ""Mg2SiO4"", ""MgCr2O4"", ""MnSi0.5O2"", ""Na2SiO3"", ""NiSi0.5O2""]}"
richter_mg_flux_2073,richter_type_b_cai_digitized_flux,type_b_cai_like_cmas,richter_type_b_cai,2073.15,Mg,MgO,evaporation_flux,0.000630957,mol_m-2_s-1,vaporock,unavailable,,,False,VapoRock dependency is present but exposes no public per-oxide melt-activity surface; internally coupled gas pressures are excluded,"{""dependency_available"": true}"
richter_mg_flux_1973,richter_type_b_cai_digitized_flux,type_b_cai_like_cmas,richter_type_b_cai,1973.15,Mg,MgO,evaporation_flux,0.000125893,mol_m-2_s-1,imcc-published,refused,,,False,OCR scatter digitization and no independent experimental fO2 pin,"{""datapack_version"": ""1.0.2"", ""envelope_status"": ""inside"", ""evaluation_status"": ""ok"", ""model_id"": ""IMCC-SF04"", ""pack_sha256"": ""313ab57ffb45f25d762b76f54cba70c4bac5df06cb8eca59dba4a7ce046c89bf"", ""trust"": ""internal-analytical""}"
richter_mg_flux_1973,richter_type_b_cai_digitized_flux,type_b_cai_like_cmas,richter_type_b_cai,1973.15,Mg,MgO,evaporation_flux,0.000125893,mol_m-2_s-1,imcc-ext,refused,,,False,OCR scatter digitization and no independent experimental fO2 pin,"{""datapack_version"": ""1.0.2+EXT-1.0.0"", ""envelope_status"": ""inside"", ""evaluation_status"": ""ok"", ""model_id"": ""IMCC-SF04-EXT"", ""pack_sha256"": ""567baa6cb75cd02a52c5c30baa853b1e098fe3cc0a2364da549bc36ce88efe71"", ""trust"": ""internal-analytical""}"
richter_mg_flux_1973,richter_type_b_cai_digitized_flux,type_b_cai_like_cmas,richter_type_b_cai,1973.15,Mg,MgO,evaporation_flux,0.000125893,mol_m-2_s-1,internal_analytic,refused,,,False,OCR scatter digitization and no independent experimental fO2 pin,"{""activities_provider"": ""internal_analytical_equilibrium"", ""activity_standard_state"": {""component_basis"": ""raoultian_pure_endmember"", ""convention"": ""raoultian_pure_endmember"", ""phase"": ""liquid"", ""reference_pressure_bar"": 1.0, ""reference_temperature_K"": null}, ""backend"": ""internal-analytical"", ""benchmark_activity_basis"": ""parent_oxide_formula_unit"", ""evaluation_status"": ""ok"", ""gas_path"": ""shared_tracked_analytical"", ""source_activity_basis"": ""gamma_x_single_cation"", ""warning_count"": 3}"
richter_mg_flux_1973,richter_type_b_cai_digitized_flux,type_b_cai_like_cmas,richter_type_b_cai,1973.15,Mg,MgO,evaporation_flux,0.000125893,mol_m-2_s-1,alphamelts,crash,,,False,AlphaMELTS subprocess exited before producing a result [backend_status_reason=subprocess_died]: SIGSEGV (returncode -11),"{""backend_failure_category"": ""engine_crash"", ""backend_failure_reason_code"": ""subprocess_died"", ""backend_status_reason"": ""subprocess_died"", ""returncode"": -11, ""signal"": ""SIGSEGV"", ""stage"": ""alphamelts_subprocess_execute""}"
richter_mg_flux_1973,richter_type_b_cai_digitized_flux,type_b_cai_like_cmas,richter_type_b_cai,1973.15,Mg,MgO,evaporation_flux,0.000125893,mol_m-2_s-1,thermoengine,refused,,,False,OCR scatter digitization and no independent experimental fO2 pin,"{""activity_basis"": ""reported_label; endmember/component labels are NOT oxide activities without an explicit basis conversion"", ""engine_version"": ""thermoengine MELTS 1.0.2 (liq_mod v1.0) (digest=sha256:e7f3f959424820e0ebe712b95b5d66b7a4e23a29b9869dd1e2a484affe409f74) (adapter=regolith-thermoengine-v2)"", ""equilibrium_completed"": true, ""evaluation_status"": ""ok"", ""execution_status"": ""converged"", ""finite_prediction"": true, ""mode"": ""thermoengine"", ""observable_supported"": true, ""reported_activity_labels"": [""Al2O3"", ""Ca3(PO4)2"", ""CaSiO3"", ""CoSi0.5O2"", ""Fe2O3"", ""Fe2SiO4"", ""H2O"", ""KAlSiO4"", ""Mg2SiO4"", ""MgCr2O4"", ""MnSi0.5O2"", ""Na2SiO3"", ""NiSi0.5O2"", ""SiO2"", ""TiO2""], ""unmapped_activity_labels"": [""Ca3(PO4)2"", ""CaSiO3"", ""CoSi0.5O2"", ""Fe2SiO4"", ""H2O"", ""KAlSiO4"", ""Mg2SiO4"", ""MgCr2O4"", ""MnSi0.5O2"", ""Na2SiO3"", ""NiSi0.5O2""]}"
richter_mg_flux_1973,richter_type_b_cai_digitized_flux,type_b_cai_like_cmas,richter_type_b_cai,1973.15,Mg,MgO,evaporation_flux,0.000125893,mol_m-2_s-1,vaporock,unavailable,,,False,VapoRock dependency is present but exposes no public per-oxide melt-activity surface; internally coupled gas pressures are excluded,"{""dependency_available"": true}"
richter_mg_flux_1873,richter_type_b_cai_digitized_flux,type_b_cai_like_cmas,richter_type_b_cai,1873.15,Mg,MgO,evaporation_flux,1.58489e-05,mol_m-2_s-1,imcc-published,refused,,,False,OCR scatter digitization and no independent experimental fO2 pin,"{""datapack_version"": ""1.0.2"", ""envelope_status"": ""inside"", ""evaluation_status"": ""ok"", ""model_id"": ""IMCC-SF04"", ""pack_sha256"": ""313ab57ffb45f25d762b76f54cba70c4bac5df06cb8eca59dba4a7ce046c89bf"", ""trust"": ""internal-analytical""}"
richter_mg_flux_1873,richter_type_b_cai_digitized_flux,type_b_cai_like_cmas,richter_type_b_cai,1873.15,Mg,MgO,evaporation_flux,1.58489e-05,mol_m-2_s-1,imcc-ext,refused,,,False,OCR scatter digitization and no independent experimental fO2 pin,"{""datapack_version"": ""1.0.2+EXT-1.0.0"", ""envelope_status"": ""inside"", ""evaluation_status"": ""ok"", ""model_id"": ""IMCC-SF04-EXT"", ""pack_sha256"": ""567baa6cb75cd02a52c5c30baa853b1e098fe3cc0a2364da549bc36ce88efe71"", ""trust"": ""internal-analytical""}"
richter_mg_flux_1873,richter_type_b_cai_digitized_flux,type_b_cai_like_cmas,richter_type_b_cai,1873.15,Mg,MgO,evaporation_flux,1.58489e-05,mol_m-2_s-1,internal_analytic,refused,,,False,OCR scatter digitization and no independent experimental fO2 pin,"{""activities_provider"": ""internal_analytical_equilibrium"", ""activity_standard_state"": {""component_basis"": ""raoultian_pure_endmember"", ""convention"": ""raoultian_pure_endmember"", ""phase"": ""liquid"", ""reference_pressure_bar"": 1.0, ""reference_temperature_K"": null}, ""backend"": ""internal-analytical"", ""benchmark_activity_basis"": ""parent_oxide_formula_unit"", ""evaluation_status"": ""ok"", ""gas_path"": ""shared_tracked_analytical"", ""source_activity_basis"": ""gamma_x_single_cation"", ""warning_count"": 4}"
richter_mg_flux_1873,richter_type_b_cai_digitized_flux,type_b_cai_like_cmas,richter_type_b_cai,1873.15,Mg,MgO,evaporation_flux,1.58489e-05,mol_m-2_s-1,alphamelts,crash,,,False,AlphaMELTS subprocess exited before producing a result [backend_status_reason=subprocess_died]: SIGSEGV (returncode -11),"{""backend_failure_category"": ""engine_crash"", ""backend_failure_reason_code"": ""subprocess_died"", ""backend_status_reason"": ""subprocess_died"", ""returncode"": -11, ""signal"": ""SIGSEGV"", ""stage"": ""alphamelts_subprocess_execute""}"
richter_mg_flux_1873,richter_type_b_cai_digitized_flux,type_b_cai_like_cmas,richter_type_b_cai,1873.15,Mg,MgO,evaporation_flux,1.58489e-05,mol_m-2_s-1,thermoengine,refused,,,False,OCR scatter digitization and no independent experimental fO2 pin,"{""activity_basis"": ""reported_label; endmember/component labels are NOT oxide activities without an explicit basis conversion"", ""engine_version"": ""thermoengine MELTS 1.0.2 (liq_mod v1.0) (digest=sha256:e7f3f959424820e0ebe712b95b5d66b7a4e23a29b9869dd1e2a484affe409f74) (adapter=regolith-thermoengine-v2)"", ""equilibrium_completed"": true, ""evaluation_status"": ""ok"", ""execution_status"": ""converged"", ""finite_prediction"": true, ""mode"": ""thermoengine"", ""observable_supported"": true, ""reported_activity_labels"": [""Al2O3"", ""Ca3(PO4)2"", ""CaSiO3"", ""CoSi0.5O2"", ""Fe2O3"", ""Fe2SiO4"", ""H2O"", ""KAlSiO4"", ""Mg2SiO4"", ""MgCr2O4"", ""MnSi0.5O2"", ""Na2SiO3"", ""NiSi0.5O2"", ""SiO2"", ""TiO2""], ""unmapped_activity_labels"": [""Ca3(PO4)2"", ""CaSiO3"", ""CoSi0.5O2"", ""Fe2SiO4"", ""H2O"", ""KAlSiO4"", ""Mg2SiO4"", ""MgCr2O4"", ""MnSi0.5O2"", ""Na2SiO3"", ""NiSi0.5O2""]}"
richter_mg_flux_1873,richter_type_b_cai_digitized_flux,type_b_cai_like_cmas,richter_type_b_cai,1873.15,Mg,MgO,evaporation_flux,1.58489e-05,mol_m-2_s-1,vaporock,unavailable,,,False,VapoRock dependency is present but exposes no public per-oxide melt-activity surface; internally coupled gas pressures are excluded,"{""dependency_available"": true}"
