composition_id,trajectory,step,stripped_fraction,SiO2_wt_pct,major_oxide_sum_wt_pct,composition_json,imcc-published_status,imcc-published_reason,imcc-ext_status,imcc-ext_reason,internal_analytic_status,internal_analytic_reason,alphamelts_status,alphamelts_reason,thermoengine_status,thermoengine_reason,vaporock_status,vaporock_reason,vaporock_finite_prediction,vaporock_n_pressures,imcc-ext_finite_prediction,imcc-ext_n_pressures,imcc-published_finite_prediction,imcc-published_n_pressures
sf04_tholeiite,remove_silica,0,0.0,51.85068,100.0,"{""Al2O3"": 14.805720000000003, ""CaO"": 9.02862, ""FeO"": 13.773070000000002, ""K2O"": 0.7873200000000001, ""MgO"": 4.785270000000001, ""Na2O"": 3.2310800000000004, ""SiO2"": 51.85068, ""TiO2"": 1.7382400000000005}",ok,,ok,,ok,,ok,,refused,coverage not measured for this engine,ok,,True,30,,,,
sf04_tholeiite,remove_silica,1,0.0475,50.63486242296004,100.0,"{""Al2O3"": 15.179578958272561, ""CaO"": 9.256601514430828, ""FeO"": 14.120853532473602, ""K2O"": 0.8072006025662481, ""MgO"": 4.906102763097839, ""Na2O"": 3.3126679405321258, ""SiO2"": 50.63486242296004, ""TiO2"": 1.7821322656667624}",ok,,ok,,ok,,ok,,refused,coverage not measured for this engine,ok,,True,30,,,,
sf04_tholeiite,remove_silica,2,0.095,49.356053068007675,100.00000000000001,"{""Al2O3"": 15.572807631965262, ""CaO"": 9.496394801611416, ""FeO"": 14.486655806782228, ""K2O"": 0.8281112235540649, ""MgO"": 5.033195898410506, ""Na2O"": 3.3984829703310826, ""SiO2"": 49.356053068007675, ""TiO2"": 1.828298599337776}",ok,,ok,,ok,,ok,,refused,coverage not measured for this engine,ok,,True,30,,,,
sf04_tholeiite,remove_silica,3,0.1425,48.0092263190567,100.0,"{""Al2O3"": 15.986951377577416, ""CaO"": 9.748942229531762, ""FeO"": 14.871914395920642, ""K2O"": 0.8501340399922631, ""MgO"": 5.16704887155639, ""Na2O"": 3.488862335439468, ""SiO2"": 48.0092263190567, ""TiO2"": 1.8769204309253564}",ok,,ok,,ok,,ok,,refused,coverage not measured for this engine,ok,,True,30,,,,
sf04_tholeiite,remove_silica,4,0.19,46.588807348695866,100.0,"{""Al2O3"": 16.42372443185629, ""CaO"": 10.015289150405811, ""FeO"": 15.278223974292834, ""K2O"": 0.8733602094115716, ""MgO"": 5.3082157309491835, ""Na2O"": 3.584180136952625, ""SiO2"": 46.588807348695866, ""TiO2"": 1.9281990174358206}",ok,,ok,,ok,,ok,,refused,coverage not measured for this engine,ok,,True,30,,,,
sf04_tholeiite,remove_silica,5,0.2375,45.08859498701287,100.00000000000001,"{""Al2O3"": 16.885033629319874, ""CaO"": 10.296598363764138, ""FeO"": 15.70735838101603, ""K2O"": 0.8978911310652993, ""MgO"": 5.457312773399437, ""Na2O"": 3.684852506938052, ""SiO2"": 45.08859498701287, ""TiO2"": 1.9823582274843088}",ok,,ok,,ok,,ok,,refused,coverage not measured for this engine,ok,,True,30,,,,
sf04_tholeiite,remove_silica,6,0.285,43.50167121600607,100.0,"{""Al2O3"": 17.373006232357064, ""CaO"": 10.594167087421862, ""FeO"": 16.161296508963435, ""K2O"": 0.9238399258434823, ""MgO"": 5.615027538918153, ""Na2O"": 3.7913436818502753, ""SiO2"": 43.50167121600607, ""TiO2"": 2.039647808639657}",ok,,ok,,ok,,ok,,refused,coverage not measured for this engine,ok,,True,30,,,,
sf04_tholeiite,remove_silica,7,0.33249999999999996,41.82029450344852,100.0,"{""Al2O3"": 17.89002273063051, ""CaO"": 10.909446958758185, ""FeO"": 16.642252816517207, ""K2O"": 0.951333180438372, ""MgO"": 5.7821294116195805, ""Na2O"": 3.904173160405953, ""SiO2"": 41.82029450344852, ""TiO2"": 2.100347238181674}",ok,,ok,,ok,,ok,,refused,coverage not measured for this engine,ok,,True,30,,,,
sf04_tholeiite,remove_silica,8,0.38,40.03577350640589,100.0,"{""Al2O3"": 18.438755676730977, ""CaO"": 11.244067716939588, ""FeO"": 17.152713454564392, ""K2O"": 0.9805130124981312, ""MgO"": 5.959482171565478, ""Na2O"": 4.023924178761446, ""SiO2"": 40.03577350640589, ""TiO2"": 2.1647702825341053}",ok,,ok,,ok,,ok,,refused,coverage not measured for this engine,ok,,True,30,,,,
sf04_tholeiite,remove_silica,9,0.42749999999999994,38.13831679624705,100.0,"{""Al2O3"": 19.02221589512519, ""CaO"": 11.599865381423205, ""FeO"": 17.695479252523477, ""K2O"": 1.0115395278682808, ""MgO"": 6.148058929688371, ""Na2O"": 4.151253794778039, ""SiO2"": 38.13831679624705, ""TiO2"": 2.2332704223463913}",ok,,ok,,ok,,ok,,refused,coverage not measured for this engine,ok,,True,30,,,,
sf04_tholeiite,remove_silica,10,0.475,36.11685312030194,100.0,"{""Al2O3"": 19.643807750964775, ""CaO"": 11.97891595521971, ""FeO"": 18.273717132336717, ""K2O"": 1.0445937596070698, ""MgO"": 6.348959990899409, ""Na2O"": 4.2869049494375995, ""SiO2"": 36.11685312030194, ""TiO2"": 2.306247341232781}",ok,,ok,,ok,,ok,,refused,coverage not measured for this engine,ok,,True,30,,,,
sf04_tholeiite,remove_silica,11,0.5225,33.95881523305179,100.0,"{""Al2O3"": 20.30739562111574, ""CaO"": 12.383575959339902, ""FeO"": 18.89102194336517, ""K2O"": 1.0798812026984737, ""MgO"": 6.56343433780029, ""Na2O"": 4.431720972939826, ""SiO2"": 33.95881523305179, ""TiO2"": 2.3841547296888113}",ok,,ok,,ok,,ok,,refused,coverage not measured for this engine,ok,,True,30,,,,
sf04_tholeiite,remove_silica,12,0.57,31.649878381058556,100.0,"{""Al2O3"": 21.01738430897869, ""CaO"": 12.81653147025144, ""FeO"": 19.551491268541152, ""K2O"": 1.117636090250599, ""MgO"": 6.79290562108607, ""Na2O"": 4.58666313377903, ""SiO2"": 31.649878381058556, ""TiO2"": 2.467509726054465}",ok,,ok,,ok,,ok,,refused,coverage not measured for this engine,observable_unavailable,"VapoRock System.eval_gas_abundances ignores total pressure; requested pressure_bar is diagnostic-only and this vapor result is non-authoritative for pressure-sensitive transport.; VapoRock speciation table has no finite log10_bar values (0 finite of 38 rows; 30 nan, 8 -inf, 0 other_nonfinite)",False,0,,,,
sf04_tholeiite,remove_silica,13,0.6174999999999999,29.17364194177926,100.0,"{""Al2O3"": 21.778816939258125, ""CaO"": 13.280857816717099, ""FeO"": 20.25981649130119, ""K2O"": 1.1581265992208893, ""MgO"": 7.039003799539889, ""Na2O"": 4.752832002502961, ""SiO2"": 29.17364194177926, ""TiO2"": 2.5569044096805857}",ok,,ok,,ok,,out_of_domain,"AlphaMELTSDomainGate: SiO2 = 29.174 wt% outside MELTS calibration range [30.0, 80.0] wt%.",refused,coverage not measured for this engine,observable_unavailable,"VapoRock System.eval_gas_abundances ignores total pressure; requested pressure_bar is diagnostic-only and this vapor result is non-authoritative for pressure-sensitive transport.; VapoRock speciation table has no finite log10_bar values (0 finite of 38 rows; 30 nan, 8 -inf, 0 other_nonfinite)",False,0,,,,
sf04_tholeiite,remove_silica,14,0.6649999999999999,26.51123925812282,100.0,"{""Al2O3"": 22.5974949322488, ""CaO"": 13.780092740859624, ""FeO"": 21.021394402062715, ""K2O"": 1.2016612302581788, ""MgO"": 7.303603916219016, ""Na2O"": 4.931493633925973, ""SiO2"": 26.51123925812282, ""TiO2"": 2.653019886302872}",ok,,ok,,ok,,out_of_domain,"AlphaMELTSDomainGate: SiO2 = 26.511 wt% outside MELTS calibration range [30.0, 80.0] wt%.",refused,coverage not measured for this engine,observable_unavailable,"VapoRock System.eval_gas_abundances ignores total pressure; requested pressure_bar is diagnostic-only and this vapor result is non-authoritative for pressure-sensitive transport.; VapoRock speciation table has no finite log10_bar values (0 finite of 38 rows; 30 nan, 8 -inf, 0 other_nonfinite)",False,0,,,,
sf04_tholeiite,remove_silica,15,0.7125,23.640856036629618,100.0,"{""Al2O3"": 23.48012609443606, ""CaO"": 14.318326704729476, ""FeO"": 21.842464959994818, ""K2O"": 1.248596682678816, ""MgO"": 7.588873961949979, ""Na2O"": 5.124111885218041, ""SiO2"": 23.640856036629618, ""TiO2"": 2.756643674363188}",ok,,ok,,ok,,out_of_domain,"AlphaMELTSDomainGate: SiO2 = 23.641 wt% outside MELTS calibration range [30.0, 80.0] wt%.",refused,coverage not measured for this engine,observable_unavailable,"VapoRock System.eval_gas_abundances ignores total pressure; requested pressure_bar is diagnostic-only and this vapor result is non-authoritative for pressure-sensitive transport.; VapoRock speciation table has no finite log10_bar values (0 finite of 38 rows; 30 nan, 8 -inf, 0 other_nonfinite)",False,0,,,,
sf04_tholeiite,remove_silica,16,0.76,20.537131293353333,99.99999999999999,"{""Al2O3"": 24.43450882519987, ""CaO"": 14.900315220696868, ""FeO"": 22.73028265191396, ""K2O"": 1.2993476499796268, ""MgO"": 7.897334411697923, ""Na2O"": 5.332388615678724, ""SiO2"": 20.537131293353333, ""TiO2"": 2.8686913314796865}",ok,,ok,,ok,,out_of_domain,"AlphaMELTSDomainGate: SiO2 = 20.537 wt% outside MELTS calibration range [30.0, 80.0] wt%.",refused,coverage not measured for this engine,observable_unavailable,"VapoRock System.eval_gas_abundances ignores total pressure; requested pressure_bar is diagnostic-only and this vapor result is non-authoritative for pressure-sensitive transport.; VapoRock speciation table has no finite log10_bar values (0 finite of 38 rows; 30 nan, 8 -inf, 0 other_nonfinite)",False,0,,,,
sf04_tholeiite,remove_silica,17,0.8074999999999999,17.170406013472856,100.0,"{""Al2O3"": 25.469763150927257, ""CaO"": 15.531619737488269, ""FeO"": 23.693331412531215, ""K2O"": 1.3543991054800473, ""MgO"": 8.231932895748242, ""Na2O"": 5.558314105744134, ""SiO2"": 17.170406013472856, ""TiO2"": 2.9902335786079837}",ok,,ok,,ok,,out_of_domain,"AlphaMELTSDomainGate: SiO2 = 17.170 wt% outside MELTS calibration range [30.0, 80.0] wt%.",refused,coverage not measured for this engine,observable_unavailable,"VapoRock System.eval_gas_abundances ignores total pressure; requested pressure_bar is diagnostic-only and this vapor result is non-authoritative for pressure-sensitive transport.; VapoRock speciation table has no finite log10_bar values (0 finite of 38 rows; 30 nan, 8 -inf, 0 other_nonfinite)",False,0,,,,
sf04_tholeiite,remove_silica,18,0.8549999999999999,13.505772361373877,100.0,"{""Al2O3"": 26.596623089043824, ""CaO"": 16.21878592558841, ""FeO"": 24.74159659705957, ""K2O"": 1.4143218492897327, ""MgO"": 8.596138692971955, ""Na2O"": 5.804230860137009, ""SiO2"": 13.505772361373877, ""TiO2"": 3.1225306245356212}",ok,,ok,,ok,,out_of_domain,"AlphaMELTSDomainGate: SiO2 = 13.506 wt% outside MELTS calibration range [30.0, 80.0] wt%.",refused,coverage not measured for this engine,observable_unavailable,"VapoRock System.eval_gas_abundances ignores total pressure; requested pressure_bar is diagnostic-only and this vapor result is non-authoritative for pressure-sensitive transport.; VapoRock speciation table has no finite log10_bar values (0 finite of 38 rows; 30 nan, 8 -inf, 0 other_nonfinite)",False,0,,,,
sf04_tholeiite,remove_silica,19,0.9025000000000001,9.501858812023269,100.0,"{""Al2O3"": 27.82781021517336, ""CaO"": 16.969571480814068, ""FeO"": 25.886912493299732, ""K2O"": 1.479792373394221, ""MgO"": 8.994063469278267, ""Na2O"": 6.072915132127471, ""SiO2"": 9.501858812023269, ""TiO2"": 3.2670760238896146}",ok,,ok,,ok,,out_of_domain,"AlphaMELTSDomainGate: SiO2 = 9.502 wt% outside MELTS calibration range [30.0, 80.0] wt%.",refused,coverage not measured for this engine,observable_unavailable,"VapoRock System.eval_gas_abundances ignores total pressure; requested pressure_bar is diagnostic-only and this vapor result is non-authoritative for pressure-sensitive transport.; VapoRock speciation table has no finite log10_bar values (0 finite of 38 rows; 30 nan, 8 -inf, 0 other_nonfinite)",False,0,,,,
sf04_tholeiite,remove_silica,20,0.95,5.109261478699619,100.0,"{""Al2O3"": 29.17851602347837, ""CaO"": 17.793240270645214, ""FeO"": 27.14341103894233, ""K2O"": 1.5516185120078583, ""MgO"": 9.430617178473613, ""Na2O"": 6.367682189933383, ""SiO2"": 5.109261478699619, ""TiO2"": 3.4256533078196156}",ok,,ok,,ok,,out_of_domain,"AlphaMELTSDomainGate: SiO2 = 5.109 wt% outside MELTS calibration range [30.0, 80.0] wt%.",refused,coverage not measured for this engine,observable_unavailable,"VapoRock System.eval_gas_abundances ignores total pressure; requested pressure_bar is diagnostic-only and this vapor result is non-authoritative for pressure-sensitive transport.; VapoRock speciation table has no finite log10_bar values (0 finite of 38 rows; 30 nan, 8 -inf, 0 other_nonfinite)",False,0,,,,
sf04_tholeiite,strip_modifiers,0,0.0,51.85068,100.0,"{""Al2O3"": 14.805720000000003, ""CaO"": 9.02862, ""FeO"": 13.773070000000002, ""K2O"": 0.7873200000000001, ""MgO"": 4.785270000000001, ""Na2O"": 3.2310800000000004, ""SiO2"": 51.85068, ""TiO2"": 1.7382400000000005}",ok,,ok,,ok,,ok,,refused,coverage not measured for this engine,ok,,True,30,,,,
sf04_tholeiite,strip_modifiers,1,0.0475,53.0643099593865,100.0,"{""Al2O3"": 14.432533725255354, ""CaO"": 8.801048692161881, ""FeO"": 13.425912233603144, ""K2O"": 0.7674751685543186, ""MgO"": 4.664654651003307, ""Na2O"": 3.1496388604538024, ""SiO2"": 53.0643099593865, ""TiO2"": 1.6944267095816936}",ok,,ok,,ok,,ok,,refused,coverage not measured for this engine,ok,,True,30,,,,
sf04_tholeiite,strip_modifiers,2,0.095,54.336114621965194,100.0,"{""Al2O3"": 14.041458965968316, ""CaO"": 8.562568875361741, ""FeO"": 13.06211364529447, ""K2O"": 0.7466790857240428, ""MgO"": 4.5382576697438015, ""Na2O"": 3.064293883428898, ""SiO2"": 54.336114621965194, ""TiO2"": 1.6485132525135395}",ok,,ok,,ok,,ok,,refused,coverage not measured for this engine,ok,,True,30,,,,
sf04_tholeiite,strip_modifiers,3,0.1425,55.67037956100619,100.0,"{""Al2O3"": 13.631177925794582, ""CaO"": 8.31237694920527, ""FeO"": 12.680448350666063, ""K2O"": 0.7248616753887409, ""MgO"": 4.405653138987298, ""Na2O"": 2.974757483761435, ""SiO2"": 55.67037956100619, ""TiO2"": 1.6003449151904245}",ok,,ok,,ok,,ok,,refused,coverage not measured for this engine,ok,,True,30,,,,
sf04_tholeiite,strip_modifiers,4,0.19,57.071821888693215,100.0,"{""Al2O3"": 13.200240111929665, ""CaO"": 8.049588394172684, ""FeO"": 12.279567023989044, ""K2O"": 0.7019458050621289, ""MgO"": 4.266372253454317, ""Na2O"": 2.8807131176905743, ""SiO2"": 57.071821888693215, ""TiO2"": 1.5497514050083765}",ok,,ok,,ok,,ok,,refused,coverage not measured for this engine,ok,,True,30,,,,
sf04_tholeiite,strip_modifiers,5,0.2375,58.545645976479534,100.0,"{""Al2O3"": 12.747045201326156, ""CaO"": 7.773227323331615, ""FeO"": 11.857980959455483, ""K2O"": 0.6778463747732706, ""MgO"": 4.119897782110563, ""Na2O"": 2.7818115437210023, ""SiO2"": 58.545645976479534, ""TiO2"": 1.4965448388023803}",ok,,ok,,ok,,ok,,refused,coverage not measured for this engine,ok,,True,30,,,,
sf04_tholeiite,strip_modifiers,6,0.285,60.097608037849625,100.0,"{""Al2O3"": 12.269823181757271, ""CaO"": 7.482214372234335, ""FeO"": 11.414043597337086, ""K2O"": 0.6524692610329748, ""MgO"": 3.96565764967645, ""Na2O"": 2.6776664887700345, ""SiO2"": 60.097608037849625, ""TiO2"": 1.4405174113422217}",ok,,ok,,ok,,ok,,refused,coverage not measured for this engine,ok,,True,30,,,,
sf04_tholeiite,strip_modifiers,7,0.33249999999999996,61.73409126277602,100.00000000000001,"{""Al2O3"": 11.766611248277068, ""CaO"": 7.175352610235727, ""FeO"": 10.9459290318409, ""K2O"": 0.6257100882627458, ""MgO"": 3.8030174694673953, ""Na2O"": 2.5678496062388767, ""SiO2"": 61.73409126277602, ""TiO2"": 1.3814386829012795}",ok,,ok,,ok,,ok,,refused,coverage not measured for this engine,ok,,True,30,,,,
sf04_tholeiite,strip_modifiers,8,0.38,63.46219357146226,100.0,"{""Al2O3"": 11.235226819301495, ""CaO"": 6.8513110855319335, ""FeO"": 10.451606909229461, ""K2O"": 0.5974527938778021, ""MgO"": 3.6312718220794973, ""Na2O"": 2.4518845872614548, ""SiO2"": 63.46219357146226, ""TiO2"": 1.3190524112560977}",ok,,ok,,ok,,ok,,refused,coverage not measured for this engine,ok,,True,30,,,,
sf04_tholeiite,strip_modifiers,9,0.42749999999999994,65.28983053131712,100.0,"{""Al2O3"": 10.673235890057585, ""CaO"": 6.508605526897153, ""FeO"": 9.928812988512238, ""K2O"": 0.5675679454265066, ""MgO"": 3.449634027093303, ""Na2O"": 2.3292402544183775, ""SiO2"": 65.28983053131712, ""TiO2"": 1.2530728362777155}",ok,,ok,,ok,,ok,,refused,coverage not measured for this engine,ok,,True,30,,,,
sf04_tholeiite,strip_modifiers,10,0.475,67.22585658458516,100.0,"{""Al2O3"": 10.077915755580262, ""CaO"": 6.145575611935594, ""FeO"": 9.375014464390102, ""K2O"": 0.5359107583206659, ""MgO"": 3.2572240949920404, ""Na2O"": 2.1993224267067233, ""SiO2"": 67.22585658458516, ""TiO2"": 1.183180303489451}",ok,,ok,,ok,,ok,,refused,coverage not measured for this engine,ok,,True,30,,,,
sf04_tholeiite,strip_modifiers,11,0.5225,69.28020850351551,100.00000000000001,"{""Al2O3"": 9.446210898831604, ""CaO"": 5.760358067382674, ""FeO"": 8.78736893203239, ""K2O"": 0.5023187501092887, ""MgO"": 3.053054470019148, ""Na2O"": 2.06146429292171, ""SiO2"": 69.28020850351551, ""TiO2"": 1.1090160851876874}",ok,,ok,,ok,,ok,,refused,coverage not measured for this engine,ok,,True,30,,,,
sf04_tholeiite,strip_modifiers,12,0.57,71.46407597770161,100.00000000000001,"{""Al2O3"": 8.774680535787919, ""CaO"": 5.350854681773363, ""FeO"": 8.162675590720648, ""K2O"": 0.4666089510970452, ""MgO"": 2.8360130765332485, ""Na2O"": 1.9149149643228174, ""SiO2"": 71.46407597770161, ""TiO2"": 1.0301762220633641}",ok,,ok,,ok,,ok,,refused,coverage not measured for this engine,ok,,True,30,,,,
sf04_tholeiite,strip_modifiers,13,0.6174999999999999,73.79010551532193,100.0,"{""Al2O3"": 8.059435916637824, ""CaO"": 4.91469407132342, ""FeO"": 7.497316918080777, ""K2O"": 0.428574570226054, ""MgO"": 2.604843054495795, ""Na2O"": 1.7588257917568437, ""SiO2"": 73.79010551532193, ""TiO2"": 0.9462041621573642}",ok,,ok,,ok,,ok,,refused,coverage not measured for this engine,ok,,True,30,,,,
sf04_tholeiite,strip_modifiers,14,0.6649999999999999,76.27264550380004,100.0,"{""Al2O3"": 7.296064970626328, ""CaO"": 4.449185727887349, ""FeO"": 6.787188570699997, ""K2O"": 0.3879809879339553, ""MgO"": 2.358118404372705, ""Na2O"": 1.5922339207611191, ""SiO2"": 76.27264550380004, ""TiO2"": 0.8565819139185065}",ok,,ok,,ok,,ok,,refused,coverage not measured for this engine,ok,,True,30,,,,
sf04_tholeiite,strip_modifiers,15,0.7125,78.92804246050751,100.0,"{""Al2O3"": 6.479541210169005, ""CaO"": 3.951264468121515, ""FeO"": 6.027614641877761, ""K2O"": 0.3445609119712017, ""MgO"": 2.0942145445669262, ""Na2O"": 1.4140424115377614, ""SiO2"": 78.92804246050751, ""TiO2"": 0.7607193512483129}",ok,,ok,,ok,,ok,,refused,coverage not measured for this engine,ok,,True,30,,,,
sf04_tholeiite,strip_modifiers,16,0.76,81.77500139859441,100.0,"{""Al2O3"": 5.604112919825302, ""CaO"": 3.4174228602319316, ""FeO"": 5.213244579301667, ""K2O"": 0.2980084848313258, ""MgO"": 1.811272496835846, ""Na2O"": 1.2229960564558249, ""SiO2"": 81.77500139859441, ""TiO2"": 0.6579412039236953}",ok,,ok,,ok,,out_of_domain,"AlphaMELTSDomainGate: SiO2 = 81.775 wt% outside MELTS calibration range [30.0, 80.0] wt%.",refused,coverage not measured for this engine,ok,,True,30,,,,
sf04_tholeiite,strip_modifiers,17,0.8074999999999999,84.83502710229234,100.00000000000001,"{""Al2O3"": 4.663167465938218, ""CaO"": 2.84362847914989, ""FeO"": 4.3379269586409634, ""K2O"": 0.24797206817922243, ""MgO"": 1.507155030605075, ""Na2O"": 1.017651768089877, ""SiO2"": 84.83502710229234, ""TiO2"": 0.5474711271044196}",ok,,ok,,ok,,out_of_domain,"AlphaMELTSDomainGate: SiO2 = 84.835 wt% outside MELTS calibration range [30.0, 80.0] wt%.",refused,coverage not measured for this engine,ok,,True,30,,,,
sf04_tholeiite,strip_modifiers,18,0.8549999999999999,88.13296832904365,100.00000000000001,"{""Al2O3"": 3.6490639566937206, ""CaO"": 2.2252218615970083, ""FeO"": 3.3945538150133583, ""K2O"": 0.19404534425776662, ""MgO"": 1.1793925780068621, ""Na2O"": 0.7963420603114165, ""SiO2"": 88.13296832904365, ""TiO2"": 0.4284120550762336}",ok,,ok,,ok,,out_of_domain,"AlphaMELTSDomainGate: SiO2 = 88.133 wt% outside MELTS calibration range [30.0, 80.0] wt%.",refused,coverage not measured for this engine,ok,,True,30,,,,
sf04_tholeiite,strip_modifiers,19,0.9025000000000001,91.69769408012068,100.00000000000001,"{""Al2O3"": 2.5529252916567833, ""CaO"": 1.5567896966009263, ""FeO"": 2.374867196378109, ""K2O"": 0.13575625775897548, ""MgO"": 0.8251160234292187, ""Na2O"": 0.5571296668697233, ""SiO2"": 91.69769408012068, ""TiO2"": 0.2997217871855936}",ok,,ok,,ok,,out_of_domain,"AlphaMELTSDomainGate: SiO2 = 91.698 wt% outside MELTS calibration range [30.0, 80.0] wt%.",refused,coverage not measured for this engine,ok,,True,30,,,,
sf04_tholeiite,strip_modifiers,20,0.95,95.56294090844904,100.00000000000001,"{""Al2O3"": 1.364377618063103, ""CaO"": 0.8320059443240108, ""FeO"": 1.2692167918896469, ""K2O"": 0.07255316095761924, ""MgO"": 0.4409724947107485, ""Na2O"": 0.2977506824505212, ""SiO2"": 95.56294090844904, ""TiO2"": 0.16018239915532703}",ok,,ok,,ok,,out_of_domain,"AlphaMELTSDomainGate: SiO2 = 95.563 wt% outside MELTS calibration range [30.0, 80.0] wt%.",refused,coverage not measured for this engine,ok,,True,30,,,,
sf04_alkali_basalt,remove_silica,0,0.0,45.538425446157454,100.0,"{""Al2O3"": 14.08844859115514, ""CaO"": 10.327468967253104, ""FeO"": 12.450338754966126, ""K2O"": 1.107969889203011, ""MgO"": 11.252458874754112, ""Na2O"": 3.242579675742032, ""SiO2"": 45.538425446157454, ""TiO2"": 1.99230980076902}",ok,,ok,,ok,,ok,,refused,coverage not measured for this engine,ok,,True,30,,,,
sf04_alkali_basalt,remove_silica,1,0.0475,44.3343352522449,100.0,"{""Al2O3"": 14.399929904999274, ""CaO"": 10.555798834930943, ""FeO"": 12.725603121238226, ""K2O"": 1.1324659800646661, ""MgO"": 11.501239331424543, ""Na2O"": 3.3142698246686146, ""SiO2"": 44.3343352522449, ""TiO2"": 2.036357750428834}",ok,,ok,,ok,,ok,,refused,coverage not measured for this engine,ok,,True,30,,,,
sf04_alkali_basalt,remove_silica,2,0.095,43.075798881893434,100.0,"{""Al2O3"": 14.725495684157318, ""CaO"": 10.794453251653955, ""FeO"": 13.013314306136675, ""K2O"": 1.1580697275552514, ""MgO"": 11.761269065521958, ""Na2O"": 3.3892016364848394, ""SiO2"": 43.075798881893434, ""TiO2"": 2.0823974465965716}",ok,,ok,,ok,,ok,,refused,coverage not measured for this engine,ok,,True,30,,,,
sf04_alkali_basalt,remove_silica,3,0.1425,41.75903801623282,100.0,"{""Al2O3"": 15.066123326943595, ""CaO"": 11.044148694519992, ""FeO"": 13.314336062688156, ""K2O"": 1.1848579980447598, ""MgO"": 12.033328726119603, ""Na2O"": 3.4676000679621084, ""SiO2"": 41.75903801623282, ""TiO2"": 2.130567107488971}",ok,,ok,,ok,,ok,,refused,coverage not measured for this engine,ok,,True,30,,,,
sf04_alkali_basalt,remove_silica,4,0.19,40.3799164603673,100.0,"{""Al2O3"": 15.422882809201246, ""CaO"": 11.30566950413577, ""FeO"": 13.62961395715715, ""K2O"": 1.212914938556811, ""MgO"": 12.318272904061457, ""Na2O"": 3.5497113833998615, ""SiO2"": 40.3799164603673, ""TiO2"": 2.18101804312041}",ok,,ok,,ok,,ok,,refused,coverage not measured for this engine,ok,,True,30,,,,
sf04_alkali_basalt,remove_silica,5,0.2375,38.933896743923775,100.0,"{""Al2O3"": 15.796947911134183, ""CaO"": 11.579876114391642, ""FeO"": 13.960185290497563, ""K2O"": 1.242332859689983, ""MgO"": 12.617039098844863, ""Na2O"": 3.635805738579154, ""SiO2"": 38.933896743923775, ""TiO2"": 2.233916242938843}",ok,,ok,,ok,,ok,,refused,coverage not measured for this engine,ok,,True,30,,,,
sf04_alkali_basalt,remove_silica,6,0.285,37.415990248977096,100.0,"{""Al2O3"": 16.189609118516184, ""CaO"": 11.867714509630394, ""FeO"": 14.30719049949617, ""K2O"": 1.27321325021861, ""MgO"": 12.930658022829949, ""Na2O"": 3.726180150088775, ""SiO2"": 37.415990248977096, ""TiO2"": 2.2894442002428215}",ok,,ok,,ok,,ok,,refused,coverage not measured for this engine,ok,,True,30,,,,
sf04_alkali_basalt,remove_silica,7,0.33249999999999996,35.820699710424734,100.0,"{""Al2O3"": 16.60228849704079, ""CaO"": 12.170227128217357, ""FeO"": 14.671886301633384, ""K2O"": 1.30566794686898, ""MgO"": 13.260265481398704, ""Na2O"": 3.8211619187869865, ""SiO2"": 35.820699710424734, ""TiO2"": 2.3478030156290677}",ok,,ok,,ok,,ok,,refused,coverage not measured for this engine,ok,,True,30,,,,
sf04_alkali_basalt,remove_silica,8,0.38,34.14195269220673,100.0,"{""Al2O3"": 17.03655690109395, ""CaO"": 12.488565477347807, ""FeO"": 15.055660902935813, ""K2O"": 1.3398204876835322, ""MgO"": 13.607116117620008, ""Na2O"": 3.9211125905510693, ""SiO2"": 34.14195269220673, ""TiO2"": 2.4092148305610968}",ok,,ok,,ok,,ok,,refused,coverage not measured for this engine,observable_unavailable,"VapoRock System.eval_gas_abundances ignores total pressure; requested pressure_bar is diagnostic-only and this vapor result is non-authoritative for pressure-sensitive transport.; VapoRock speciation table has no finite log10_bar values (0 finite of 38 rows; 30 nan, 8 -inf, 0 other_nonfinite)",False,0,,,,
sf04_alkali_basalt,remove_silica,9,0.42749999999999994,32.37302434266706,100.0,"{""Al2O3"": 17.494153955863055, ""CaO"": 12.824004780835155, ""FeO"": 15.460051656700351, ""K2O"": 1.3758076834909156, ""MgO"": 13.972599371981358, ""Na2O"": 4.026432555334506, ""SiO2"": 32.37302434266706, ""TiO2"": 2.4739256531275995}",ok,,ok,,ok,,ok,,refused,coverage not measured for this engine,observable_unavailable,"VapoRock System.eval_gas_abundances ignores total pressure; requested pressure_bar is diagnostic-only and this vapor result is non-authoritative for pressure-sensitive transport.; VapoRock speciation table has no finite log10_bar values (0 finite of 38 rows; 30 nan, 8 -inf, 0 other_nonfinite)",False,0,,,,
sf04_alkali_basalt,remove_silica,10,0.475,30.50644735770634,100.0,"{""Al2O3"": 17.977011348611665, ""CaO"": 13.177961052667007, ""FeO"": 15.886765646616468, ""K2O"": 1.4137814496215881, ""MgO"": 14.358258085154775, ""Na2O"": 4.1375664078575864, ""SiO2"": 30.50644735770634, ""TiO2"": 2.5422086517645663}",ok,,ok,,ok,,ok,,refused,coverage not measured for this engine,observable_unavailable,"VapoRock System.eval_gas_abundances ignores total pressure; requested pressure_bar is diagnostic-only and this vapor result is non-authoritative for pressure-sensitive transport.; VapoRock speciation table has no finite log10_bar values (0 finite of 38 rows; 30 nan, 8 -inf, 0 other_nonfinite)",False,0,,,,
sf04_alkali_basalt,remove_silica,11,0.5225,28.5339066100214,100.00000000000001,"{""Al2O3"": 18.487280086623343, ""CaO"": 13.552011078308826, ""FeO"": 16.337703775340092, ""K2O"": 1.4539109495775664, ""MgO"": 14.765810268945533, ""Na2O"": 4.255009221261609, ""SiO2"": 28.5339066100214, ""TiO2"": 2.614368009921642}",ok,,ok,,ok,,out_of_domain,"AlphaMELTSDomainGate: SiO2 = 28.534 wt% outside MELTS calibration range [30.0, 80.0] wt%.",refused,coverage not measured for this engine,observable_unavailable,"VapoRock System.eval_gas_abundances ignores total pressure; requested pressure_bar is diagnostic-only and this vapor result is non-authoritative for pressure-sensitive transport.; VapoRock speciation table has no finite log10_bar values (0 finite of 38 rows; 30 nan, 8 -inf, 0 other_nonfinite)",False,0,,,,
sf04_alkali_basalt,remove_silica,12,0.57,26.446115308705814,100.00000000000001,"{""Al2O3"": 19.027362532983137, ""CaO"": 13.94791589837827, ""FeO"": 16.81498907537034, ""K2O"": 1.4963851144497318, ""MgO"": 15.197174693304898, ""Na2O"": 4.3793139204242095, ""SiO2"": 26.446115308705814, ""TiO2"": 2.6907434563836072}",ok,,ok,,ok,,out_of_domain,"AlphaMELTSDomainGate: SiO2 = 26.446 wt% outside MELTS calibration range [30.0, 80.0] wt%.",refused,coverage not measured for this engine,observable_unavailable,"VapoRock System.eval_gas_abundances ignores total pressure; requested pressure_bar is diagnostic-only and this vapor result is non-authoritative for pressure-sensitive transport.; VapoRock speciation table has no finite log10_bar values (0 finite of 38 rows; 30 nan, 8 -inf, 0 other_nonfinite)",False,0,,,,
sf04_alkali_basalt,remove_silica,13,0.6174999999999999,24.232668798582182,100.0,"{""Al2O3"": 19.599950226648122, ""CaO"": 14.367648532464656, ""FeO"": 17.321000131657225, ""K2O"": 1.541415617233927, ""MgO"": 15.654501093260714, ""Na2O"": 4.511099986579408, ""SiO2"": 24.232668798582182, ""TiO2"": 2.771715613573766}",ok,,ok,,ok,,out_of_domain,"AlphaMELTSDomainGate: SiO2 = 24.233 wt% outside MELTS calibration range [30.0, 80.0] wt%.",refused,coverage not measured for this engine,observable_unavailable,"VapoRock System.eval_gas_abundances ignores total pressure; requested pressure_bar is diagnostic-only and this vapor result is non-authoritative for pressure-sensitive transport.; VapoRock speciation table has no finite log10_bar values (0 finite of 38 rows; 30 nan, 8 -inf, 0 other_nonfinite)",False,0,,,,
sf04_alkali_basalt,remove_silica,14,0.6649999999999999,21.88187114293471,100.0,"{""Al2O3"": 20.208068743072115, ""CaO"": 14.813426863992488, ""FeO"": 17.858410726135276, ""K2O"": 1.5892404008433583, ""MgO"": 16.140205999146055, ""Na2O"": 4.651063782382788, ""SiO2"": 21.88187114293471, ""TiO2"": 2.8577123414932095}",ok,,ok,,ok,,out_of_domain,"AlphaMELTSDomainGate: SiO2 = 21.882 wt% outside MELTS calibration range [30.0, 80.0] wt%.",refused,coverage not measured for this engine,observable_unavailable,"VapoRock System.eval_gas_abundances ignores total pressure; requested pressure_bar is diagnostic-only and this vapor result is non-authoritative for pressure-sensitive transport.; VapoRock speciation table has no finite log10_bar values (0 finite of 38 rows; 30 nan, 8 -inf, 0 other_nonfinite)",False,0,,,,
sf04_alkali_basalt,remove_silica,15,0.7125,19.380528389312747,100.00000000000001,"{""Al2O3"": 20.855131173454517, ""CaO"": 15.28775284292568, ""FeO"": 18.43023709876585, ""K2O"": 1.6401278839228162, ""MgO"": 16.65701545053217, ""Na2O"": 4.799990860628397, ""SiO2"": 19.380528389312747, ""TiO2"": 2.9492163004578336}",ok,,ok,,ok,,out_of_domain,"AlphaMELTSDomainGate: SiO2 = 19.381 wt% outside MELTS calibration range [30.0, 80.0] wt%.",refused,coverage not measured for this engine,observable_unavailable,"VapoRock System.eval_gas_abundances ignores total pressure; requested pressure_bar is diagnostic-only and this vapor result is non-authoritative for pressure-sensitive transport.; VapoRock speciation table has no finite log10_bar values (0 finite of 38 rows; 30 nan, 8 -inf, 0 other_nonfinite)",False,0,,,,
sf04_alkali_basalt,remove_silica,16,0.76,16.71370080372403,100.0,"{""Al2O3"": 21.545002218293597, ""CaO"": 15.793459469236188, ""FeO"": 19.039894588724064, ""K2O"": 1.6943820014127002, ""MgO"": 17.208016187817677, ""Na2O"": 4.958770715940679, ""SiO2"": 16.71370080372403, ""TiO2"": 3.046774014851067}",ok,,ok,,ok,,out_of_domain,"AlphaMELTSDomainGate: SiO2 = 16.714 wt% outside MELTS calibration range [30.0, 80.0] wt%.",refused,coverage not measured for this engine,observable_unavailable,"VapoRock System.eval_gas_abundances ignores total pressure; requested pressure_bar is diagnostic-only and this vapor result is non-authoritative for pressure-sensitive transport.; VapoRock speciation table has no finite log10_bar values (0 finite of 38 rows; 30 nan, 8 -inf, 0 other_nonfinite)",False,0,,,,
sf04_alkali_basalt,remove_silica,17,0.8074999999999999,13.864404247128594,100.0,"{""Al2O3"": 22.28207543711624, ""CaO"": 16.333767420444044, ""FeO"": 19.691265902050677, ""K2O"": 1.752348279765459, ""MgO"": 17.79671735166984, ""Na2O"": 5.128414564475466, ""SiO2"": 13.864404247128594, ""TiO2"": 3.151006797349677}",ok,,ok,,ok,,out_of_domain,"AlphaMELTSDomainGate: SiO2 = 13.864 wt% outside MELTS calibration range [30.0, 80.0] wt%.",refused,coverage not measured for this engine,observable_unavailable,"VapoRock System.eval_gas_abundances ignores total pressure; requested pressure_bar is diagnostic-only and this vapor result is non-authoritative for pressure-sensitive transport.; VapoRock speciation table has no finite log10_bar values (0 finite of 38 rows; 30 nan, 8 -inf, 0 other_nonfinite)",False,0,,,,
sf04_alkali_basalt,remove_silica,18,0.8549999999999999,10.813248083610855,100.0,"{""Al2O3"": 23.07136691657592, ""CaO"": 16.91235371456266, ""FeO"": 20.388783888655023, ""K2O"": 1.8144212033657798, ""MgO"": 18.42712529583409, ""Na2O"": 5.310076902452061, ""SiO2"": 10.813248083610855, ""TiO2"": 3.2626239949436147}",ok,,ok,,ok,,out_of_domain,"AlphaMELTSDomainGate: SiO2 = 10.813 wt% outside MELTS calibration range [30.0, 80.0] wt%.",refused,coverage not measured for this engine,observable_unavailable,"VapoRock System.eval_gas_abundances ignores total pressure; requested pressure_bar is diagnostic-only and this vapor result is non-authoritative for pressure-sensitive transport.; VapoRock speciation table has no finite log10_bar values (0 finite of 38 rows; 30 nan, 8 -inf, 0 other_nonfinite)",False,0,,,,
sf04_alkali_basalt,remove_silica,19,0.9025000000000001,7.537993304752249,100.0,"{""Al2O3"": 23.918629577505154, ""CaO"": 17.53343550232972, ""FeO"": 21.13753255851393, ""K2O"": 1.8810532040776937, ""MgO"": 19.103834884298386, ""Na2O"": 5.505081814921206, ""SiO2"": 7.537993304752249, ""TiO2"": 3.382439153601659}",ok,,not_converged,IMCC-SF04 parent-balance solve did not converge,ok,,out_of_domain,"AlphaMELTSDomainGate: SiO2 = 7.538 wt% outside MELTS calibration range [30.0, 80.0] wt%.",refused,coverage not measured for this engine,observable_unavailable,"VapoRock System.eval_gas_abundances ignores total pressure; requested pressure_bar is diagnostic-only and this vapor result is non-authoritative for pressure-sensitive transport.; VapoRock speciation table has no finite log10_bar values (0 finite of 38 rows; 30 nan, 8 -inf, 0 other_nonfinite)",False,0,,0,,
sf04_alkali_basalt,remove_silica,20,0.95,4.013009578689704,100.0,"{""Al2O3"": 24.830493628739912, ""CaO"": 18.2018730262025, ""FeO"": 21.943371204472154, ""K2O"": 1.9527657070745865, ""MgO"": 19.832141671912147, ""Na2O"": 5.714955302441323, ""SiO2"": 4.013009578689704, ""TiO2"": 3.511389880467675}",ok,,ok,,ok,,out_of_domain,"AlphaMELTSDomainGate: SiO2 = 4.013 wt% outside MELTS calibration range [30.0, 80.0] wt%.",refused,coverage not measured for this engine,observable_unavailable,"VapoRock System.eval_gas_abundances ignores total pressure; requested pressure_bar is diagnostic-only and this vapor result is non-authoritative for pressure-sensitive transport.; VapoRock speciation table has no finite log10_bar values (0 finite of 38 rows; 30 nan, 8 -inf, 0 other_nonfinite)",False,0,,,,
sf04_alkali_basalt,strip_modifiers,0,0.0,45.538425446157454,100.0,"{""Al2O3"": 14.08844859115514, ""CaO"": 10.327468967253104, ""FeO"": 12.450338754966126, ""K2O"": 1.107969889203011, ""MgO"": 11.252458874754112, ""Na2O"": 3.242579675742032, ""SiO2"": 45.538425446157454, ""TiO2"": 1.99230980076902}",ok,,ok,,ok,,ok,,refused,coverage not measured for this engine,ok,,True,30,,,,
sf04_alkali_basalt,strip_modifiers,1,0.0475,46.747754701921075,100.0,"{""Al2O3"": 13.775612005191917, ""CaO"": 10.098145623916, ""FeO"": 12.173876698481463, ""K2O"": 1.0833672145191622, ""MgO"": 11.002595960800644, ""Na2O"": 3.170577599082596, ""SiO2"": 46.747754701921075, ""TiO2"": 1.948070196087143}",ok,,ok,,ok,,ok,,refused,coverage not measured for this engine,ok,,True,30,,,,
sf04_alkali_basalt,strip_modifiers,2,0.095,48.023066681201755,100.0,"{""Al2O3"": 13.4457066103338, ""CaO"": 9.85631007293379, ""FeO"": 11.882330479144503, ""K2O"": 1.057422182926549, ""MgO"": 10.739100171027806, ""Na2O"": 3.0946469867541273, ""SiO2"": 48.023066681201755, ""TiO2"": 1.9014168156776747}",ok,,ok,,ok,,ok,,refused,coverage not measured for this engine,ok,,True,30,,,,
sf04_alkali_basalt,strip_modifiers,3,0.1425,49.36991300291559,100.0,"{""Al2O3"": 13.097296280314927, ""CaO"": 9.60090956890673, ""FeO"": 11.57443095377108, ""K2O"": 1.0300218519212923, ""MgO"": 10.46082446985953, ""Na2O"": 3.014457301734653, ""SiO2"": 49.36991300291559, ""TiO2"": 1.8521465705761975}",ok,,ok,,ok,,ok,,refused,coverage not measured for this engine,ok,,True,30,,,,
sf04_alkali_basalt,strip_modifiers,4,0.19,50.79448605572904,100.0,"{""Al2O3"": 12.7287791306856, ""CaO"": 9.330769858201691, ""FeO"": 11.248762494237491, ""K2O"": 1.0010402431371601, ""MgO"": 10.166489430482024, ""Na2O"": 2.929639856306301, ""SiO2"": 50.79448605572904, ""TiO2"": 1.8000329312206969}",ok,,ok,,ok,,ok,,refused,coverage not measured for this engine,ok,,True,30,,,,
sf04_alkali_basalt,strip_modifiers,5,0.2375,52.303714192223794,100.0,"{""Al2O3"": 12.338362893411551, ""CaO"": 9.04457712742147, ""FeO"": 10.903741225355349, ""K2O"": 0.9703364057091586, ""MgO"": 9.854663566509993, ""Na2O"": 2.83978214430391, ""SiO2"": 52.303714192223794, ""TiO2"": 1.7448224450647707}",ok,,ok,,ok,,ok,,refused,coverage not measured for this engine,ok,,True,30,,,,
sf04_alkali_basalt,strip_modifiers,6,0.285,53.90537441344944,100.0,"{""Al2O3"": 11.924035766954212, ""CaO"": 8.740856635197387, ""FeO"": 10.537589264308048, ""K2O"": 0.9377521238115092, ""MgO"": 9.52374004991476, ""Na2O"": 2.7444211320060323, ""SiO2"": 53.90537441344944, ""TiO2"": 1.6862306143586088}",ok,,ok,,ok,,ok,,refused,coverage not measured for this engine,ok,,True,30,,,,
sf04_alkali_basalt,strip_modifiers,7,0.33249999999999996,55.60822641147072,99.99999999999999,"{""Al2O3"": 11.483531741336098, ""CaO"": 8.417947293896512, ""FeO"": 10.14830407748379, ""K2O"": 0.9031091896871661, ""MgO"": 9.171909016117088, ""Na2O"": 2.6430352773954273, ""SiO2"": 55.60822641147072, ""TiO2"": 1.6239369926131917}",ok,,ok,,ok,,ok,,refused,coverage not measured for this engine,ok,,True,30,,,,
sf04_alkali_basalt,strip_modifiers,8,0.38,57.42217284681015,100.0,"{""Al2O3"": 11.014289136605246, ""CaO"": 8.073971276443935, ""FeO"": 9.733621839807912, ""K2O"": 0.8662061429528807, ""MgO"": 8.797124448614648, ""Na2O"": 2.5350349874239844, ""SiO2"": 57.42217284681015, ""TiO2"": 1.55757932134124}",ok,,ok,,ok,,ok,,refused,coverage not measured for this engine,ok,,True,30,,,,
sf04_alkali_basalt,strip_modifiers,9,0.42749999999999994,59.35845205328215,100.0,"{""Al2O3"": 10.513400752786405, ""CaO"": 7.706797473986068, ""FeO"": 9.290973380921727, ""K2O"": 0.8268143501992593, ""MgO"": 8.397064363695007, ""Na2O"": 2.4197511445879525, ""SiO2"": 59.35845205328215, ""TiO2"": 1.486746480541428}",ok,,ok,,ok,,ok,,refused,coverage not measured for this engine,ok,,True,30,,,,
sf04_alkali_basalt,strip_modifiers,10,0.475,61.42987109150015,100.0,"{""Al2O3"": 9.977553582194178, ""CaO"": 7.313997302293929, ""FeO"": 8.817430907341507, ""K2O"": 0.7846732637347389, ""MgO"": 7.96908265859599, ""Na2O"": 2.296421231189463, ""SiO2"": 61.42987109150015, ""TiO2"": 1.410969963150047}",ok,,ok,,ok,,ok,,refused,coverage not measured for this engine,ok,,True,30,,,,
sf04_alkali_basalt,strip_modifiers,11,0.5225,63.65108936371804,99.99999999999999,"{""Al2O3"": 9.402955442235175, ""CaO"": 6.8927909202943205, ""FeO"": 8.309643165903864, ""K2O"": 0.7394846517064196, ""MgO"": 7.510150513046761, ""Na2O"": 2.1641724432342047, ""SiO2"": 63.65108936371804, ""TiO2"": 1.3297134998612028}",ok,,ok,,ok,,ok,,refused,coverage not measured for this engine,ok,,True,30,,,,
sf04_alkali_basalt,strip_modifiers,12,0.57,66.03896606769908,100.0,"{""Al2O3"": 8.785245093945584, ""CaO"": 6.439981342899339, ""FeO"": 7.763756013113896, ""K2O"": 0.6909055294754843, ""MgO"": 7.016784600848135, ""Na2O"": 2.0220010034266416, ""SiO2"": 66.03896606769908, ""TiO2"": 1.242360348591841}",ok,,ok,,ok,,ok,,refused,coverage not measured for this engine,ok,,True,30,,,,
sf04_alkali_basalt,strip_modifiers,13,0.6174999999999999,68.61298890753768,100.0,"{""Al2O3"": 8.11938134048995, ""CaO"": 5.9518731451983555, ""FeO"": 7.175314408522987, ""K2O"": 0.6385394378957693, ""MgO"": 6.484958512725641, ""Na2O"": 1.8687466362194496, ""SiO2"": 68.61298890753768, ""TiO2"": 1.1481976114101646}",ok,,ok,,ok,,ok,,refused,coverage not measured for this engine,ok,,True,30,,,,
sf04_alkali_basalt,strip_modifiers,14,0.6649999999999999,71.39580713087557,100.0,"{""Al2O3"": 7.399505137879144, ""CaO"": 5.424171383388003, ""FeO"": 6.539140558283006, ""K2O"": 0.5819255991692452, ""MgO"": 5.909992624013255, ""Na2O"": 1.7030608313891276, ""SiO2"": 71.39580713087557, ""TiO2"": 1.0463967350026437}",ok,,ok,,ok,,ok,,refused,coverage not measured for this engine,ok,,True,30,,,,
sf04_alkali_basalt,strip_modifiers,15,0.7125,74.41389976361128,99.99999999999999,"{""Al2O3"": 6.618766731985198, ""CaO"": 4.85185487839863, ""FeO"": 5.849181151503863, ""K2O"": 0.5205253222347128, ""MgO"": 5.2864160288033215, ""Na2O"": 1.5233670581079226, ""SiO2"": 74.41389976361128, ""TiO2"": 0.9359890653550554}",ok,,ok,,ok,,ok,,refused,coverage not measured for this engine,ok,,True,30,,,,
sf04_alkali_basalt,strip_modifiers,16,0.76,77.69842081404504,100.0,"{""Al2O3"": 5.769107016035289, ""CaO"": 4.2290159410647705, ""FeO"": 5.098314140024262, ""K2O"": 0.4537048078785543, ""MgO"": 4.607791909944418, ""Na2O"": 1.3278104424585888, ""SiO2"": 77.69842081404504, ""TiO2"": 0.8158349285490787}",ok,,ok,,ok,,ok,,refused,coverage not measured for this engine,ok,,True,30,,,,
sf04_alkali_basalt,strip_modifiers,17,0.8074999999999999,81.28627864952912,99.99999999999999,"{""Al2O3"": 4.840978310949503, ""CaO"": 3.5486556915048615, ""FeO"": 4.278101984529671, ""K2O"": 0.3807131898244818, ""MgO"": 3.866494526000152, ""Na2O"": 1.1141935025867742, ""SiO2"": 81.28627864952912, ""TiO2"": 0.6845841450754202}",ok,,ok,,ok,,out_of_domain,"AlphaMELTSDomainGate: SiO2 = 81.286 wt% outside MELTS calibration range [30.0, 80.0] wt%.",refused,coverage not measured for this engine,ok,,True,30,,,,
sf04_alkali_basalt,strip_modifiers,18,0.8549999999999999,85.22152890332123,100.0,"{""Al2O3"": 3.822984039794731, ""CaO"": 2.802419924225795, ""FeO"": 3.37847322523187, ""K2O"": 0.3006541973440207, ""MgO"": 3.053421418852224, ""Na2O"": 0.8798932166247954, ""SiO2"": 85.22152890332123, ""TiO2"": 0.5406250746053286}",ok,,ok,,ok,,out_of_domain,"AlphaMELTSDomainGate: SiO2 = 85.222 wt% outside MELTS calibration range [30.0, 80.0] wt%.",refused,coverage not measured for this engine,ok,,True,30,,,,
sf04_alkali_basalt,strip_modifiers,19,0.9025000000000001,89.55719256805708,100.0,"{""Al2O3"": 2.701408412399278, ""CaO"": 1.9802543457088024, ""FeO"": 2.3873068515863163, ""K2O"": 0.21244916784217058, ""MgO"": 2.1576177723018772, ""Na2O"": 0.6217527754918143, ""SiO2"": 89.55719256805708, ""TiO2"": 0.3820181066126654}",ok,,ok,,ok,,out_of_domain,"AlphaMELTSDomainGate: SiO2 = 89.557 wt% outside MELTS calibration range [30.0, 80.0] wt%.",refused,coverage not measured for this engine,ok,,True,30,,,,
sf04_alkali_basalt,strip_modifiers,20,0.95,94.35765881253319,100.0,"{""Al2O3"": 1.4595948502149003, ""CaO"": 1.0699489317667221, ""FeO"": 1.2898829997213734, ""K2O"": 0.1147881637932209, ""MgO"": 1.1657799593460711, ""Na2O"": 0.33593852193888124, ""SiO2"": 94.35765881253319, ""TiO2"": 0.20640776068564304}",ok,,ok,,ok,,out_of_domain,"AlphaMELTSDomainGate: SiO2 = 94.358 wt% outside MELTS calibration range [30.0, 80.0] wt%.",refused,coverage not measured for this engine,ok,,True,30,,,,
sf04_komatiite,remove_silica,0,0.0,47.81726478172648,100.0,"{""Al2O3"": 4.101520410152041, ""CaO"": 5.522840552284055, ""FeO"": 11.705581170558116, ""K2O"": 0.09137000913700093, ""MgO"": 30.050763005076302, ""Na2O"": 0.46701004670100477, ""SiO2"": 47.81726478172648, ""TiO2"": 0.2436500243650025}",ok,,not_converged,IMCC-SF04 parent-balance solve did not converge,ok,,ok,,refused,coverage not measured for this engine,ok,,True,30,,0,,
sf04_komatiite,remove_silica,1,0.0475,46.60448165322752,99.99999999999999,"{""Al2O3"": 4.1968441744932505, ""CaO"": 5.651197331881427, ""FeO"": 11.977631520037622, ""K2O"": 0.0934935468371356, ""MgO"": 30.749175194828943, ""Na2O"": 0.4778638645990007, ""SiO2"": 46.60448165322752, ""TiO2"": 0.2493127140950869}",ok,,ok,,ok,,ok,,refused,coverage not measured for this engine,ok,,True,30,,,,
sf04_komatiite,remove_silica,2,0.095,45.33398440664657,99.99999999999999,"{""Al2O3"": 4.296704221424423, ""CaO"": 5.785662374498154, ""FeO"": 12.262628245192344, ""K2O"": 0.09571813979001678, ""MgO"": 31.480823535911615, ""Na2O"": 0.48923419572437055, ""SiO2"": 45.33398440664657, ""TiO2"": 0.25524488081249413}",ok,,ok,,ok,,ok,,refused,coverage not measured for this engine,ok,,True,30,,,,
sf04_komatiite,remove_silica,3,0.1425,44.00155286365673,100.0,"{""Al2O3"": 4.401432253518639, ""CaO"": 5.926682329239619, ""FeO"": 12.561518012381436, ""K2O"": 0.09805117736936503, ""MgO"": 32.24813832597373, ""Na2O"": 0.5011588086162544, ""SiO2"": 44.00155286365673, ""TiO2"": 0.26146622924423546}",ok,,ok,,ok,,ok,,refused,coverage not measured for this engine,ok,,True,30,,,,
sf04_komatiite,remove_silica,4,0.19,42.60254511550962,100.00000000000001,"{""Al2O3"": 4.5113931210159945, ""CaO"": 6.07474847970313, ""FeO"": 12.87534209012815, ""K2O"": 0.10050078738302666, ""MgO"": 33.05379272691652, ""Na2O"": 0.5136792460955159, ""SiO2"": 42.60254511550962, ""TiO2"": 0.26799843324805134}",ok,,ok,,ok,,ok,,refused,coverage not measured for this engine,ok,,True,30,,,,
sf04_komatiite,remove_silica,5,0.2375,41.131843492798694,99.99999999999999,"{""Al2O3"": 4.626989068556134, ""CaO"": 6.230402462351656, ""FeO"": 13.205248469130789, ""K2O"": 0.1030759306778887, ""MgO"": 33.900733879587065, ""Na2O"": 0.526841308809027, ""SiO2"": 41.131843492798694, ""TiO2"": 0.2748653880887335}",ok,,ok,,ok,,ok,,refused,coverage not measured for this engine,ok,,True,30,,,,
sf04_komatiite,remove_silica,6,0.285,39.58379201024807,99.99999999999999,"{""Al2O3"": 4.748664651966796, ""CaO"": 6.394242887141426, ""FeO"": 13.552505894587735, ""K2O"": 0.1057865106717037, ""MgO"": 34.792218927796945, ""Na2O"": 0.5406956150683195, ""SiO2"": 39.58379201024807, ""TiO2"": 0.2820935025189954}",ok,,ok,,ok,,ok,,refused,coverage not measured for this engine,ok,,True,30,,,,
sf04_komatiite,remove_silica,7,0.33249999999999996,37.95212367488126,100.0,"{""Al2O3"": 4.876912451782438, ""CaO"": 6.566933030974401, ""FeO"": 13.918520172359386, ""K2O"": 0.10864350063375564, ""MgO"": 35.73185687977278, ""Na2O"": 0.5552982514060438, ""SiO2"": 37.95212367488126, ""TiO2"": 0.28971203818993724}",ok,,ok,,ok,,ok,,refused,coverage not measured for this engine,observable_unavailable,"VapoRock System.eval_gas_abundances ignores total pressure; requested pressure_bar is diagnostic-only and this vapor result is non-authoritative for pressure-sensitive transport.; VapoRock speciation table has no finite log10_bar values (0 finite of 38 rows; 30 nan, 8 -inf, 0 other_nonfinite)",False,0,,,,
sf04_komatiite,remove_silica,8,0.38,36.229875688051955,100.0,"{""Al2O3"": 5.0122797382954305, ""CaO"": 6.749209812422599, ""FeO"": 14.30485319076738, ""K2O"": 0.11165909216291851, ""MgO"": 36.72365744123613, ""Na2O"": 0.5707115314764647, ""SiO2"": 36.229875688051955, ""TiO2"": 0.2977535055871194}",ok,,ok,,ok,,ok,,refused,coverage not measured for this engine,observable_unavailable,"VapoRock System.eval_gas_abundances ignores total pressure; requested pressure_bar is diagnostic-only and this vapor result is non-authoritative for pressure-sensitive transport.; VapoRock speciation table has no finite log10_bar values (0 finite of 38 rows; 30 nan, 8 -inf, 0 other_nonfinite)",False,0,,,,
sf04_komatiite,remove_silica,9,0.42749999999999994,34.40929012199333,100.00000000000001,"{""Al2O3"": 5.15537627829824, ""CaO"": 6.9418943037792475, ""FeO"": 14.713245200735901, ""K2O"": 0.11484686909928765, ""MgO"": 37.7720882133535, ""Na2O"": 0.5870048849519353, ""SiO2"": 34.40929012199333, ""TiO2"": 0.3062541277885678}",ok,,ok,,ok,,ok,,refused,coverage not measured for this engine,observable_unavailable,"VapoRock System.eval_gas_abundances ignores total pressure; requested pressure_bar is diagnostic-only and this vapor result is non-authoritative for pressure-sensitive transport.; VapoRock speciation table has no finite log10_bar values (0 finite of 38 rows; 30 nan, 8 -inf, 0 other_nonfinite)",False,0,,,,
sf04_komatiite,remove_silica,10,0.475,32.4816970827415,100.0,"{""Al2O3"": 5.3068835183823095, ""CaO"": 7.1459040966916065, ""FeO"": 15.145641024572742, ""K2O"": 0.11822201210151155, ""MgO"": 38.88214197635569, ""Na2O"": 0.6042559031577861, ""SiO2"": 32.4816970827415, ""TiO2"": 0.3152543859968621}",ok,,ok,,ok,,ok,,refused,coverage not measured for this engine,observable_unavailable,"VapoRock System.eval_gas_abundances ignores total pressure; requested pressure_bar is diagnostic-only and this vapor result is non-authoritative for pressure-sensitive transport.; VapoRock speciation table has no finite log10_bar values (0 finite of 38 rows; 30 nan, 8 -inf, 0 other_nonfinite)",False,0,,,,
sf04_komatiite,remove_silica,11,0.5225,30.43737664748789,100.0,"{""Al2O3"": 5.467565436549514, ""CaO"": 7.362267914234996, ""FeO"": 15.604221026050162, ""K2O"": 0.12180154038930181, ""MgO"": 40.05941619644539, ""Na2O"": 0.622551574665731, ""SiO2"": 30.43737664748789, ""TiO2"": 0.32479966417700984}",ok,,ok,,ok,,ok,,refused,coverage not measured for this engine,observable_unavailable,"VapoRock System.eval_gas_abundances ignores total pressure; requested pressure_bar is diagnostic-only and this vapor result is non-authoritative for pressure-sensitive transport.; VapoRock speciation table has no finite log10_bar values (0 finite of 38 rows; 30 nan, 8 -inf, 0 other_nonfinite)",False,0,,,,
sf04_komatiite,remove_silica,12,0.57,28.26539493721886,100.0,"{""Al2O3"": 5.638281426768935, ""CaO"": 7.592142960418711, ""FeO"": 16.09143788243332, ""K2O"": 0.12560459877408317, ""MgO"": 41.31020742756121, ""Na2O"": 0.6419897523638458, ""SiO2"": 28.26539493721886, ""TiO2"": 0.3349410144610416}",ok,,ok,,ok,,out_of_domain,"AlphaMELTSDomainGate: SiO2 = 28.265 wt% outside MELTS calibration range [30.0, 80.0] wt%.",refused,coverage not measured for this engine,observable_unavailable,"VapoRock System.eval_gas_abundances ignores total pressure; requested pressure_bar is diagnostic-only and this vapor result is non-authoritative for pressure-sensitive transport.; VapoRock speciation table has no finite log10_bar values (0 finite of 38 rows; 30 nan, 8 -inf, 0 other_nonfinite)",False,0,,,,
sf04_komatiite,remove_silica,13,0.6174999999999999,25.953408489354743,100.0,"{""Al2O3"": 5.8200016751278, ""CaO"": 7.836835624710552, ""FeO"": 16.61006046742244, ""K2O"": 0.1296528001951538, ""MgO"": 42.64162396839794, ""Na2O"": 0.6626809042261003, ""SiO2"": 25.953408489354743, ""TiO2"": 0.34573607056527556}",ok,,ok,,ok,,out_of_domain,"AlphaMELTSDomainGate: SiO2 = 25.953 wt% outside MELTS calibration range [30.0, 80.0] wt%.",refused,coverage not measured for this engine,observable_unavailable,"VapoRock System.eval_gas_abundances ignores total pressure; requested pressure_bar is diagnostic-only and this vapor result is non-authoritative for pressure-sensitive transport.; VapoRock speciation table has no finite log10_bar values (0 finite of 38 rows; 30 nan, 8 -inf, 0 other_nonfinite)",False,0,,,,
sf04_komatiite,remove_silica,14,0.6649999999999999,23.487429540436835,100.0,"{""Al2O3"": 6.013825608420784, ""CaO"": 8.097826323706979, ""FeO"": 17.163226502715617, ""K2O"": 0.13397063670088336, ""MgO"": 44.0617210303758, ""Na2O"": 0.6847502139179111, ""SiO2"": 23.487429540436835, ""TiO2"": 0.3572501437251859}",ok,,ok,,ok,,out_of_domain,"AlphaMELTSDomainGate: SiO2 = 23.487 wt% outside MELTS calibration range [30.0, 80.0] wt%.",refused,coverage not measured for this engine,observable_unavailable,"VapoRock System.eval_gas_abundances ignores total pressure; requested pressure_bar is diagnostic-only and this vapor result is non-authoritative for pressure-sensitive transport.; VapoRock speciation table has no finite log10_bar values (0 finite of 38 rows; 30 nan, 8 -inf, 0 other_nonfinite)",False,0,,,,
sf04_komatiite,remove_silica,15,0.7125,20.851542792217476,100.0,"{""Al2O3"": 6.221004156104216, ""CaO"": 8.376799477632344, ""FeO"": 17.754506092768143, ""K2O"": 0.1385859753806497, ""MgO"": 45.57966384513311, ""Na2O"": 0.7083401156015894, ""SiO2"": 20.851542792217476, ""TiO2"": 0.3695575451624746}",ok,,ok,,ok,,out_of_domain,"AlphaMELTSDomainGate: SiO2 = 20.852 wt% outside MELTS calibration range [30.0, 80.0] wt%.",refused,coverage not measured for this engine,observable_unavailable,"VapoRock System.eval_gas_abundances ignores total pressure; requested pressure_bar is diagnostic-only and this vapor result is non-authoritative for pressure-sensitive transport.; VapoRock speciation table has no finite log10_bar values (0 finite of 38 rows; 30 nan, 8 -inf, 0 other_nonfinite)",False,0,,,,
sf04_komatiite,remove_silica,16,0.76,18.027561543801394,100.0,"{""Al2O3"": 6.4429667780292, ""CaO"": 8.67567990412598, ""FeO"": 18.387978860901093, ""K2O"": 0.14353066046454194, ""MgO"": 47.2059256896294, ""Na2O"": 0.7336133713860757, ""SiO2"": 18.027561543801394, ""TiO2"": 0.3827431916623142}",ok,,ok,,ok,,out_of_domain,"AlphaMELTSDomainGate: SiO2 = 18.028 wt% outside MELTS calibration range [30.0, 80.0] wt%.",refused,coverage not measured for this engine,observable_unavailable,"VapoRock System.eval_gas_abundances ignores total pressure; requested pressure_bar is diagnostic-only and this vapor result is non-authoritative for pressure-sensitive transport.; VapoRock speciation table has no finite log10_bar values (0 finite of 38 rows; 30 nan, 8 -inf, 0 other_nonfinite)",False,0,,,,
sf04_komatiite,remove_silica,17,0.8074999999999999,14.994607485780934,100.0,"{""Al2O3"": 6.681354492279721, ""CaO"": 8.996677291380303, ""FeO"": 19.068328209478352, ""K2O"": 0.14884124908804497, ""MgO"": 48.952529872442355, ""Na2O"": 0.7607568319646261, ""SiO2"": 14.994607485780934, ""TiO2"": 0.39690456758566445}",ok,,ok,,ok,,out_of_domain,"AlphaMELTSDomainGate: SiO2 = 14.995 wt% outside MELTS calibration range [30.0, 80.0] wt%.",refused,coverage not measured for this engine,observable_unavailable,"VapoRock System.eval_gas_abundances ignores total pressure; requested pressure_bar is diagnostic-only and this vapor result is non-authoritative for pressure-sensitive transport.; VapoRock speciation table has no finite log10_bar values (0 finite of 38 rows; 30 nan, 8 -inf, 0 other_nonfinite)",False,0,,,,
sf04_komatiite,remove_silica,18,0.8549999999999999,11.72859362535124,100.0,"{""Al2O3"": 6.938060516836688, ""CaO"": 9.342340923561592, ""FeO"": 19.800957309649398, ""K2O"": 0.1545599166707387, ""MgO"": 50.83334750456789, ""Na2O"": 0.7899860641830108, ""SiO2"": 11.72859362535124, ""TiO2"": 0.41215413917944066}",not_converged,IMCC-SF04 parent-balance solve did not converge,not_converged,IMCC-SF04 parent-balance solve did not converge,ok,,out_of_domain,"AlphaMELTSDomainGate: SiO2 = 11.729 wt% outside MELTS calibration range [30.0, 80.0] wt%.",refused,coverage not measured for this engine,observable_unavailable,"VapoRock System.eval_gas_abundances ignores total pressure; requested pressure_bar is diagnostic-only and this vapor result is non-authoritative for pressure-sensitive transport.; VapoRock speciation table has no finite log10_bar values (0 finite of 38 rows; 30 nan, 8 -inf, 0 other_nonfinite)",False,0,,0,,0
sf04_komatiite,remove_silica,19,0.9025000000000001,8.201583248623093,100.0,"{""Al2O3"": 7.2152806546171, ""CaO"": 9.715627526025841, ""FeO"": 20.59213289830912, ""K2O"": 0.1607355793492082, ""MgO"": 52.86446665737126, ""Na2O"": 0.8215510880143782, ""SiO2"": 8.201583248623093, ""TiO2"": 0.4286223476899922}",ok,,ok,,ok,,out_of_domain,"AlphaMELTSDomainGate: SiO2 = 8.202 wt% outside MELTS calibration range [30.0, 80.0] wt%.",refused,coverage not measured for this engine,observable_unavailable,"VapoRock System.eval_gas_abundances ignores total pressure; requested pressure_bar is diagnostic-only and this vapor result is non-authoritative for pressure-sensitive transport.; VapoRock speciation table has no finite log10_bar values (0 finite of 38 rows; 30 nan, 8 -inf, 0 other_nonfinite)",False,0,,,,
sf04_komatiite,remove_silica,20,0.95,4.38098880533668,100.0,"{""Al2O3"": 7.515576260481877, ""CaO"": 10.11998605259507, ""FeO"": 21.449164983511345, ""K2O"": 0.16742529669981598, ""MgO"": 55.06465370531861, ""Na2O"": 0.8557435461506081, ""SiO2"": 4.38098880533668, ""TiO2"": 0.44646134990598846}",not_converged,IMCC-SF04 parent-balance solve did not converge,not_converged,IMCC-SF04 parent-balance solve did not converge,ok,,out_of_domain,"AlphaMELTSDomainGate: SiO2 = 4.381 wt% outside MELTS calibration range [30.0, 80.0] wt%.",refused,coverage not measured for this engine,observable_unavailable,"VapoRock System.eval_gas_abundances ignores total pressure; requested pressure_bar is diagnostic-only and this vapor result is non-authoritative for pressure-sensitive transport.; VapoRock speciation table has no finite log10_bar values (0 finite of 38 rows; 30 nan, 8 -inf, 0 other_nonfinite)",False,0,,0,,0
sf04_komatiite,strip_modifiers,0,0.0,47.81726478172648,100.0,"{""Al2O3"": 4.101520410152041, ""CaO"": 5.522840552284055, ""FeO"": 11.705581170558116, ""K2O"": 0.09137000913700093, ""MgO"": 30.050763005076302, ""Na2O"": 0.46701004670100477, ""SiO2"": 47.81726478172648, ""TiO2"": 0.2436500243650025}",ok,,not_converged,IMCC-SF04 parent-balance solve did not converge,ok,,ok,,refused,coverage not measured for this engine,ok,,True,30,,0,,
sf04_komatiite,strip_modifiers,1,0.0475,49.03262665426045,100.0,"{""Al2O3"": 4.005993958633779, ""CaO"": 5.394210847320257, ""FeO"": 11.432952359687237, ""K2O"": 0.08924195615293073, ""MgO"": 29.350865779602106, ""Na2O"": 0.45613315030075713, ""SiO2"": 49.03262665426045, ""TiO2"": 0.2379752940424819}",ok,,ok,,ok,,ok,,refused,coverage not measured for this engine,ok,,True,30,,,,
sf04_komatiite,strip_modifiers,2,0.095,50.31138098027803,100.0,"{""Al2O3"": 3.9054849119961723, ""CaO"": 5.258871903920728, ""FeO"": 11.146103414383976, ""K2O"": 0.08700290536413094, ""MgO"": 28.614462388094687, ""Na2O"": 0.44468892233887264, ""SiO2"": 50.31138098027803, ""TiO2"": 0.23200457362340487}",ok,,ok,,ok,,ok,,refused,coverage not measured for this engine,ok,,True,30,,,,
sf04_komatiite,strip_modifiers,3,0.1425,51.65862033364874,100.00000000000001,"{""Al2O3"": 3.7995929980883147, ""CaO"": 5.116284741647503, ""FeO"": 10.843891973356858, ""K2O"": 0.0846439398650572, ""MgO"": 27.83862014161394, ""Na2O"": 0.4326317867613041, ""SiO2"": 51.65862033364874, ""TiO2"": 0.2257140850182903}",ok,,ok,,ok,,ok,,refused,coverage not measured for this engine,ok,,True,30,,,,
sf04_komatiite,strip_modifiers,4,0.19,53.079997773176494,100.00000000000001,"{""Al2O3"": 3.687873891100776, ""CaO"": 4.965851060272047, ""FeO"": 10.52504994787089, ""K2O"": 0.0821551613620994, ""MgO"": 27.020083581632065, ""Na2O"": 0.419911151447018, ""SiO2"": 53.079997773176494, ""TiO2"": 0.2190774331386179}",ok,,ok,,ok,,ok,,refused,coverage not measured for this engine,ok,,True,30,,,,
sf04_komatiite,strip_modifiers,5,0.2375,54.58180613244466,100.0,"{""Al2O3"": 3.5698329794484795, ""CaO"": 4.806904848011771, ""FeO"": 10.188165735525496, ""K2O"": 0.07952555134004165, ""MgO"": 26.1552288189479, ""Na2O"": 0.4064706986025265, ""SiO2"": 54.58180613244466, ""TiO2"": 0.2120652356791195}",ok,,ok,,ok,,ok,,refused,coverage not measured for this engine,ok,,True,30,,,,
sf04_komatiite,strip_modifiers,6,0.285,56.17107116181299,100.00000000000001,"{""Al2O3"": 3.4449180448857466, ""CaO"": 4.638702523702627, ""FeO"": 9.831663326730993, ""K2O"": 0.07674280797392449, ""MgO"": 25.24000989548529, ""Na2O"": 0.3922475511864121, ""SiO2"": 56.17107116181299, ""TiO2"": 0.204644688222028}",ok,,ok,,ok,,ok,,refused,coverage not measured for this engine,ok,,True,30,,,,
sf04_komatiite,strip_modifiers,7,0.33249999999999996,57.85566143058285,100.00000000000001,"{""Al2O3"": 3.3125106242857716, ""CaO"": 4.4604113051333245, ""FeO"": 9.453777651560165, ""K2O"": 0.0737931536944818, ""MgO"": 24.26989549431964, ""Na2O"": 0.3771712893385131, ""SiO2"": 57.85566143058285, ""TiO2"": 0.19677905108526308}",ok,,ok,,ok,,ok,,refused,coverage not measured for this engine,ok,,True,30,,,,
sf04_komatiite,strip_modifiers,8,0.38,59.64441861661809,100.0,"{""Al2O3"": 3.1719157689827373, ""CaO"": 4.27109541964165, ""FeO"": 9.052525353305349, ""K2O"": 0.07066110705590921, ""MgO"": 23.239793909066805, ""Na2O"": 0.3611627843513205, ""SiO2"": 59.64441861661809, ""TiO2"": 0.1884270409781359}",ok,,ok,,ok,,ok,,refused,coverage not measured for this engine,ok,,True,30,,,,
sf04_komatiite,strip_modifiers,9,0.42749999999999994,61.54731273650783,100.0,"{""Al2O3"": 3.0223498438076817, ""CaO"": 4.069699675089922, ""FeO"": 8.625669967397045, ""K2O"": 0.06732921093368016, ""MgO"": 22.143963650622727, ""Na2O"": 0.3441328094356788, ""SiO2"": 61.54731273650783, ""TiO2"": 0.1795421062054413}",ok,,ok,,ok,,ok,,refused,coverage not measured for this engine,ok,,True,30,,,,
sf04_komatiite,strip_modifiers,10,0.475,63.575628069746934,100.00000000000001,"{""Al2O3"": 2.8629259135996064, ""CaO"": 3.855029782291553, ""FeO"": 8.170680215069849, ""K2O"": 0.06377770697829002, ""MgO"": 20.975906377967807, ""Na2O"": 0.3259803757899882, ""SiO2"": 63.575628069746934, ""TiO2"": 0.17007155855598516}",not_converged,IMCC-SF04 parent-balance solve did not converge,not_converged,IMCC-SF04 parent-balance solve did not converge,ok,,ok,,refused,coverage not measured for this engine,ok,,True,30,,0,,0
sf04_komatiite,strip_modifiers,11,0.5225,65.74218709896692,99.99999999999999,"{""Al2O3"": 2.6926361416860547, ""CaO"": 3.6257286539501, ""FeO"": 7.6846797693044175, ""K2O"": 0.05998414350432398, ""MgO"": 19.72823793645615, ""Na2O"": 0.3065907284442852, ""SiO2"": 65.74218709896692, ""TiO2"": 0.15995552768773708}",not_converged,IMCC-SF04 parent-balance solve did not converge,not_converged,IMCC-SF04 parent-balance solve did not converge,ok,,ok,,refused,coverage not measured for this engine,ok,,True,30,,0,,0
sf04_komatiite,strip_modifiers,12,0.57,68.06162185486492,100.0,"{""Al2O3"": 2.5103304623931026, ""CaO"": 3.3802476864487123, ""FeO"": 7.164386386992982, ""K2O"": 0.05592290037567971, ""MgO"": 18.392532096896797, ""Na2O"": 0.2858329178553811, ""SiO2"": 68.06162185486492, ""TiO2"": 0.14912569417242377}",ok,,not_converged,IMCC-SF04 parent-balance solve did not converge,ok,,ok,,refused,coverage not measured for this engine,ok,,True,30,,0,,
sf04_komatiite,strip_modifiers,13,0.6174999999999999,70.55070480129767,100.00000000000001,"{""Al2O3"": 2.314690573746939, ""CaO"": 3.116811740114042, ""FeO"": 6.606037685112031, ""K2O"": 0.05156460963819703, ""MgO"": 16.95913000690758, ""Na2O"": 0.2635568386465404, ""SiO2"": 70.55070480129767, ""TiO2"": 0.13750374453701109}",not_converged,IMCC-SF04 parent-balance solve did not converge,not_converged,IMCC-SF04 parent-balance solve did not converge,ok,,ok,,refused,coverage not measured for this engine,ok,,True,30,,0,,0
sf04_komatiite,strip_modifiers,14,0.6649999999999999,73.22875508123182,100.0,"{""Al2O3"": 2.1041980068736543, ""CaO"": 2.833376143547292, ""FeO"": 6.00530001201996, ""K2O"": 0.04687544419825962, ""MgO"": 15.416906243792186, ""Na2O"": 0.23958959390422702, ""SiO2"": 73.22875508123182, ""TiO2"": 0.12499947443259227}",not_converged,IMCC-SF04 parent-balance solve did not converge,ok,,ok,,ok,,refused,coverage not measured for this engine,ok,,True,30,,,,0
sf04_komatiite,strip_modifiers,15,0.7125,76.11814093813531,100.0,"{""Al2O3"": 1.8770946360878258, ""CaO"": 2.527573519078607, ""FeO"": 5.357155744771922, ""K2O"": 0.041816238101812175, ""MgO"": 13.752979482329136, ""Na2O"": 0.2137309987515301, ""SiO2"": 76.11814093813531, ""TiO2"": 0.11150844274386054}",ok,,ok,,ok,,ok,,refused,coverage not measured for this engine,ok,,True,30,,,,
sf04_komatiite,strip_modifiers,16,0.76,79.24490596753174,100.0,"{""Al2O3"": 1.6313334560313195, ""CaO"": 2.1966475024644554, ""FeO"": 4.655762808971088, ""K2O"": 0.036341389991413356, ""MgO"": 11.952351851793418, ""Na2O"": 0.1857479757019804, ""SiO2"": 79.24490596753174, ""TiO2"": 0.09690904751458754}",ok,,ok,,ok,,ok,,refused,coverage not measured for this engine,ok,,True,30,,,,
sf04_komatiite,strip_modifiers,17,0.8074999999999999,82.63955633070458,100.0,"{""Al2O3"": 1.364516707318466, ""CaO"": 1.837369426906785, ""FeO"": 3.894278091744741, ""K2O"": 0.03039748472461143, ""MgO"": 9.997455598806654, ""Na2O"": 0.15536750948058203, ""SiO2"": 82.63955633070458, ""TiO2"": 0.08105885031357747}",ok,,ok,,ok,,out_of_domain,"AlphaMELTSDomainGate: SiO2 = 82.640 wt% outside MELTS calibration range [30.0, 80.0] wt%.",refused,coverage not measured for this engine,ok,,True,30,,,,
sf04_komatiite,strip_modifiers,18,0.8549999999999999,86.33805935716438,100.00000000000001,"{""Al2O3"": 1.0738173871969363, ""CaO"": 1.445932634415224, ""FeO"": 3.0646334361955363, ""K2O"": 0.023921544858536373, ""MgO"": 7.867578016560254, ""Na2O"": 0.12226771001844228, ""SiO2"": 86.33805935716438, ""TiO2"": 0.06378991359070141}",ok,,ok,,ok,,out_of_domain,"AlphaMELTSDomainGate: SiO2 = 86.338 wt% outside MELTS calibration range [30.0, 80.0] wt%.",refused,coverage not measured for this engine,ok,,True,30,,,,
sf04_komatiite,strip_modifiers,19,0.9025000000000001,90.38312286297356,100.0,"{""Al2O3"": 0.7558786961712558, ""CaO"": 1.0178170771719897, ""FeO"": 2.1572486659405117, ""K2O"": 0.016838790611570256, ""MgO"": 5.538124716630743, ""Na2O"": 0.08606636317729481, ""SiO2"": 90.38312286297356, ""TiO2"": 0.044902827323072055}",ok,,ok,,ok,,out_of_domain,"AlphaMELTSDomainGate: SiO2 = 90.383 wt% outside MELTS calibration range [30.0, 80.0] wt%.",refused,coverage not measured for this engine,ok,,True,30,,,,
sf04_komatiite,strip_modifiers,20,0.95,94.82585177388196,100.00000000000001,"{""Al2O3"": 0.40668382877606607, ""CaO"": 0.5476139862581698, ""FeO"": 1.160659972996485, ""K2O"": 0.009059739178467778, ""MgO"": 2.979665620167805, ""Na2O"": 0.046306104779864694, ""SiO2"": 94.82585177388196, ""TiO2"": 0.024158973961187193}",ok,,ok,,ok,,out_of_domain,"AlphaMELTSDomainGate: SiO2 = 94.826 wt% outside MELTS calibration range [30.0, 80.0] wt%.",refused,coverage not measured for this engine,ok,,True,30,,,,
sf04_dunite,remove_silica,0,0.0,40.52026,100.0,"{""Al2O3"": 0.80637, ""CaO"": 0.80637, ""FeO"": 13.718060000000001, ""K2O"": 0.1008, ""MgO"": 43.544160000000005, ""Na2O"": 0.30239, ""SiO2"": 40.52026, ""TiO2"": 0.20159}",ok,,ok,,ok,,ok,,refused,coverage not measured for this engine,ok,,True,30,,,,
sf04_dunite,remove_silica,1,0.0475,39.352979302732635,100.0,"{""Al2O3"": 0.8221948865219565, ""CaO"": 0.8221948865219565, ""FeO"": 13.987274805612053, ""K2O"": 0.10277818440841452, ""MgO"": 44.39870740465781, ""Na2O"": 0.30832435697679034, ""SiO2"": 39.352979302732635, ""TiO2"": 0.20554617256837582}",ok,,ok,,ok,,ok,,refused,coverage not measured for this engine,observable_unavailable,"VapoRock System.eval_gas_abundances ignores total pressure; requested pressure_bar is diagnostic-only and this vapor result is non-authoritative for pressure-sensitive transport.; VapoRock speciation table has no finite log10_bar values (0 finite of 38 rows; 30 nan, 8 -inf, 0 other_nonfinite)",False,0,,,,
sf04_dunite,remove_silica,2,0.095,38.138966080632486,100.0,"{""Al2O3"": 0.8386533283696328, ""CaO"": 0.8386533283696328, ""FeO"": 14.267267727934229, ""K2O"": 0.10483556617887443, ""MgO"": 45.28746693832835, ""Na2O"": 0.31449629818283575, ""SiO2"": 38.138966080632486, ""TiO2"": 0.2096607320039613}",ok,,ok,,ok,,ok,,refused,coverage not measured for this engine,observable_unavailable,"VapoRock System.eval_gas_abundances ignores total pressure; requested pressure_bar is diagnostic-only and this vapor result is non-authoritative for pressure-sensitive transport.; VapoRock speciation table has no finite log10_bar values (0 finite of 38 rows; 30 nan, 8 -inf, 0 other_nonfinite)",False,0,,,,
sf04_dunite,remove_silica,3,0.1425,36.875356576397365,100.0,"{""Al2O3"": 0.85578414965315, ""CaO"": 0.85578414965315, ""FeO"": 14.558699247232523, ""K2O"": 0.1069769985056953, ""MgO"": 46.212535111624575, ""Na2O"": 0.3209203827196151, ""SiO2"": 36.875356576397365, ""TiO2"": 0.21394338421391976}",ok,,ok,,ok,,ok,,refused,coverage not measured for this engine,observable_unavailable,"VapoRock System.eval_gas_abundances ignores total pressure; requested pressure_bar is diagnostic-only and this vapor result is non-authoritative for pressure-sensitive transport.; VapoRock speciation table has no finite log10_bar values (0 finite of 38 rows; 30 nan, 8 -inf, 0 other_nonfinite)",False,0,,,,
sf04_dunite,remove_silica,4,0.19,35.55904816640498,100.0,"{""Al2O3"": 0.8736294128060414, ""CaO"": 0.8736294128060414, ""FeO"": 14.862284934506548, ""K2O"": 0.10920773938867886, ""MgO"": 47.176183305346576, ""Na2O"": 0.3276123840649068, ""SiO2"": 35.55904816640498, ""TiO2"": 0.2184046446762279}",ok,,ok,,ok,,ok,,refused,coverage not measured for this engine,observable_unavailable,"VapoRock System.eval_gas_abundances ignores total pressure; requested pressure_bar is diagnostic-only and this vapor result is non-authoritative for pressure-sensitive transport.; VapoRock speciation table has no finite log10_bar values (0 finite of 38 rows; 30 nan, 8 -inf, 0 other_nonfinite)",False,0,,,,
sf04_dunite,remove_silica,5,0.2375,34.18667392549075,100.0,"{""Al2O3"": 0.8922347634119117, ""CaO"": 0.8922347634119117, ""FeO"": 15.17880131772066, ""K2O"": 0.11153349473804916, ""MgO"": 48.18087639119812, ""Na2O"": 0.33458941938332026, ""SiO2"": 34.18667392549075, ""TiO2"": 0.2230559246452711}",ok,,ok,,ok,,ok,,refused,coverage not measured for this engine,observable_unavailable,"VapoRock System.eval_gas_abundances ignores total pressure; requested pressure_bar is diagnostic-only and this vapor result is non-authoritative for pressure-sensitive transport.; VapoRock speciation table has no finite log10_bar values (0 finite of 38 rows; 30 nan, 8 -inf, 0 other_nonfinite)",False,0,,,,
sf04_dunite,remove_silica,6,0.285,32.75457387089832,100.0,"{""Al2O3"": 0.9116498200517305, ""CaO"": 0.9116498200517305, ""FeO"": 15.509092513931375, ""K2O"": 0.11396046710717714, ""MgO"": 49.22929378362757, ""Na2O"": 0.3418700957196359, ""SiO2"": 32.75457387089832, ""TiO2"": 0.22790962861245873}",ok,,ok,,ok,,ok,,refused,coverage not measured for this engine,observable_unavailable,"VapoRock System.eval_gas_abundances ignores total pressure; requested pressure_bar is diagnostic-only and this vapor result is non-authoritative for pressure-sensitive transport.; VapoRock speciation table has no finite log10_bar values (0 finite of 38 rows; 30 nan, 8 -inf, 0 other_nonfinite)",False,0,,,,
sf04_dunite,remove_silica,7,0.33249999999999996,31.258762368321676,100.0,"{""Al2O3"": 0.9319286161818536, ""CaO"": 0.9319286161818536, ""FeO"": 15.854077746567505, ""K2O"": 0.1164954109293883, ""MgO"": 50.32435330133961, ""Na2O"": 0.3494746757037473, ""SiO2"": 31.258762368321676, ""TiO2"": 0.23297926477435899}",ok,,ok,,ok,,ok,,refused,coverage not measured for this engine,observable_unavailable,"VapoRock System.eval_gas_abundances ignores total pressure; requested pressure_bar is diagnostic-only and this vapor result is non-authoritative for pressure-sensitive transport.; VapoRock speciation table has no finite log10_bar values (0 finite of 38 rows; 30 nan, 8 -inf, 0 other_nonfinite)",False,0,,,,
sf04_dunite,remove_silica,8,0.38,29.694891088849012,100.0,"{""Al2O3"": 0.953130102328706, ""CaO"": 0.953130102328706, ""FeO"": 16.214759888824396, ""K2O"": 0.11914569529463342, ""MgO"": 51.46923828592029, ""Na2O"": 0.35742526587444645, ""SiO2"": 29.694891088849012, ""TiO2"": 0.238279570579813}",ok,,ok,,ok,,out_of_domain,"AlphaMELTSDomainGate: SiO2 = 29.695 wt% outside MELTS calibration range [30.0, 80.0] wt%.",refused,coverage not measured for this engine,observable_unavailable,"VapoRock System.eval_gas_abundances ignores total pressure; requested pressure_bar is diagnostic-only and this vapor result is non-authoritative for pressure-sensitive transport.; VapoRock speciation table has no finite log10_bar values (0 finite of 38 rows; 30 nan, 8 -inf, 0 other_nonfinite)",False,0,,,,
sf04_dunite,remove_silica,9,0.42749999999999994,28.058206791791314,99.99999999999999,"{""Al2O3"": 0.9753187184292204, ""CaO"": 0.9753187184292204, ""FeO"": 16.592235200385865, ""K2O"": 0.12191937549470516, ""MgO"": 52.66742850834842, ""Na2O"": 0.3657460313079752, ""SiO2"": 28.058206791791314, ""TiO2"": 0.24382665581326998}",ok,,ok,,ok,,out_of_domain,"AlphaMELTSDomainGate: SiO2 = 28.058 wt% outside MELTS calibration range [30.0, 80.0] wt%.",refused,coverage not measured for this engine,observable_unavailable,"VapoRock System.eval_gas_abundances ignores total pressure; requested pressure_bar is diagnostic-only and this vapor result is non-authoritative for pressure-sensitive transport.; VapoRock speciation table has no finite log10_bar values (0 finite of 38 rows; 30 nan, 8 -inf, 0 other_nonfinite)",False,0,,,,
sf04_dunite,remove_silica,10,0.475,26.343503070135217,100.0,"{""Al2O3"": 0.9985650480203018, ""CaO"": 0.9985650480203018, ""FeO"": 16.98770445657128, ""K2O"": 0.12482527479996332, ""MgO"": 53.92273549537273, ""Na2O"": 0.3744634409400884, ""SiO2"": 26.343503070135217, ""TiO2"": 0.24963816614012505}",ok,,ok,,ok,,out_of_domain,"AlphaMELTSDomainGate: SiO2 = 26.344 wt% outside MELTS calibration range [30.0, 80.0] wt%.",refused,coverage not measured for this engine,observable_unavailable,"VapoRock System.eval_gas_abundances ignores total pressure; requested pressure_bar is diagnostic-only and this vapor result is non-authoritative for pressure-sensitive transport.; VapoRock speciation table has no finite log10_bar values (0 finite of 38 rows; 30 nan, 8 -inf, 0 other_nonfinite)",False,0,,,,
sf04_dunite,remove_silica,11,0.5225,24.54506502673639,100.0,"{""Al2O3"": 1.0229465682666161, ""CaO"": 1.0229465682666161, ""FeO"": 17.402485707895302, ""K2O"": 0.12787307821629637, ""MgO"": 55.2393430311798, ""Na2O"": 0.3836065488276375, ""SiO2"": 24.54506502673639, ""TiO2"": 0.2557334706113411}",ok,,ok,,ok,,out_of_domain,"AlphaMELTSDomainGate: SiO2 = 24.545 wt% outside MELTS calibration range [30.0, 80.0] wt%.",refused,coverage not measured for this engine,observable_unavailable,"VapoRock System.eval_gas_abundances ignores total pressure; requested pressure_bar is diagnostic-only and this vapor result is non-authoritative for pressure-sensitive transport.; VapoRock speciation table has no finite log10_bar values (0 finite of 38 rows; 30 nan, 8 -inf, 0 other_nonfinite)",False,0,,,,
sf04_dunite,remove_silica,12,0.57,22.65660564276518,99.99999999999999,"{""Al2O3"": 1.048548512616959, ""CaO"": 1.048548512616959, ""FeO"": 17.838028955678162, ""K2O"": 0.13107344032117943, ""MgO"": 56.62185374103064, ""Na2O"": 0.3932073176460461, ""SiO2"": 22.65660564276518, ""TiO2"": 0.26213387732486665}",ok,,ok,,ok,,out_of_domain,"AlphaMELTSDomainGate: SiO2 = 22.657 wt% outside MELTS calibration range [30.0, 80.0] wt%.",refused,coverage not measured for this engine,observable_unavailable,"VapoRock System.eval_gas_abundances ignores total pressure; requested pressure_bar is diagnostic-only and this vapor result is non-authoritative for pressure-sensitive transport.; VapoRock speciation table has no finite log10_bar values (0 finite of 38 rows; 30 nan, 8 -inf, 0 other_nonfinite)",False,0,,,,
sf04_dunite,remove_silica,13,0.6174999999999999,20.671192345578973,100.0,"{""Al2O3"": 1.0754648663275173, ""CaO"": 1.0754648663275173, ""FeO"": 18.295933088002855, ""K2O"": 0.13443810970871156, ""MgO"": 58.07534284973899, ""Na2O"": 0.40330099201207625, ""SiO2"": 20.671192345578973, ""TiO2"": 0.2688628823033647}",ok,,ok,,ok,,out_of_domain,"AlphaMELTSDomainGate: SiO2 = 20.671 wt% outside MELTS calibration range [30.0, 80.0] wt%.",refused,coverage not measured for this engine,observable_unavailable,"VapoRock System.eval_gas_abundances ignores total pressure; requested pressure_bar is diagnostic-only and this vapor result is non-authoritative for pressure-sensitive transport.; VapoRock speciation table has no finite log10_bar values (0 finite of 38 rows; 30 nan, 8 -inf, 0 other_nonfinite)",False,0,,,,
sf04_dunite,remove_silica,14,0.6649999999999999,18.58116196855081,100.0,"{""Al2O3"": 1.103799519355997, ""CaO"": 1.103799519355997, ""FeO"": 18.777965492883826, ""K2O"": 0.13798007310674318, ""MgO"": 59.60542043821154, ""Na2O"": 0.4139265308209134, ""SiO2"": 18.58116196855081, ""TiO2"": 0.2759464577141702}",ok,,ok,,ok,,out_of_domain,"AlphaMELTSDomainGate: SiO2 = 18.581 wt% outside MELTS calibration range [30.0, 80.0] wt%.",refused,coverage not measured for this engine,observable_unavailable,"VapoRock System.eval_gas_abundances ignores total pressure; requested pressure_bar is diagnostic-only and this vapor result is non-authoritative for pressure-sensitive transport.; VapoRock speciation table has no finite log10_bar values (0 finite of 38 rows; 30 nan, 8 -inf, 0 other_nonfinite)",False,0,,,,
sf04_dunite,remove_silica,15,0.7125,16.378021904112323,100.0,"{""Al2O3"": 1.1336676064350808, ""CaO"": 1.1336676064350808, ""FeO"": 19.286084855752108, ""K2O"": 0.14171372289229034, ""MgO"": 61.21830380771382, ""Na2O"": 0.42512710977579043, ""SiO2"": 16.378021904112323, ""TiO2"": 0.28341338688350004}",ok,,ok,,ok,,out_of_domain,"AlphaMELTSDomainGate: SiO2 = 16.378 wt% outside MELTS calibration range [30.0, 80.0] wt%.",refused,coverage not measured for this engine,observable_unavailable,"VapoRock System.eval_gas_abundances ignores total pressure; requested pressure_bar is diagnostic-only and this vapor result is non-authoritative for pressure-sensitive transport.; VapoRock speciation table has no finite log10_bar values (0 finite of 38 rows; 30 nan, 8 -inf, 0 other_nonfinite)",False,0,,,,
sf04_dunite,remove_silica,16,0.76,14.05233476205912,100.0,"{""Al2O3"": 1.1651970707659178, ""CaO"": 1.1651970707659178, ""FeO"": 19.822467761190403, ""K2O"": 0.14565505256049271, ""MgO"": 62.920901919667706, ""Na2O"": 0.4369507077754702, ""SiO2"": 14.05233476205912, ""TiO2"": 0.2912956552149774}",ok,,ok,,ok,,out_of_domain,"AlphaMELTSDomainGate: SiO2 = 14.052 wt% outside MELTS calibration range [30.0, 80.0] wt%.",refused,coverage not measured for this engine,observable_unavailable,"VapoRock System.eval_gas_abundances ignores total pressure; requested pressure_bar is diagnostic-only and this vapor result is non-authoritative for pressure-sensitive transport.; VapoRock speciation table has no finite log10_bar values (0 finite of 38 rows; 30 nan, 8 -inf, 0 other_nonfinite)",False,0,,,,
sf04_dunite,remove_silica,17,0.8074999999999999,11.593583230001137,100.00000000000001,"{""Al2O3"": 1.1985304961121885, ""CaO"": 1.1985304961121885, ""FeO"": 20.3895398607299, ""K2O"": 0.14982188574489205, ""MgO"": 64.72091432913987, ""Na2O"": 0.4494507939523602, ""SiO2"": 11.593583230001137, ""TiO2"": 0.2996289082074681}",ok,,ok,,ok,,out_of_domain,"AlphaMELTSDomainGate: SiO2 = 11.594 wt% outside MELTS calibration range [30.0, 80.0] wt%.",refused,coverage not measured for this engine,observable_unavailable,"VapoRock System.eval_gas_abundances ignores total pressure; requested pressure_bar is diagnostic-only and this vapor result is non-authoritative for pressure-sensitive transport.; VapoRock speciation table has no finite log10_bar values (0 finite of 38 rows; 30 nan, 8 -inf, 0 other_nonfinite)",False,0,,,,
sf04_dunite,remove_silica,18,0.8549999999999999,8.990011054625294,100.0,"{""Al2O3"": 1.2338272626255897, ""CaO"": 1.2338272626255897, ""FeO"": 20.99001254800352, ""K2O"": 0.15423414570564312, ""MgO"": 66.62694759989918, ""Na2O"": 0.46268713611041096, ""SiO2"": 8.990011054625294, ""TiO2"": 0.3084529904047678}",ok,,ok,,ok,,out_of_domain,"AlphaMELTSDomainGate: SiO2 = 8.990 wt% outside MELTS calibration range [30.0, 80.0] wt%.",refused,coverage not measured for this engine,observable_unavailable,"VapoRock System.eval_gas_abundances ignores total pressure; requested pressure_bar is diagnostic-only and this vapor result is non-authoritative for pressure-sensitive transport.; VapoRock speciation table has no finite log10_bar values (0 finite of 38 rows; 30 nan, 8 -inf, 0 other_nonfinite)",False,0,,,,
sf04_dunite,remove_silica,19,0.9025000000000001,6.228435071696974,99.99999999999999,"{""Al2O3"": 1.271266095165105, ""CaO"": 1.271266095165105, ""FeO"": 21.626926311049047, ""K2O"": 0.15891417388127357, ""MgO"": 68.64865291422618, ""Na2O"": 0.47672675634879286, ""SiO2"": 6.228435071696974, ""TiO2"": 0.31781258246751926}",ok,,ok,,ok,,out_of_domain,"AlphaMELTSDomainGate: SiO2 = 6.228 wt% outside MELTS calibration range [30.0, 80.0] wt%.",refused,coverage not measured for this engine,observable_unavailable,"VapoRock System.eval_gas_abundances ignores total pressure; requested pressure_bar is diagnostic-only and this vapor result is non-authoritative for pressure-sensitive transport.; VapoRock speciation table has no finite log10_bar values (0 finite of 38 rows; 30 nan, 8 -inf, 0 other_nonfinite)",False,0,,,,
sf04_dunite,remove_silica,20,0.95,3.2940219429554847,99.99999999999999,"{""Al2O3"": 1.3110480900867922, ""CaO"": 1.3110480900867922, ""FeO"": 22.303702224408177, ""K2O"": 0.1638871082514834, ""MgO"": 70.79688952023723, ""Na2O"": 0.49164506611275854, ""SiO2"": 3.2940219429554847, ""TiO2"": 0.32775795786127515}",ok,,ok,,ok,,out_of_domain,"AlphaMELTSDomainGate: SiO2 = 3.294 wt% outside MELTS calibration range [30.0, 80.0] wt%.",refused,coverage not measured for this engine,observable_unavailable,"VapoRock System.eval_gas_abundances ignores total pressure; requested pressure_bar is diagnostic-only and this vapor result is non-authoritative for pressure-sensitive transport.; VapoRock speciation table has no finite log10_bar values (0 finite of 38 rows; 30 nan, 8 -inf, 0 other_nonfinite)",False,0,,,,
sf04_dunite,strip_modifiers,0,0.0,40.52026,100.0,"{""Al2O3"": 0.80637, ""CaO"": 0.80637, ""FeO"": 13.718060000000001, ""K2O"": 0.1008, ""MgO"": 43.544160000000005, ""Na2O"": 0.30239, ""SiO2"": 40.52026, ""TiO2"": 0.20159}",ok,,ok,,ok,,ok,,refused,coverage not measured for this engine,ok,,True,30,,,,
sf04_dunite,strip_modifiers,1,0.0475,41.69835857507429,100.0,"{""Al2O3"": 0.7903984549330132, ""CaO"": 0.7903984549330132, ""FeO"": 13.44635022220367, ""K2O"": 0.09880348259142543, ""MgO"": 42.68169300117306, ""Na2O"": 0.2964006458414795, ""SiO2"": 41.69835857507429, ""TiO2"": 0.1975971632500541}",ok,,ok,,ok,,ok,,refused,coverage not measured for this engine,ok,,True,30,,,,
sf04_dunite,strip_modifiers,2,0.095,42.94701332715174,99.99999999999999,"{""Al2O3"": 0.7734703760202153, ""CaO"": 0.7734703760202153, ""FeO"": 13.158367779639466, ""K2O"": 0.09668739400379195, ""MgO"": 41.767572961152354, ""Na2O"": 0.29005259000800243, ""SiO2"": 42.94701332715174, ""TiO2"": 0.19336519600421045}",ok,,ok,,ok,,ok,,refused,coverage not measured for this engine,ok,,True,30,,,,
sf04_dunite,strip_modifiers,3,0.1425,44.27275831933123,99.99999999999999,"{""Al2O3"": 0.7554971806205081, ""CaO"": 0.7554971806205081, ""FeO"": 12.852605694139129, ""K2O"": 0.09444066099501125, ""MgO"": 40.79701639754494, ""Na2O"": 0.2833126138718398, ""SiO2"": 44.27275831933123, ""TiO2"": 0.18887195287682856}",ok,,ok,,ok,,ok,,refused,coverage not measured for this engine,ok,,True,30,,,,
sf04_dunite,strip_modifiers,4,0.19,45.68296012191562,100.0,"{""Al2O3"": 0.7363789997483327, ""CaO"": 0.7363789997483327, ""FeO"": 12.527364982932912, ""K2O"": 0.09205079947745072, ""MgO"": 39.76463036283761, ""Na2O"": 0.27614326640859443, ""SiO2"": 45.68296012191562, ""TiO2"": 0.18409246693114373}",ok,,ok,,ok,,ok,,refused,coverage not measured for this engine,ok,,True,30,,,,
sf04_dunite,strip_modifiers,5,0.2375,47.18595476214774,100.0,"{""Al2O3"": 0.7160028214388114, ""CaO"": 0.7160028214388114, ""FeO"": 12.180723073361985, ""K2O"": 0.08950368242994183, ""MgO"": 38.664312185700155, ""Na2O"": 0.2685021679562511, ""SiO2"": 47.18595476214774, ""TiO2"": 0.17899848552630926}",ok,,ok,,ok,,ok,,refused,coverage not measured for this engine,ok,,True,30,,,,
sf04_dunite,strip_modifiers,6,0.285,48.79121262798162,100.0,"{""Al2O3"": 0.6942402551385471, ""CaO"": 0.6942402551385471, ""FeO"": 11.810495770435283, ""K2O"": 0.08678326043623344, ""MgO"": 37.489128747589476, ""Na2O"": 0.26034117185826017, ""SiO2"": 48.79121262798162, ""TiO2"": 0.17355791142202676}",ok,,ok,,ok,,ok,,refused,coverage not measured for this engine,ok,,True,30,,,,
sf04_dunite,strip_modifiers,7,0.33249999999999996,50.50953821727238,99.99999999999999,"{""Al2O3"": 0.670944823695229, ""CaO"": 0.670944823695229, ""FeO"": 11.41419118784252, ""K2O"": 0.08387122317109898, ""MgO"": 36.23117024958375, ""Na2O"": 0.2516053489554427, ""SiO2"": 50.50953821727238, ""TiO2"": 0.16773412578434366}",ok,,ok,,ok,,ok,,refused,coverage not measured for this engine,ok,,True,30,,,,
sf04_dunite,strip_modifiers,8,0.38,52.3533136362447,100.00000000000001,"{""Al2O3"": 0.6459486622359372, ""CaO"": 0.6459486622359372, ""FeO"": 10.988953588888874, ""K2O"": 0.08074658674477284, ""MgO"": 34.88137195107409, ""Na2O"": 0.2422317496602367, ""SiO2"": 52.3533136362447, ""TiO2"": 0.16148516291546383}",ok,,ok,,ok,,ok,,refused,coverage not measured for this engine,ok,,True,30,,,,
sf04_dunite,strip_modifiers,9,0.42749999999999994,54.33679744978984,100.0,"{""Al2O3"": 0.6190584666377654, ""CaO"": 0.6190584666377654, ""FeO"": 10.531494461407126, ""K2O"": 0.07738518724293655, ""MgO"": 33.429295386273694, ""Na2O"": 0.2321478846269006, ""SiO2"": 54.33679744978984, ""TiO2"": 0.15476269738396406}",ok,,ok,,ok,,ok,,refused,coverage not measured for this engine,ok,,True,30,,,,
sf04_dunite,strip_modifiers,10,0.475,56.47649414125989,100.0,"{""Al2O3"": 0.5900504847417333, ""CaO"": 0.5900504847417333, ""FeO"": 10.038007307707607, ""K2O"": 0.07375905460516476, ""MgO"": 31.862857888651106, ""Na2O"": 0.221269846448966, ""SiO2"": 56.47649414125989, ""TiO2"": 0.14751079184380123}",ok,,ok,,ok,,ok,,refused,coverage not measured for this engine,ok,,True,30,,,,
sf04_dunite,strip_modifiers,11,0.5225,58.79161444304446,100.0,"{""Al2O3"": 0.5586642756266627, ""CaO"": 0.5586642756266627, ""FeO"": 9.504061476621274, ""K2O"": 0.06983563250513733, ""MgO"": 30.167995590326402, ""Na2O"": 0.20949996937726667, ""SiO2"": 58.79161444304446, ""TiO2"": 0.1396643368721293}",ok,,ok,,ok,,ok,,refused,coverage not measured for this engine,ok,,True,30,,,,
sf04_dunite,strip_modifiers,12,0.57,61.304653727741865,100.00000000000001,"{""Al2O3"": 0.5245948683292966, ""CaO"": 0.5245948683292966, ""FeO"": 8.924468766736599, ""K2O"": 0.06557679815418864, ""MgO"": 28.328239991207294, ""Na2O"": 0.1967238888278284, ""SiO2"": 61.304653727741865, ""TiO2"": 0.13114709067363975}",ok,,ok,,ok,,ok,,refused,coverage not measured for this engine,ok,,True,30,,,,
sf04_dunite,strip_modifiers,13,0.6174999999999999,64.04212536271335,100.0,"{""Al2O3"": 0.4874828197175851, ""CaO"": 0.4874828197175851, ""FeO"": 8.293114289786345, ""K2O"": 0.0609376194892327, ""MgO"": 26.324181081927254, ""Na2O"": 0.18280681306893926, ""SiO2"": 64.04212536271335, ""TiO2"": 0.12186919357970656}",ok,,ok,,ok,,ok,,refused,coverage not measured for this engine,ok,,True,30,,,,
sf04_dunite,strip_modifiers,14,0.6649999999999999,67.03549972970985,100.0,"{""Al2O3"": 0.44690148415164316, ""CaO"": 0.44690148415164316, ""FeO"": 7.602739900642746, ""K2O"": 0.055864763821180885, ""MgO"": 24.132779902695557, ""Na2O"": 0.16758874932427467, ""SiO2"": 67.03549972970985, ""TiO2"": 0.1117239855030938}",ok,,ok,,ok,,ok,,refused,coverage not measured for this engine,ok,,True,30,,,,
sf04_dunite,strip_modifiers,15,0.7125,70.32241949951471,100.0,"{""Al2O3"": 0.4023405379407562, ""CaO"": 0.4023405379407562, ""FeO"": 6.844663913468471, ""K2O"": 0.050294438315448525, ""MgO"": 21.72647886029783, ""Na2O"": 0.15087832541873492, ""SiO2"": 70.32241949951471, ""TiO2"": 0.10058388710328638}",ok,,ok,,ok,,ok,,refused,coverage not measured for this engine,ok,,True,30,,,,
sf04_dunite,strip_modifiers,16,0.76,73.94829086886669,100.0,"{""Al2O3"": 0.3531844068597469, ""CaO"": 0.3531844068597469, ""FeO"": 6.008414108122103, ""K2O"": 0.0441496933311786, ""MgO"": 19.072036809164427, ""Na2O"": 0.13244470006364184, ""SiO2"": 73.94829086886669, ""TiO2"": 0.08829500673246322}",ok,,ok,,ok,,ok,,refused,coverage not measured for this engine,ok,,True,30,,,,
sf04_dunite,strip_modifiers,17,0.8074999999999999,77.96839383057721,100.0,"{""Al2O3"": 0.2986836571047125, ""CaO"": 0.2986836571047125, ""FeO"": 5.081241029777735, ""K2O"": 0.03733684615766338, ""MgO"": 16.128984156594043, ""Na2O"": 0.11200683442079197, ""SiO2"": 77.96839383057721, ""TiO2"": 0.07466998826312858}",ok,,ok,,ok,,ok,,refused,coverage not measured for this engine,ok,,True,30,,,,
sf04_dunite,strip_modifiers,18,0.8549999999999999,82.4507203478076,99.99999999999999,"{""Al2O3"": 0.2379165180133332, ""CaO"": 0.2379165180133332, ""FeO"": 4.047463408978491, ""K2O"": 0.029740671175445498, ""MgO"": 12.847545081061378, ""Na2O"": 0.08921906306292623, ""SiO2"": 82.4507203478076, ""TiO2"": 0.059478391887480726}",ok,,ok,,ok,,out_of_domain,"AlphaMELTSDomainGate: SiO2 = 82.451 wt% outside MELTS calibration range [30.0, 80.0] wt%.",refused,coverage not measured for this engine,ok,,True,30,,,,
sf04_dunite,strip_modifiers,19,0.9025000000000001,87.4798512251461,99.99999999999999,"{""Al2O3"": 0.16973632311739978, ""CaO"": 0.16973632311739978, ""FeO"": 2.8875740227239075, ""K2O"": 0.02121782974346007, ""MgO"": 9.165799337321273, ""Na2O"": 0.06365138428695327, ""SiO2"": 87.4798512251461, ""TiO2"": 0.04243355454349321}",ok,,ok,,ok,,out_of_domain,"AlphaMELTSDomainGate: SiO2 = 87.480 wt% outside MELTS calibration range [30.0, 80.0] wt%.",refused,coverage not measured for this engine,ok,,True,30,,,,
sf04_dunite,strip_modifiers,20,0.95,93.16234397620448,100.0,"{""Al2O3"": 0.09269846653512599, ""CaO"": 0.09269846653512599, ""FeO"": 1.5769970681409904, ""K2O"": 0.011587739408386595, ""MgO"": 5.005737885288603, ""Na2O"": 0.03476206864783752, ""SiO2"": 93.16234397620448, ""TiO2"": 0.02317432923945093}",ok,,ok,,ok,,out_of_domain,"AlphaMELTSDomainGate: SiO2 = 93.162 wt% outside MELTS calibration range [30.0, 80.0] wt%.",refused,coverage not measured for this engine,ok,,True,30,,,,
