evidence_class,sheet,composition_ref,temperature_K,species,imcc_reference_log10P,vaporock_reference_log10P,reference_difference_dex,imcc_prediction_log10P,vaporock_prediction_log10P,imcc_residual_dex,vaporock_residual_dex,reference_status,source,note
model_model_MAGMA,tho,SF04-tho,1500.0,O2,-7.315613402229676,-7.31561,-3.40222967576409e-06,-7.315597298582084,-7.3156,1.610364759230265e-05,1.0000000000509601e-05,ungateable,Schaefer2004-MAGMA-valid.xlsx sheet=tho,MAGMA-native printed grid cell; k=5 model-model; fO2 pinned to MAGMA O2(g) polyfit (SF04 notebook protocol)
model_model_MAGMA,tho,SF04-tho,1500.0,Mg,-12.442387665840535,-12.4424,1.2334159464444383e-05,-13.005820807518814,-12.1241,-0.5634331416782796,0.3182999999999989,ungateable,Schaefer2004-MAGMA-valid.xlsx sheet=tho,MAGMA-native printed grid cell; k=5 model-model; fO2 pinned to MAGMA O2(g) polyfit (SF04 notebook protocol)
model_model_MAGMA,tho,SF04-tho,1500.0,SiO,-11.880816719212318,-11.8808,-1.6719212316829157e-05,-11.367033882465208,-11.1377,0.5137828367471098,0.7431000000000001,ungateable,Schaefer2004-MAGMA-valid.xlsx sheet=tho,MAGMA-native printed grid cell; k=5 model-model; fO2 pinned to MAGMA O2(g) polyfit (SF04 notebook protocol)
model_model_MAGMA,tho,SF04-tho,1500.0,SiO2,-11.975023257969793,-11.975,-2.3257969793633038e-05,-12.205964897683112,-11.9765,-0.23094163971331838,-0.0015000000000000568,ungateable,Schaefer2004-MAGMA-valid.xlsx sheet=tho,MAGMA-native printed grid cell; k=5 model-model; fO2 pinned to MAGMA O2(g) polyfit (SF04 notebook protocol)
model_model_MAGMA,tho,SF04-tho,1500.0,Fe,-10.17946430840031,-10.1795,3.569159969174507e-05,-10.317883403703766,-9.69301,-0.13841909530345653,0.48649000000000164,ungateable,Schaefer2004-MAGMA-valid.xlsx sheet=tho,MAGMA-native printed grid cell; k=5 model-model; fO2 pinned to MAGMA O2(g) polyfit (SF04 notebook protocol)
model_model_MAGMA,tho,SF04-tho,1500.0,FeO,-10.295270866690846,-10.2953,2.9133309153550613e-05,-10.651274865747617,-10.0262,-0.35600399905677094,0.2690999999999999,ungateable,Schaefer2004-MAGMA-valid.xlsx sheet=tho,MAGMA-native printed grid cell; k=5 model-model; fO2 pinned to MAGMA O2(g) polyfit (SF04 notebook protocol)
model_model_MAGMA,tho,SF04-tho,1500.0,Na,-6.731346688303679,-6.73135,3.3116963207291406e-06,-8.101146596471184,-6.78013,-1.3697999081675043,-0.048779999999999824,ungateable,Schaefer2004-MAGMA-valid.xlsx sheet=tho,MAGMA-native printed grid cell; k=5 model-model; fO2 pinned to MAGMA O2(g) polyfit (SF04 notebook protocol)
model_model_MAGMA,tho,SF04-tho,1500.0,K,-8.02613179749289,-8.02613,-1.797492890531771e-06,-10.266554881295212,-7.80041,-2.2404230838023214,0.22571999999999992,ungateable,Schaefer2004-MAGMA-valid.xlsx sheet=tho,MAGMA-native printed grid cell; k=5 model-model; fO2 pinned to MAGMA O2(g) polyfit (SF04 notebook protocol)
model_model_MAGMA,tho,SF04-tho,1625.0,O2,-6.421643115897601,-6.42164,-3.1158976012690687e-06,-6.421713257586958,-6.42171,-7.014168935715048e-05,-7.00000000000145e-05,ungateable,Schaefer2004-MAGMA-valid.xlsx sheet=tho,MAGMA-native printed grid cell; k=5 model-model; fO2 pinned to MAGMA O2(g) polyfit (SF04 notebook protocol)
model_model_MAGMA,tho,SF04-tho,1625.0,Mg,-11.017648158528466,-11.0176,-4.815852846640212e-05,-11.381006659267726,-10.61,-0.3633585007392597,0.4076000000000004,ungateable,Schaefer2004-MAGMA-valid.xlsx sheet=tho,MAGMA-native printed grid cell; k=5 model-model; fO2 pinned to MAGMA O2(g) polyfit (SF04 notebook protocol)
model_model_MAGMA,tho,SF04-tho,1625.0,SiO,-10.28020002742361,-10.2802,-2.7423610049481795e-08,-9.716639873684363,-9.49175,0.5635601537392478,0.788450000000001,ungateable,Schaefer2004-MAGMA-valid.xlsx sheet=tho,MAGMA-native printed grid cell; k=5 model-model; fO2 pinned to MAGMA O2(g) polyfit (SF04 notebook protocol)
model_model_MAGMA,tho,SF04-tho,1625.0,SiO2,-10.52669831977486,-10.5267,1.680225139466529e-06,-10.642905473456095,-10.4179,-0.11620715368123413,0.10880000000000045,ungateable,Schaefer2004-MAGMA-valid.xlsx sheet=tho,MAGMA-native printed grid cell; k=5 model-model; fO2 pinned to MAGMA O2(g) polyfit (SF04 notebook protocol)
model_model_MAGMA,tho,SF04-tho,1625.0,Fe,-8.938136794198833,-8.93814,3.2058011676383558e-06,-8.975096734726781,-8.43552,-0.036959940527948376,0.5026200000000003,ungateable,Schaefer2004-MAGMA-valid.xlsx sheet=tho,MAGMA-native printed grid cell; k=5 model-model; fO2 pinned to MAGMA O2(g) polyfit (SF04 notebook protocol)
model_model_MAGMA,tho,SF04-tho,1625.0,FeO,-9.10711192049715,-9.10711,-1.9204971497543966e-06,-9.316422322864737,-8.77668,-0.2093104023675867,0.3304299999999998,ungateable,Schaefer2004-MAGMA-valid.xlsx sheet=tho,MAGMA-native printed grid cell; k=5 model-model; fO2 pinned to MAGMA O2(g) polyfit (SF04 notebook protocol)
model_model_MAGMA,tho,SF04-tho,1625.0,Na,-5.836927222975158,-5.83693,2.7770248420821986e-06,-7.196131945687034,-5.85662,-1.3592047227118762,-0.01969000000000065,ungateable,Schaefer2004-MAGMA-valid.xlsx sheet=tho,MAGMA-native printed grid cell; k=5 model-model; fO2 pinned to MAGMA O2(g) polyfit (SF04 notebook protocol)
model_model_MAGMA,tho,SF04-tho,1625.0,K,-7.091737332466491,-7.09174,2.6675335087489316e-06,-9.352959451199297,-6.83101,-2.261222118732806,0.2607299999999997,ungateable,Schaefer2004-MAGMA-valid.xlsx sheet=tho,MAGMA-native printed grid cell; k=5 model-model; fO2 pinned to MAGMA O2(g) polyfit (SF04 notebook protocol)
model_model_MAGMA,tho,SF04-tho,1750.0,O2,-5.6518196006029475,-5.65182,3.9939705231972766e-07,-5.651723119544258,-5.65172,9.64810586898679e-05,9.999999999976694e-05,pass,Schaefer2004-MAGMA-valid.xlsx sheet=tho,MAGMA-native printed grid cell; k=5 model-model; fO2 pinned to MAGMA O2(g) polyfit (SF04 notebook protocol)
model_model_MAGMA,tho,SF04-tho,1750.0,Mg,-9.80270510349961,-9.80271,4.896500389151015e-06,-10.01119670243442,-9.33011,-0.20849159893480973,0.4725999999999999,fail,Schaefer2004-MAGMA-valid.xlsx sheet=tho,MAGMA-native printed grid cell; k=5 model-model; fO2 pinned to MAGMA O2(g) polyfit (SF04 notebook protocol)
model_model_MAGMA,tho,SF04-tho,1750.0,SiO,-8.89755771828798,-8.89756,2.2817120211016118e-06,-8.311478143320253,-8.09028,0.5860795749677266,0.8072800000000004,fail,Schaefer2004-MAGMA-valid.xlsx sheet=tho,MAGMA-native printed grid cell; k=5 model-model; fO2 pinned to MAGMA O2(g) polyfit (SF04 notebook protocol)
model_model_MAGMA,tho,SF04-tho,1750.0,SiO2,-9.272810061730306,-9.27281,-6.173030620004738e-08,-9.309176471407973,-9.08788,-0.03636640967766702,0.1849299999999996,fail,Schaefer2004-MAGMA-valid.xlsx sheet=tho,MAGMA-native printed grid cell; k=5 model-model; fO2 pinned to MAGMA O2(g) polyfit (SF04 notebook protocol)
model_model_MAGMA,tho,SF04-tho,1750.0,Fe,-7.878213055879205,-7.87821,-3.0558792047941097e-06,-7.836221435053221,-7.37065,0.041991620825983844,0.5075599999999998,fail,Schaefer2004-MAGMA-valid.xlsx sheet=tho,MAGMA-native printed grid cell; k=5 model-model; fO2 pinned to MAGMA O2(g) polyfit (SF04 notebook protocol)
model_model_MAGMA,tho,SF04-tho,1750.0,FeO,-8.090979681294083,-8.09098,3.187059167686357e-07,-8.183393437704199,-7.71769,-0.09241375641011551,0.3732899999999999,fail,Schaefer2004-MAGMA-valid.xlsx sheet=tho,MAGMA-native printed grid cell; k=5 model-model; fO2 pinned to MAGMA O2(g) polyfit (SF04 notebook protocol)
model_model_MAGMA,tho,SF04-tho,1750.0,Na,-5.065197245259539,-5.0652,2.7547404606309556e-06,-6.420547078970286,-5.07158,-1.355349833710747,-0.006380000000000052,pass,Schaefer2004-MAGMA-valid.xlsx sheet=tho,MAGMA-native printed grid cell; k=5 model-model; fO2 pinned to MAGMA O2(g) polyfit (SF04 notebook protocol)
model_model_MAGMA,tho,SF04-tho,1750.0,K,-6.29520384298781,-6.2952,-3.842987809754561e-06,-8.568728832954195,-6.00691,-2.2735249899663845,0.28828999999999994,fail,Schaefer2004-MAGMA-valid.xlsx sheet=tho,MAGMA-native printed grid cell; k=5 model-model; fO2 pinned to MAGMA O2(g) polyfit (SF04 notebook protocol)
model_model_MAGMA,tho,SF04-tho,1875.0,O2,-4.982806335412287,-4.98281,3.664587712393086e-06,-4.982801700566256,-4.9828,4.634846031414952e-06,9.999999999621423e-06,pass,Schaefer2004-MAGMA-valid.xlsx sheet=tho,MAGMA-native printed grid cell; k=5 model-model; fO2 pinned to MAGMA O2(g) polyfit (SF04 notebook protocol)
model_model_MAGMA,tho,SF04-tho,1875.0,Mg,-8.75551060933541,-8.75551,-6.093354105729532e-07,-8.844958831889084,-8.23544,-0.08944822255367413,0.5200699999999987,fail,Schaefer2004-MAGMA-valid.xlsx sheet=tho,MAGMA-native printed grid cell; k=5 model-model; fO2 pinned to MAGMA O2(g) polyfit (SF04 notebook protocol)
model_model_MAGMA,tho,SF04-tho,1875.0,SiO,-7.690386651166459,-7.69039,3.348833541139129e-06,-7.100544306727401,-6.88287,0.5898423444390577,0.8075200000000002,fail,Schaefer2004-MAGMA-valid.xlsx sheet=tho,MAGMA-native printed grid cell; k=5 model-model; fO2 pinned to MAGMA O2(g) polyfit (SF04 notebook protocol)
model_model_MAGMA,tho,SF04-tho,1875.0,SiO2,-8.176309590333533,-8.17631,4.096664678598927e-07,-8.158047783110735,-7.9403,0.0182618072227978,0.23601000000000116,fail,Schaefer2004-MAGMA-valid.xlsx sheet=tho,MAGMA-native printed grid cell; k=5 model-model; fO2 pinned to MAGMA O2(g) polyfit (SF04 notebook protocol)
model_model_MAGMA,tho,SF04-tho,1875.0,Fe,-6.96331442651985,-6.96331,-4.426519850220245e-06,-6.859608968454027,-6.45808,0.10370545806582321,0.5052300000000001,fail,Schaefer2004-MAGMA-valid.xlsx sheet=tho,MAGMA-native printed grid cell; k=5 model-model; fO2 pinned to MAGMA O2(g) polyfit (SF04 notebook protocol)
model_model_MAGMA,tho,SF04-tho,1875.0,FeO,-7.213117386805906,-7.21312,2.6131940940032905e-06,-7.211923589594941,-6.81028,0.0011937972109645756,0.4028400000000003,fail,Schaefer2004-MAGMA-valid.xlsx sheet=tho,MAGMA-native printed grid cell; k=5 model-model; fO2 pinned to MAGMA O2(g) polyfit (SF04 notebook protocol)
model_model_MAGMA,tho,SF04-tho,1875.0,Na,-4.392962314411577,-4.39296,-2.3144115761652984e-06,-5.748225388698922,-4.39645,-1.355263074287345,-0.003489999999999327,pass,Schaefer2004-MAGMA-valid.xlsx sheet=tho,MAGMA-native printed grid cell; k=5 model-model; fO2 pinned to MAGMA O2(g) polyfit (SF04 notebook protocol)
model_model_MAGMA,tho,SF04-tho,1875.0,K,-5.610392046443459,-5.61039,-2.0464434591360714e-06,-7.891925353963499,-5.30132,-2.28153330752004,0.3090700000000002,fail,Schaefer2004-MAGMA-valid.xlsx sheet=tho,MAGMA-native printed grid cell; k=5 model-model; fO2 pinned to MAGMA O2(g) polyfit (SF04 notebook protocol)
model_model_MAGMA,tho,SF04-tho,1900.0,O2,-4.859484415010256,-4.85948,-4.41501025605362e-06,-4.8595045662952785,-4.8595,-2.0151285022862453e-05,-2.0000000000131024e-05,pass,Schaefer2004-MAGMA-valid.xlsx sheet=tho,MAGMA-native printed grid cell; k=5 model-model; fO2 pinned to MAGMA O2(g) polyfit (SF04 notebook protocol)
model_model_MAGMA,tho,SF04-tho,1900.0,Mg,-8.5632327842435,-8.56323,-2.784243498865635e-06,-8.63254033026584,-8.03538,-0.06930754602234046,0.5278500000000008,fail,Schaefer2004-MAGMA-valid.xlsx sheet=tho,MAGMA-native printed grid cell; k=5 model-model; fO2 pinned to MAGMA O2(g) polyfit (SF04 notebook protocol)
model_model_MAGMA,tho,SF04-tho,1900.0,SiO,-7.467023690835571,-7.46702,-3.690835571390494e-06,-6.8781620818152645,-6.66121,0.5888616090203067,0.8058100000000001,fail,Schaefer2004-MAGMA-valid.xlsx sheet=tho,MAGMA-native printed grid cell; k=5 model-model; fO2 pinned to MAGMA O2(g) polyfit (SF04 notebook protocol)
model_model_MAGMA,tho,SF04-tho,1900.0,SiO2,-7.973291908921781,-7.97329,-1.908921780646722e-06,-7.946499746157459,-7.72947,0.02679216276432239,0.24382000000000037,fail,Schaefer2004-MAGMA-valid.xlsx sheet=tho,MAGMA-native printed grid cell; k=5 model-model; fO2 pinned to MAGMA O2(g) polyfit (SF04 notebook protocol)
model_model_MAGMA,tho,SF04-tho,1900.0,Fe,-6.795188140488624,-6.79519,1.8595113759900528e-06,-6.680870923598915,-6.29107,0.11431721688970864,0.5041199999999995,fail,Schaefer2004-MAGMA-valid.xlsx sheet=tho,MAGMA-native printed grid cell; k=5 model-model; fO2 pinned to MAGMA O2(g) polyfit (SF04 notebook protocol)
model_model_MAGMA,tho,SF04-tho,1900.0,FeO,-7.051772186816015,-7.05177,-2.1868160144933313e-06,-7.03419871675666,-6.64428,0.017573470059354612,0.40749000000000013,fail,Schaefer2004-MAGMA-valid.xlsx sheet=tho,MAGMA-native printed grid cell; k=5 model-model; fO2 pinned to MAGMA O2(g) polyfit (SF04 notebook protocol)
model_model_MAGMA,tho,SF04-tho,1900.0,Na,-4.26886929841876,-4.26887,7.015812393262877e-07,-5.624354142548732,-4.27264,-1.3554848441299718,-0.003770000000000273,pass,Schaefer2004-MAGMA-valid.xlsx sheet=tho,MAGMA-native printed grid cell; k=5 model-model; fO2 pinned to MAGMA O2(g) polyfit (SF04 notebook protocol)
model_model_MAGMA,tho,SF04-tho,1900.0,K,-5.484983011324967,-5.48498,-3.0113249671614994e-06,-7.766760836473899,-5.17142,-2.2817778251489313,0.31355999999999984,fail,Schaefer2004-MAGMA-valid.xlsx sheet=tho,MAGMA-native printed grid cell; k=5 model-model; fO2 pinned to MAGMA O2(g) polyfit (SF04 notebook protocol)
model_model_MAGMA,tho,SF04-tho,2000.0,O2,-4.39707228714081,-4.39707,-2.2871408100755275e-06,-4.397137785986615,-4.39714,-6.549884580486776e-05,-7.00000000000145e-05,pass,Schaefer2004-MAGMA-valid.xlsx sheet=tho,MAGMA-native printed grid cell; k=5 model-model; fO2 pinned to MAGMA O2(g) polyfit (SF04 notebook protocol)
model_model_MAGMA,tho,SF04-tho,2000.0,Mg,-7.8439669177215725,-7.84397,3.082278427157803e-06,-7.8433307112091715,-7.28984,0.0006362065124010385,0.5541299999999998,fail,Schaefer2004-MAGMA-valid.xlsx sheet=tho,MAGMA-native printed grid cell; k=5 model-model; fO2 pinned to MAGMA O2(g) polyfit (SF04 notebook protocol)
model_model_MAGMA,tho,SF04-tho,2000.0,SiO,-6.626434287197079,-6.62643,-4.287197079122507e-06,-6.046102964766176,-5.83212,0.5803313224309035,0.7943100000000003,fail,Schaefer2004-MAGMA-valid.xlsx sheet=tho,MAGMA-native printed grid cell; k=5 model-model; fO2 pinned to MAGMA O2(g) polyfit (SF04 notebook protocol)
model_model_MAGMA,tho,SF04-tho,2000.0,SiO2,-7.209020238997921,-7.20902,-2.389979210093429e-07,-7.154630710875197,-6.94059,0.054389528122723796,0.2684299999999995,fail,Schaefer2004-MAGMA-valid.xlsx sheet=tho,MAGMA-native printed grid cell; k=5 model-model; fO2 pinned to MAGMA O2(g) polyfit (SF04 notebook protocol)
model_model_MAGMA,tho,SF04-tho,2000.0,Fe,-6.165897980616584,-6.1659,2.0193834160409097e-06,-6.014101482164238,-5.66798,0.1517964984523461,0.4979199999999997,fail,Schaefer2004-MAGMA-valid.xlsx sheet=tho,MAGMA-native printed grid cell; k=5 model-model; fO2 pinned to MAGMA O2(g) polyfit (SF04 notebook protocol)
model_model_MAGMA,tho,SF04-tho,2000.0,FeO,-6.447934009308204,-6.44793,-4.009308203656303e-06,-6.371552449123165,-6.02533,0.07638156018503928,0.4226000000000001,fail,Schaefer2004-MAGMA-valid.xlsx sheet=tho,MAGMA-native printed grid cell; k=5 model-model; fO2 pinned to MAGMA O2(g) polyfit (SF04 notebook protocol)
model_model_MAGMA,tho,SF04-tho,2000.0,Na,-3.8031238686688695,-3.80312,-3.868668869699832e-06,-5.159858399908687,-3.81,-1.3567345312398178,-0.006880000000000219,pass,Schaefer2004-MAGMA-valid.xlsx sheet=tho,MAGMA-native printed grid cell; k=5 model-model; fO2 pinned to MAGMA O2(g) polyfit (SF04 notebook protocol)
model_model_MAGMA,tho,SF04-tho,2000.0,K,-5.017179370177823,-5.01718,6.298221766343204e-07,-7.297599210250094,-4.68598,-2.2804198400722706,0.33119999999999994,fail,Schaefer2004-MAGMA-valid.xlsx sheet=tho,MAGMA-native printed grid cell; k=5 model-model; fO2 pinned to MAGMA O2(g) polyfit (SF04 notebook protocol)
model_model_MAGMA,tho,SF04-tho,2125.0,O2,-3.880654357003984,-3.88065,-4.35700398382366e-06,-3.8806436486661795,-3.88064,1.0708337804476997e-05,1.0000000000065512e-05,pass,Schaefer2004-MAGMA-valid.xlsx sheet=tho,MAGMA-native printed grid cell; k=5 model-model; fO2 pinned to MAGMA O2(g) polyfit (SF04 notebook protocol)
model_model_MAGMA,tho,SF04-tho,2125.0,Mg,-7.043470880202477,-7.04347,-8.802024771270567e-07,-6.976092410382512,-6.46594,0.06737846981996487,0.5775300000000003,fail,Schaefer2004-MAGMA-valid.xlsx sheet=tho,MAGMA-native printed grid cell; k=5 model-model; fO2 pinned to MAGMA O2(g) polyfit (SF04 notebook protocol)
model_model_MAGMA,tho,SF04-tho,2125.0,SiO,-5.681107703667603,-5.68111,2.296332397122569e-06,-5.119658776116853,-4.90969,0.5614489275507504,0.77142,fail,Schaefer2004-MAGMA-valid.xlsx sheet=tho,MAGMA-native printed grid cell; k=5 model-model; fO2 pinned to MAGMA O2(g) polyfit (SF04 notebook protocol)
model_model_MAGMA,tho,SF04-tho,2125.0,SiO2,-6.349187648017268,-6.34919,2.351982732129443e-06,-6.272371839143611,-6.06236,0.0768158088736568,0.28683000000000014,fail,Schaefer2004-MAGMA-valid.xlsx sheet=tho,MAGMA-native printed grid cell; k=5 model-model; fO2 pinned to MAGMA O2(g) polyfit (SF04 notebook protocol)
model_model_MAGMA,tho,SF04-tho,2125.0,Fe,-5.464862406114258,-5.46486,-2.406114258057812e-06,-5.275923450945174,-4.97788,0.18893895516908366,0.48697999999999997,fail,Schaefer2004-MAGMA-valid.xlsx sheet=tho,MAGMA-native printed grid cell; k=5 model-model; fO2 pinned to MAGMA O2(g) polyfit (SF04 notebook protocol)
model_model_MAGMA,tho,SF04-tho,2125.0,FeO,-5.775542304514049,-5.77554,-2.3045140489230675e-06,-5.638816001577752,-5.34068,0.13672630293629684,0.43486000000000047,fail,Schaefer2004-MAGMA-valid.xlsx sheet=tho,MAGMA-native printed grid cell; k=5 model-model; fO2 pinned to MAGMA O2(g) polyfit (SF04 notebook protocol)
model_model_MAGMA,tho,SF04-tho,2125.0,Na,-3.2825871549689927,-3.28259,2.8450310072258844e-06,-4.641205263181516,-3.29618,-1.3586181082125233,-0.013590000000000213,pass,Schaefer2004-MAGMA-valid.xlsx sheet=tho,MAGMA-native printed grid cell; k=5 model-model; fO2 pinned to MAGMA O2(g) polyfit (SF04 notebook protocol)
model_model_MAGMA,tho,SF04-tho,2125.0,K,-4.499650711110028,-4.49965,-7.111100277512605e-07,-6.773896890818389,-4.14682,-2.2742461797083617,0.35283,fail,Schaefer2004-MAGMA-valid.xlsx sheet=tho,MAGMA-native printed grid cell; k=5 model-model; fO2 pinned to MAGMA O2(g) polyfit (SF04 notebook protocol)
model_model_MAGMA,tho,SF04-tho,2250.0,O2,-3.4217377240756495,-3.42174,2.27592435031454e-06,-3.4216645672984,-3.42166,7.315677724939462e-05,7.999999999963592e-05,pass,Schaefer2004-MAGMA-valid.xlsx sheet=tho,MAGMA-native printed grid cell; k=5 model-model; fO2 pinned to MAGMA O2(g) polyfit (SF04 notebook protocol)
model_model_MAGMA,tho,SF04-tho,2250.0,Mg,-6.335230762847207,-6.33523,-7.628472067366943e-07,-6.219713864162103,-5.74292,0.11551689868510362,0.5923100000000003,fail,Schaefer2004-MAGMA-valid.xlsx sheet=tho,MAGMA-native printed grid cell; k=5 model-model; fO2 pinned to MAGMA O2(g) polyfit (SF04 notebook protocol)
model_model_MAGMA,tho,SF04-tho,2250.0,SiO,-4.835620670906769,-4.83562,-6.709067692511894e-07,-4.2995316947243865,-4.09396,0.5360889761823824,0.7416599999999995,fail,Schaefer2004-MAGMA-valid.xlsx sheet=tho,MAGMA-native printed grid cell; k=5 model-model; fO2 pinned to MAGMA O2(g) polyfit (SF04 notebook protocol)
model_model_MAGMA,tho,SF04-tho,2250.0,SiO2,-5.579755863456707,-5.57976,4.136543293675743e-06,-5.490736069817169,-5.28514,0.0890197936395376,0.2946200000000001,pass,Schaefer2004-MAGMA-valid.xlsx sheet=tho,MAGMA-native printed grid cell; k=5 model-model; fO2 pinned to MAGMA O2(g) polyfit (SF04 notebook protocol)
model_model_MAGMA,tho,SF04-tho,2250.0,Fe,-4.844057891863924,-4.84406,2.108136075484879e-06,-4.626799263255239,-4.37068,0.21725862860868528,0.4733799999999997,fail,Schaefer2004-MAGMA-valid.xlsx sheet=tho,MAGMA-native printed grid cell; k=5 model-model; fO2 pinned to MAGMA O2(g) polyfit (SF04 notebook protocol)
model_model_MAGMA,tho,SF04-tho,2250.0,FeO,-5.180259886629963,-5.18026,1.1337003691380687e-07,-4.995325006839758,-4.73913,0.1849348797902044,0.44112999999999936,fail,Schaefer2004-MAGMA-valid.xlsx sheet=tho,MAGMA-native printed grid cell; k=5 model-model; fO2 pinned to MAGMA O2(g) polyfit (SF04 notebook protocol)
model_model_MAGMA,tho,SF04-tho,2250.0,Na,-2.821090359186186,-2.82109,-3.591861861274026e-07,-4.181697789403834,-2.84268,-1.3606074302176476,-0.02159000000000022,pass,Schaefer2004-MAGMA-valid.xlsx sheet=tho,MAGMA-native printed grid cell; k=5 model-model; fO2 pinned to MAGMA O2(g) polyfit (SF04 notebook protocol)
model_model_MAGMA,tho,SF04-tho,2250.0,K,-4.045171588405137,-4.04517,-1.5884051371983787e-06,-6.309443983754605,-3.67091,-2.264272395349468,0.3742599999999996,fail,Schaefer2004-MAGMA-valid.xlsx sheet=tho,MAGMA-native printed grid cell; k=5 model-model; fO2 pinned to MAGMA O2(g) polyfit (SF04 notebook protocol)
model_model_MAGMA,tho,SF04-tho,2500.0,O2,-2.6340691483009637,-2.63407,8.516990361862042e-07,-2.6340548261921057,-2.63405,1.4322108857989235e-05,2.0000000000131024e-05,pass,Schaefer2004-MAGMA-valid.xlsx sheet=tho,MAGMA-native printed grid cell; k=5 model-model; fO2 pinned to MAGMA O2(g) polyfit (SF04 notebook protocol)
model_model_MAGMA,tho,SF04-tho,2500.0,Mg,-5.142543325165583,-5.14254,-3.325165582879208e-06,-4.972236169264455,-4.54092,0.17030715590112777,0.6016200000000005,fail,Schaefer2004-MAGMA-valid.xlsx sheet=tho,MAGMA-native printed grid cell; k=5 model-model; fO2 pinned to MAGMA O2(g) polyfit (SF04 notebook protocol)
model_model_MAGMA,tho,SF04-tho,2500.0,SiO,-3.3907388555574243,-3.39074,1.1444425758178056e-06,-2.9173102767641663,-2.72147,0.47342857879325795,0.66927,fail,Schaefer2004-MAGMA-valid.xlsx sheet=tho,MAGMA-native printed grid cell; k=5 model-model; fO2 pinned to MAGMA O2(g) polyfit (SF04 notebook protocol)
model_model_MAGMA,tho,SF04-tho,2500.0,SiO2,-4.260413337516129,-4.26041,-3.337516128354423e-06,-4.168214667875319,-3.97237,0.09219866964080925,0.2880400000000001,pass,Schaefer2004-MAGMA-valid.xlsx sheet=tho,MAGMA-native printed grid cell; k=5 model-model; fO2 pinned to MAGMA O2(g) polyfit (SF04 notebook protocol)
model_model_MAGMA,tho,SF04-tho,2500.0,Fe,-3.7977594158692485,-3.79776,5.841307513243521e-07,-3.5440740481431967,-3.3576,0.25368536772605177,0.44015999999999966,fail,Schaefer2004-MAGMA-valid.xlsx sheet=tho,MAGMA-native printed grid cell; k=5 model-model; fO2 pinned to MAGMA O2(g) polyfit (SF04 notebook protocol)
model_model_MAGMA,tho,SF04-tho,2500.0,FeO,-4.173593833897385,-4.17359,-3.833897385341345e-06,-3.920497473047894,-3.73397,0.2530963608494914,0.4396200000000001,fail,Schaefer2004-MAGMA-valid.xlsx sheet=tho,MAGMA-native printed grid cell; k=5 model-model; fO2 pinned to MAGMA O2(g) polyfit (SF04 notebook protocol)
model_model_MAGMA,tho,SF04-tho,2500.0,Na,-2.0445552436141226,-2.04456,4.756385877602298e-06,-3.4109570473036466,-2.0817,-1.366401803689524,-0.03713999999999995,pass,Schaefer2004-MAGMA-valid.xlsx sheet=tho,MAGMA-native printed grid cell; k=5 model-model; fO2 pinned to MAGMA O2(g) polyfit (SF04 notebook protocol)
model_model_MAGMA,tho,SF04-tho,2500.0,K,-3.2879420488226465,-3.28794,-2.0488226466497395e-06,-5.525758179614045,-2.87209,-2.2378161307913986,0.41584999999999983,pass,Schaefer2004-MAGMA-valid.xlsx sheet=tho,MAGMA-native printed grid cell; k=5 model-model; fO2 pinned to MAGMA O2(g) polyfit (SF04 notebook protocol)
model_model_MAGMA,aba,SF04-aba,1500.0,O2,-6.908787971090829,-6.90879,2.028909170448401e-06,-6.9087676017772,-6.90877,2.0369313629586827e-05,2.0000000000131024e-05,ungateable,Schaefer2004-MAGMA-valid.xlsx sheet=aba,MAGMA-native printed grid cell; k=5 model-model; fO2 pinned to MAGMA O2(g) polyfit (SF04 notebook protocol)
model_model_MAGMA,aba,SF04-aba,1500.0,Mg,-12.165949780954962,-12.1659,-4.978095496177559e-05,-12.679871525668398,-12.0508,-0.5139217447134357,0.11509999999999998,ungateable,Schaefer2004-MAGMA-valid.xlsx sheet=aba,MAGMA-native printed grid cell; k=5 model-model; fO2 pinned to MAGMA O2(g) polyfit (SF04 notebook protocol)
model_model_MAGMA,aba,SF04-aba,1500.0,SiO,-12.368780742137458,-12.3688,1.9257862541977033e-05,-11.890214992906303,-11.4919,0.478565749231155,0.8769000000000009,ungateable,Schaefer2004-MAGMA-valid.xlsx sheet=aba,MAGMA-native printed grid cell; k=5 model-model; fO2 pinned to MAGMA O2(g) polyfit (SF04 notebook protocol)
model_model_MAGMA,aba,SF04-aba,1500.0,SiO2,-12.259574539748968,-12.2596,2.546025103278282e-05,-12.525731159721765,-12.1273,-0.26615661997279716,0.13230000000000075,ungateable,Schaefer2004-MAGMA-valid.xlsx sheet=aba,MAGMA-native printed grid cell; k=5 model-model; fO2 pinned to MAGMA O2(g) polyfit (SF04 notebook protocol)
model_model_MAGMA,aba,SF04-aba,1500.0,Fe,-10.361592917338326,-10.3616,7.082661673152302e-06,-10.440016275495038,-9.86814,-0.0784233581567122,0.4934599999999989,ungateable,Schaefer2004-MAGMA-valid.xlsx sheet=aba,MAGMA-native printed grid cell; k=5 model-model; fO2 pinned to MAGMA O2(g) polyfit (SF04 notebook protocol)
model_model_MAGMA,aba,SF04-aba,1500.0,FeO,-10.273986744890623,-10.274,1.325510937633112e-05,-10.569992889136447,-9.99793,-0.2960061442458244,0.2760699999999989,ungateable,Schaefer2004-MAGMA-valid.xlsx sheet=aba,MAGMA-native printed grid cell; k=5 model-model; fO2 pinned to MAGMA O2(g) polyfit (SF04 notebook protocol)
model_model_MAGMA,aba,SF04-aba,1500.0,Na,-6.345121258677771,-6.34512,-1.25867777178712e-06,-7.379490048564602,-6.55399,-1.0343687898868303,-0.2088700000000001,ungateable,Schaefer2004-MAGMA-valid.xlsx sheet=aba,MAGMA-native printed grid cell; k=5 model-model; fO2 pinned to MAGMA O2(g) polyfit (SF04 notebook protocol)
model_model_MAGMA,aba,SF04-aba,1500.0,K,-7.351500646763988,-7.3515,-6.467639881435616e-07,-9.82684889338593,-7.27159,-2.4753482466219427,0.07990999999999993,ungateable,Schaefer2004-MAGMA-valid.xlsx sheet=aba,MAGMA-native printed grid cell; k=5 model-model; fO2 pinned to MAGMA O2(g) polyfit (SF04 notebook protocol)
model_model_MAGMA,aba,SF04-aba,1625.0,O2,-6.030335790656736,-6.03034,4.209343264172105e-06,-6.0304249752087316,-6.03042,-8.918455199591335e-05,-8.00000000005241e-05,ungateable,Schaefer2004-MAGMA-valid.xlsx sheet=aba,MAGMA-native printed grid cell; k=5 model-model; fO2 pinned to MAGMA O2(g) polyfit (SF04 notebook protocol)
model_model_MAGMA,aba,SF04-aba,1625.0,Mg,-10.719599663122857,-10.7196,3.36877143070069e-07,-11.040814956700624,-10.5269,-0.321215293577767,0.19270000000000032,ungateable,Schaefer2004-MAGMA-valid.xlsx sheet=aba,MAGMA-native printed grid cell; k=5 model-model; fO2 pinned to MAGMA O2(g) polyfit (SF04 notebook protocol)
model_model_MAGMA,aba,SF04-aba,1625.0,SiO,-10.759262348719211,-10.7593,3.7651280788253416e-05,-10.226487411572956,-9.83963,0.5327749371462556,0.91967,ungateable,Schaefer2004-MAGMA-valid.xlsx sheet=aba,MAGMA-native printed grid cell; k=5 model-model; fO2 pinned to MAGMA O2(g) polyfit (SF04 notebook protocol)
model_model_MAGMA,aba,SF04-aba,1625.0,SiO2,-10.810107020680984,-10.8101,-7.02068098412667e-06,-10.957108870155574,-10.5701,-0.14700184947458972,0.2400000000000002,ungateable,Schaefer2004-MAGMA-valid.xlsx sheet=aba,MAGMA-native printed grid cell; k=5 model-model; fO2 pinned to MAGMA O2(g) polyfit (SF04 notebook protocol)
model_model_MAGMA,aba,SF04-aba,1625.0,Fe,-9.123655527898503,-9.12366,4.472101496233449e-06,-9.103848889762363,-8.59515,0.019806638136140364,0.5285099999999989,ungateable,Schaefer2004-MAGMA-valid.xlsx sheet=aba,MAGMA-native printed grid cell; k=5 model-model; fO2 pinned to MAGMA O2(g) polyfit (SF04 notebook protocol)
model_model_MAGMA,aba,SF04-aba,1625.0,FeO,-9.096977062394208,-9.09698,2.93760579239688e-06,-9.249530336711205,-8.74067,-0.15255327431699683,0.35631000000000057,ungateable,Schaefer2004-MAGMA-valid.xlsx sheet=aba,MAGMA-native printed grid cell; k=5 model-model; fO2 pinned to MAGMA O2(g) polyfit (SF04 notebook protocol)
model_model_MAGMA,aba,SF04-aba,1625.0,Na,-5.4673068850486,-5.46731,3.1149513999295664e-06,-6.517264503691652,-5.64275,-1.0499576186430515,-0.17544000000000004,ungateable,Schaefer2004-MAGMA-valid.xlsx sheet=aba,MAGMA-native printed grid cell; k=5 model-model; fO2 pinned to MAGMA O2(g) polyfit (SF04 notebook protocol)
model_model_MAGMA,aba,SF04-aba,1625.0,K,-6.447521601103488,-6.44752,-1.6011034880136776e-06,-8.93573283111122,-6.31853,-2.4882112300077326,0.12898999999999994,ungateable,Schaefer2004-MAGMA-valid.xlsx sheet=aba,MAGMA-native printed grid cell; k=5 model-model; fO2 pinned to MAGMA O2(g) polyfit (SF04 notebook protocol)
model_model_MAGMA,aba,SF04-aba,1750.0,O2,-5.278043545665524,-5.27804,-3.5456655238519375e-06,-5.277919387154185,-5.27792,0.00012415851133873446,0.00011999999999989797,pass,Schaefer2004-MAGMA-valid.xlsx sheet=aba,MAGMA-native printed grid cell; k=5 model-model; fO2 pinned to MAGMA O2(g) polyfit (SF04 notebook protocol)
model_model_MAGMA,aba,SF04-aba,1750.0,Mg,-9.487246516974293,-9.48725,3.483025706074727e-06,-9.657463159527527,-9.23653,-0.17021664255323365,0.2507199999999994,fail,Schaefer2004-MAGMA-valid.xlsx sheet=aba,MAGMA-native printed grid cell; k=5 model-model; fO2 pinned to MAGMA O2(g) polyfit (SF04 notebook protocol)
model_model_MAGMA,aba,SF04-aba,1750.0,SiO,-9.364079966236003,-9.36408,3.37639960434899e-08,-8.806351859606005,-8.43068,0.5577281066299982,0.9333999999999989,fail,Schaefer2004-MAGMA-valid.xlsx sheet=aba,MAGMA-native printed grid cell; k=5 model-model; fO2 pinned to MAGMA O2(g) polyfit (SF04 notebook protocol)
model_model_MAGMA,aba,SF04-aba,1750.0,SiO2,-9.552444306007223,-9.55244,-4.306007221899222e-06,-9.61714832149869,-9.24137,-0.06470401549146665,0.31107000000000085,fail,Schaefer2004-MAGMA-valid.xlsx sheet=aba,MAGMA-native printed grid cell; k=5 model-model; fO2 pinned to MAGMA O2(g) polyfit (SF04 notebook protocol)
model_model_MAGMA,aba,SF04-aba,1750.0,Fe,-8.06403560531649,-8.06404,4.394683509545416e-06,-7.968112809519084,-7.51492,0.09592279579740648,0.5491200000000003,fail,Schaefer2004-MAGMA-valid.xlsx sheet=aba,MAGMA-native printed grid cell; k=5 model-model; fO2 pinned to MAGMA O2(g) polyfit (SF04 notebook protocol)
model_model_MAGMA,aba,SF04-aba,1750.0,FeO,-8.089914262120534,-8.08991,-4.262120533837788e-06,-8.128382945975027,-7.67506,-0.03846868385449298,0.4148499999999995,fail,Schaefer2004-MAGMA-valid.xlsx sheet=aba,MAGMA-native printed grid cell; k=5 model-model; fO2 pinned to MAGMA O2(g) polyfit (SF04 notebook protocol)
model_model_MAGMA,aba,SF04-aba,1750.0,Na,-4.713076252712876,-4.71308,3.7472871241561734e-06,-5.783338912077435,-4.8672,-1.070262659364559,-0.1541200000000007,fail,Schaefer2004-MAGMA-valid.xlsx sheet=aba,MAGMA-native printed grid cell; k=5 model-model; fO2 pinned to MAGMA O2(g) polyfit (SF04 notebook protocol)
model_model_MAGMA,aba,SF04-aba,1750.0,K,-5.687369326099422,-5.68737,6.739005780076468e-07,-8.170930744754205,-5.5074,-2.4835614186547836,0.17996999999999996,fail,Schaefer2004-MAGMA-valid.xlsx sheet=aba,MAGMA-native printed grid cell; k=5 model-model; fO2 pinned to MAGMA O2(g) polyfit (SF04 notebook protocol)
model_model_MAGMA,aba,SF04-aba,1875.0,O2,-4.627420654115845,-4.62742,-6.541158450446005e-07,-4.627416802911505,-4.62742,3.851204340321601e-06,0.0,pass,Schaefer2004-MAGMA-valid.xlsx sheet=aba,MAGMA-native printed grid cell; k=5 model-model; fO2 pinned to MAGMA O2(g) polyfit (SF04 notebook protocol)
model_model_MAGMA,aba,SF04-aba,1875.0,Mg,-8.425980545242846,-8.42598,-5.452428464280956e-07,-8.477873371360118,-8.13117,-0.05189282611727286,0.29481,fail,Schaefer2004-MAGMA-valid.xlsx sheet=aba,MAGMA-native printed grid cell; k=5 model-model; fO2 pinned to MAGMA O2(g) polyfit (SF04 notebook protocol)
model_model_MAGMA,aba,SF04-aba,1875.0,SiO,-8.142214083567458,-8.14221,-4.083567457513482e-06,-7.579727562837409,-7.21516,0.5624865207300491,0.9270500000000004,fail,Schaefer2004-MAGMA-valid.xlsx sheet=aba,MAGMA-native printed grid cell; k=5 model-model; fO2 pinned to MAGMA O2(g) polyfit (SF04 notebook protocol)
model_model_MAGMA,aba,SF04-aba,1875.0,SiO2,-8.450444161628674,-8.45044,-4.161628673671203e-06,-8.459538590393368,-8.09489,-0.009094428764694129,0.3555500000000009,fail,Schaefer2004-MAGMA-valid.xlsx sheet=aba,MAGMA-native printed grid cell; k=5 model-model; fO2 pinned to MAGMA O2(g) polyfit (SF04 notebook protocol)
model_model_MAGMA,aba,SF04-aba,1875.0,Fe,-7.147135106600838,-7.14714,4.893399162320122e-06,-6.992103264930368,-6.5874,0.15503184167047035,0.5597400000000006,fail,Schaefer2004-MAGMA-valid.xlsx sheet=aba,MAGMA-native printed grid cell; k=5 model-model; fO2 pinned to MAGMA O2(g) polyfit (SF04 notebook protocol)
model_model_MAGMA,aba,SF04-aba,1875.0,FeO,-7.219245156777376,-7.21925,4.843222623840404e-06,-7.166725437243906,-6.76191,0.052519719533469456,0.4573399999999994,fail,Schaefer2004-MAGMA-valid.xlsx sheet=aba,MAGMA-native printed grid cell; k=5 model-model; fO2 pinned to MAGMA O2(g) polyfit (SF04 notebook protocol)
model_model_MAGMA,aba,SF04-aba,1875.0,Na,-4.05843391131641,-4.05843,-3.911316409421772e-06,-5.149444931232788,-4.19947,-1.0910110199163778,-0.1410399999999994,fail,Schaefer2004-MAGMA-valid.xlsx sheet=aba,MAGMA-native printed grid cell; k=5 model-model; fO2 pinned to MAGMA O2(g) polyfit (SF04 notebook protocol)
model_model_MAGMA,aba,SF04-aba,1875.0,K,-5.040196588669784,-5.0402,3.4113302156413283e-06,-7.509611435839669,-4.81223,-2.469414847169885,0.22797,fail,Schaefer2004-MAGMA-valid.xlsx sheet=aba,MAGMA-native printed grid cell; k=5 model-model; fO2 pinned to MAGMA O2(g) polyfit (SF04 notebook protocol)
model_model_MAGMA,aba,SF04-aba,1900.0,O2,-4.507836023154406,-4.50784,3.976845594166889e-06,-4.507863122566128,-4.50786,-2.7099411722630862e-05,-2.0000000000131024e-05,pass,Schaefer2004-MAGMA-valid.xlsx sheet=aba,MAGMA-native printed grid cell; k=5 model-model; fO2 pinned to MAGMA O2(g) polyfit (SF04 notebook protocol)
model_model_MAGMA,aba,SF04-aba,1900.0,Mg,-8.231212843689924,-8.23121,-2.8436899235373403e-06,-8.262781616053138,-7.92897,-0.031568772363213427,0.3022400000000012,fail,Schaefer2004-MAGMA-valid.xlsx sheet=aba,MAGMA-native printed grid cell; k=5 model-model; fO2 pinned to MAGMA O2(g) polyfit (SF04 notebook protocol)
model_model_MAGMA,aba,SF04-aba,1900.0,SiO,-7.915735167452018,-7.91574,4.8325479822253214e-06,-7.354171854136642,-6.99183,0.5615633133153759,0.9239100000000002,fail,Schaefer2004-MAGMA-valid.xlsx sheet=aba,MAGMA-native printed grid cell; k=5 model-model; fO2 pinned to MAGMA O2(g) polyfit (SF04 notebook protocol)
model_model_MAGMA,aba,SF04-aba,1900.0,SiO2,-8.246179101719099,-8.24618,8.982809021063076e-07,-8.246688796614261,-7.88427,-0.0005096948951628377,0.36191000000000084,fail,Schaefer2004-MAGMA-valid.xlsx sheet=aba,MAGMA-native printed grid cell; k=5 model-model; fO2 pinned to MAGMA O2(g) polyfit (SF04 notebook protocol)
model_model_MAGMA,aba,SF04-aba,1900.0,Fe,-6.978400589746332,-6.9784,-5.897463326576258e-07,-6.813261814208275,-6.41747,0.16513877553805756,0.5609299999999999,fail,Schaefer2004-MAGMA-valid.xlsx sheet=aba,MAGMA-native printed grid cell; k=5 model-model; fO2 pinned to MAGMA O2(g) polyfit (SF04 notebook protocol)
model_model_MAGMA,aba,SF04-aba,1900.0,FeO,-7.0591603051170715,-7.05916,-3.051170711643181e-07,-6.990768885501445,-6.59486,0.06839141961562678,0.4643000000000006,fail,Schaefer2004-MAGMA-valid.xlsx sheet=aba,MAGMA-native printed grid cell; k=5 model-model; fO2 pinned to MAGMA O2(g) polyfit (SF04 notebook protocol)
model_model_MAGMA,aba,SF04-aba,1900.0,Na,-3.9378468817486416,-3.93785,3.118251358458224e-06,-5.032791865279309,-4.07694,-1.0949449835306675,-0.1390899999999995,fail,Schaefer2004-MAGMA-valid.xlsx sheet=aba,MAGMA-native printed grid cell; k=5 model-model; fO2 pinned to MAGMA O2(g) polyfit (SF04 notebook protocol)
model_model_MAGMA,aba,SF04-aba,1900.0,K,-4.922174418764386,-4.92217,-4.418764385505369e-06,-7.387067402196685,-4.68416,-2.464892983432299,0.23801000000000005,fail,Schaefer2004-MAGMA-valid.xlsx sheet=aba,MAGMA-native printed grid cell; k=5 model-model; fO2 pinned to MAGMA O2(g) polyfit (SF04 notebook protocol)
model_model_MAGMA,aba,SF04-aba,2000.0,O2,-4.060533464945557,-4.06053,-3.4649455571411636e-06,-4.060615689698345,-4.06062,-8.222475278785168e-05,-9.000000000014552e-05,pass,Schaefer2004-MAGMA-valid.xlsx sheet=aba,MAGMA-native printed grid cell; k=5 model-model; fO2 pinned to MAGMA O2(g) polyfit (SF04 notebook protocol)
model_model_MAGMA,aba,SF04-aba,2000.0,Mg,-7.502835979145333,-7.50284,4.020854666997309e-06,-7.4628295231913935,-7.17484,0.04000645595393948,0.3280000000000003,fail,Schaefer2004-MAGMA-valid.xlsx sheet=aba,MAGMA-native printed grid cell; k=5 model-model; fO2 pinned to MAGMA O2(g) polyfit (SF04 notebook protocol)
model_model_MAGMA,aba,SF04-aba,2000.0,SiO,-7.062274939758208,-7.06227,-4.939758207811451e-06,-6.509390719123011,-6.15594,0.5528842206351969,0.9063299999999996,fail,Schaefer2004-MAGMA-valid.xlsx sheet=aba,MAGMA-native printed grid cell; k=5 model-model; fO2 pinned to MAGMA O2(g) polyfit (SF04 notebook protocol)
model_model_MAGMA,aba,SF04-aba,2000.0,SiO2,-7.476591478131969,-7.47659,-1.4781319688239591e-06,-7.449657417087897,-7.09614,0.02693406104407181,0.38044999999999973,fail,Schaefer2004-MAGMA-valid.xlsx sheet=aba,MAGMA-native printed grid cell; k=5 model-model; fO2 pinned to MAGMA O2(g) polyfit (SF04 notebook protocol)
model_model_MAGMA,aba,SF04-aba,2000.0,Fe,-6.346121403500696,-6.34612,-1.4035006961066188e-06,-6.145490363763676,-5.78286,0.20063103973702034,0.5632599999999996,fail,Schaefer2004-MAGMA-valid.xlsx sheet=aba,MAGMA-native printed grid cell; k=5 model-model; fO2 pinned to MAGMA O2(g) polyfit (SF04 notebook protocol)
model_model_MAGMA,aba,SF04-aba,2000.0,FeO,-6.4598879771941045,-6.45989,2.022805895229851e-06,-6.334680282578467,-5.97195,0.12520769461563752,0.48794000000000004,fail,Schaefer2004-MAGMA-valid.xlsx sheet=aba,MAGMA-native printed grid cell; k=5 model-model; fO2 pinned to MAGMA O2(g) polyfit (SF04 notebook protocol)
model_model_MAGMA,aba,SF04-aba,2000.0,Na,-3.4860205220923146,-3.48602,-5.220923147142287e-07,-4.5954838066996455,-3.61881,-1.109463284607331,-0.13278999999999996,pass,Schaefer2004-MAGMA-valid.xlsx sheet=aba,MAGMA-native printed grid cell; k=5 model-model; fO2 pinned to MAGMA O2(g) polyfit (SF04 notebook protocol)
model_model_MAGMA,aba,SF04-aba,2000.0,K,-4.48284132888679,-4.48284,-1.3288867899419188e-06,-6.92688305656018,-4.20533,-2.4440417276733895,0.27751000000000037,fail,Schaefer2004-MAGMA-valid.xlsx sheet=aba,MAGMA-native printed grid cell; k=5 model-model; fO2 pinned to MAGMA O2(g) polyfit (SF04 notebook protocol)
model_model_MAGMA,aba,SF04-aba,2125.0,O2,-3.563488784635232,-3.56349,1.2153647679369328e-06,-3.563470119957067,-3.56347,1.866467816480366e-05,1.9999999999686935e-05,pass,Schaefer2004-MAGMA-valid.xlsx sheet=aba,MAGMA-native printed grid cell; k=5 model-model; fO2 pinned to MAGMA O2(g) polyfit (SF04 notebook protocol)
model_model_MAGMA,aba,SF04-aba,2125.0,Mg,-6.692317875753052,-6.69232,2.1242469472326775e-06,-6.581986721839442,-6.34014,0.11033115391361026,0.3521799999999997,fail,Schaefer2004-MAGMA-valid.xlsx sheet=aba,MAGMA-native printed grid cell; k=5 model-model; fO2 pinned to MAGMA O2(g) polyfit (SF04 notebook protocol)
model_model_MAGMA,aba,SF04-aba,2125.0,SiO,-6.100163198161441,-6.10016,-3.198161441453351e-06,-5.567035459301203,-5.22468,0.5331277388602382,0.8754799999999996,fail,Schaefer2004-MAGMA-valid.xlsx sheet=aba,MAGMA-native printed grid cell; k=5 model-model; fO2 pinned to MAGMA O2(g) polyfit (SF04 notebook protocol)
model_model_MAGMA,aba,SF04-aba,2125.0,SiO2,-6.609660425700866,-6.60966,-4.257008665575768e-07,-6.561161757973405,-6.21877,0.04849866772746125,0.39088999999999974,fail,Schaefer2004-MAGMA-valid.xlsx sheet=aba,MAGMA-native printed grid cell; k=5 model-model; fO2 pinned to MAGMA O2(g) polyfit (SF04 notebook protocol)
model_model_MAGMA,aba,SF04-aba,2125.0,Fe,-5.640262387181486,-5.64026,-2.387181486263046e-06,-5.404873718859222,-5.07865,0.23538866832226368,0.5616099999999999,fail,Schaefer2004-MAGMA-valid.xlsx sheet=aba,MAGMA-native printed grid cell; k=5 model-model; fO2 pinned to MAGMA O2(g) polyfit (SF04 notebook protocol)
model_model_MAGMA,aba,SF04-aba,2125.0,FeO,-5.792359439987437,-5.79236,5.600125634330766e-07,-5.609179505137245,-5.28287,0.1831799348501919,0.5094900000000004,fail,Schaefer2004-MAGMA-valid.xlsx sheet=aba,MAGMA-native printed grid cell; k=5 model-model; fO2 pinned to MAGMA O2(g) polyfit (SF04 notebook protocol)
model_model_MAGMA,aba,SF04-aba,2125.0,Na,-2.982478771151895,-2.98248,1.2288481046063282e-06,-4.106868807901354,-3.10942,-1.124390036749459,-0.12694000000000027,pass,Schaefer2004-MAGMA-valid.xlsx sheet=aba,MAGMA-native printed grid cell; k=5 model-model; fO2 pinned to MAGMA O2(g) polyfit (SF04 notebook protocol)
model_model_MAGMA,aba,SF04-aba,2125.0,K,-3.997669326461361,-3.99767,6.735386386402809e-07,-6.411278088701924,-3.67293,-2.413608762240563,0.3247399999999998,fail,Schaefer2004-MAGMA-valid.xlsx sheet=aba,MAGMA-native printed grid cell; k=5 model-model; fO2 pinned to MAGMA O2(g) polyfit (SF04 notebook protocol)
model_model_MAGMA,aba,SF04-aba,2250.0,O2,-3.1249990208662126,-3.125,9.791337873821249e-07,-3.124912874659593,-3.12491,8.614620661973049e-05,9.000000000014552e-05,pass,Schaefer2004-MAGMA-valid.xlsx sheet=aba,MAGMA-native printed grid cell; k=5 model-model; fO2 pinned to MAGMA O2(g) polyfit (SF04 notebook protocol)
model_model_MAGMA,aba,SF04-aba,2250.0,Mg,-5.9746875793962975,-5.97469,2.420603702368851e-06,-5.81162930474601,-5.60589,0.16305827465028777,0.36880000000000024,fail,Schaefer2004-MAGMA-valid.xlsx sheet=aba,MAGMA-native printed grid cell; k=5 model-model; fO2 pinned to MAGMA O2(g) polyfit (SF04 notebook protocol)
model_model_MAGMA,aba,SF04-aba,2250.0,SiO,-5.237239760586937,-5.23724,2.394130627081381e-07,-4.730821554007404,-4.3995,0.5064182065795331,0.8377400000000002,fail,Schaefer2004-MAGMA-valid.xlsx sheet=aba,MAGMA-native printed grid cell; k=5 model-model; fO2 pinned to MAGMA O2(g) polyfit (SF04 notebook protocol)
model_model_MAGMA,aba,SF04-aba,2250.0,SiO2,-5.833005699557166,-5.83301,4.300442833837792e-06,-5.773650082780782,-5.4423,0.05935561677638379,0.39070999999999945,fail,Schaefer2004-MAGMA-valid.xlsx sheet=aba,MAGMA-native printed grid cell; k=5 model-model; fO2 pinned to MAGMA O2(g) polyfit (SF04 notebook protocol)
model_model_MAGMA,aba,SF04-aba,2250.0,Fe,-5.013393597738851,-5.01339,-3.5977388508356967e-06,-4.751910266308666,-4.4573,0.26148333143018476,0.5560900000000002,fail,Schaefer2004-MAGMA-valid.xlsx sheet=aba,MAGMA-native printed grid cell; k=5 model-model; fO2 pinned to MAGMA O2(g) polyfit (SF04 notebook protocol)
model_model_MAGMA,aba,SF04-aba,2250.0,FeO,-5.201226264358943,-5.20123,3.735641056934469e-06,-4.972060163573781,-4.67738,0.22916610078516175,0.5238499999999995,fail,Schaefer2004-MAGMA-valid.xlsx sheet=aba,MAGMA-native printed grid cell; k=5 model-model; fO2 pinned to MAGMA O2(g) polyfit (SF04 notebook protocol)
model_model_MAGMA,aba,SF04-aba,2250.0,Na,-2.537103149573596,-2.5371,-3.1495735957065563e-06,-3.6729406454750286,-2.65906,-1.1358374959014328,-0.12196000000000007,pass,Schaefer2004-MAGMA-valid.xlsx sheet=aba,MAGMA-native printed grid cell; k=5 model-model; fO2 pinned to MAGMA O2(g) polyfit (SF04 notebook protocol)
model_model_MAGMA,aba,SF04-aba,2250.0,K,-3.5712085891171395,-3.57121,1.4108828607639623e-06,-5.95185717466138,-3.20223,-2.3806485855442405,0.3689800000000001,fail,Schaefer2004-MAGMA-valid.xlsx sheet=aba,MAGMA-native printed grid cell; k=5 model-model; fO2 pinned to MAGMA O2(g) polyfit (SF04 notebook protocol)
model_model_MAGMA,aba,SF04-aba,2500.0,O2,-2.386544142560882,-2.38654,-4.142560881881252e-06,-2.386526643761208,-2.38653,1.74987996741649e-05,1.0000000000065512e-05,pass,Schaefer2004-MAGMA-valid.xlsx sheet=aba,MAGMA-native printed grid cell; k=5 model-model; fO2 pinned to MAGMA O2(g) polyfit (SF04 notebook protocol)
model_model_MAGMA,aba,SF04-aba,2500.0,Mg,-4.760602158680631,-4.7606,-2.1586806306927997e-06,-4.533051143494946,-4.37756,0.22755101518568477,0.38304000000000027,pass,Schaefer2004-MAGMA-valid.xlsx sheet=aba,MAGMA-native printed grid cell; k=5 model-model; fO2 pinned to MAGMA O2(g) polyfit (SF04 notebook protocol)
model_model_MAGMA,aba,SF04-aba,2500.0,SiO,-3.7540310692187053,-3.75403,-1.0692187051297708e-06,-3.313469047382512,-3.00368,0.4405620218361932,0.7503500000000001,fail,Schaefer2004-MAGMA-valid.xlsx sheet=aba,MAGMA-native printed grid cell; k=5 model-model; fO2 pinned to MAGMA O2(g) polyfit (SF04 notebook protocol)
model_model_MAGMA,aba,SF04-aba,2500.0,SiO2,-4.499942962645382,-4.49994,-2.9626453823539123e-06,-4.440609347278217,-4.13081,0.05933361536716486,0.3691299999999993,pass,Schaefer2004-MAGMA-valid.xlsx sheet=aba,MAGMA-native printed grid cell; k=5 model-model; fO2 pinned to MAGMA O2(g) polyfit (SF04 notebook protocol)
model_model_MAGMA,aba,SF04-aba,2500.0,Fe,-3.949162600115096,-3.94916,-2.6001150961185715e-06,-3.655234408700549,-3.41291,0.29392819141454707,0.5362499999999999,fail,Schaefer2004-MAGMA-valid.xlsx sheet=aba,MAGMA-native printed grid cell; k=5 model-model; fO2 pinned to MAGMA O2(g) polyfit (SF04 notebook protocol)
model_model_MAGMA,aba,SF04-aba,2500.0,FeO,-4.201234409463348,-4.20123,-4.409463348231668e-06,-3.9078937423897973,-3.66552,0.2933406670735508,0.5357099999999999,fail,Schaefer2004-MAGMA-valid.xlsx sheet=aba,MAGMA-native printed grid cell; k=5 model-model; fO2 pinned to MAGMA O2(g) polyfit (SF04 notebook protocol)
model_model_MAGMA,aba,SF04-aba,2500.0,Na,-1.787599829835466,-1.7876,1.7016453401907938e-07,-2.9402814231314065,-1.89978,-1.1526815932959404,-0.11217999999999995,pass,Schaefer2004-MAGMA-valid.xlsx sheet=aba,MAGMA-native printed grid cell; k=5 model-model; fO2 pinned to MAGMA O2(g) polyfit (SF04 notebook protocol)
model_model_MAGMA,aba,SF04-aba,2500.0,K,-2.855699842382321,-2.8557,1.576176789086503e-07,-5.170116802454064,-2.40863,-2.314416960071743,0.4470700000000001,fail,Schaefer2004-MAGMA-valid.xlsx sheet=aba,MAGMA-native printed grid cell; k=5 model-model; fO2 pinned to MAGMA O2(g) polyfit (SF04 notebook protocol)
model_model_MAGMA,kom,SF04-kom,1500.0,O2,-7.406844684162123,-7.40684,-4.684162123069768e-06,-7.406817451685129,-7.40682,2.7232476994321075e-05,2.0000000000131024e-05,ungateable,Schaefer2004-MAGMA-valid.xlsx sheet=kom,MAGMA-native printed grid cell; k=5 model-model; fO2 pinned to MAGMA O2(g) polyfit (SF04 notebook protocol)
model_model_MAGMA,kom,SF04-kom,1500.0,Mg,-11.614370135737227,-11.6144,2.9864262772960615e-05,-12.202186052825907,-11.5844,-0.5878159170886796,0.02999999999999936,ungateable,Schaefer2004-MAGMA-valid.xlsx sheet=kom,MAGMA-native printed grid cell; k=5 model-model; fO2 pinned to MAGMA O2(g) polyfit (SF04 notebook protocol)
model_model_MAGMA,kom,SF04-kom,1500.0,SiO,-12.184067059078728,-12.1841,3.294092127248405e-05,-11.599996680687484,-11.1096,0.5840703783912442,1.0745000000000005,ungateable,Schaefer2004-MAGMA-valid.xlsx sheet=kom,MAGMA-native printed grid cell; k=5 model-model; fO2 pinned to MAGMA O2(g) polyfit (SF04 notebook protocol)
model_model_MAGMA,kom,SF04-kom,1500.0,SiO2,-12.323889101451687,-12.3239,1.0898548312709977e-05,-12.484537772456912,-11.994,-0.16064867100522484,0.3299000000000003,ungateable,Schaefer2004-MAGMA-valid.xlsx sheet=kom,MAGMA-native printed grid cell; k=5 model-model; fO2 pinned to MAGMA O2(g) polyfit (SF04 notebook protocol)
model_model_MAGMA,kom,SF04-kom,1500.0,Fe,-10.092426024240126,-10.0924,-2.602424012643212e-05,-10.200844677554985,-9.72048,-0.10841865331485856,0.37191999999999936,ungateable,Schaefer2004-MAGMA-valid.xlsx sheet=kom,MAGMA-native printed grid cell; k=5 model-model; fO2 pinned to MAGMA O2(g) polyfit (SF04 notebook protocol)
model_model_MAGMA,kom,SF04-kom,1500.0,FeO,-10.253848151266007,-10.2538,-4.8151266007323557e-05,-10.579846216150358,-10.0993,-0.32599806488435057,0.15450000000000053,ungateable,Schaefer2004-MAGMA-valid.xlsx sheet=kom,MAGMA-native printed grid cell; k=5 model-model; fO2 pinned to MAGMA O2(g) polyfit (SF04 notebook protocol)
model_model_MAGMA,kom,SF04-kom,1500.0,Na,-6.826361310053452,-6.82636,-1.3100534514975948e-06,-8.032792090211675,-6.81405,-1.2064307801582235,0.012310000000000265,ungateable,Schaefer2004-MAGMA-valid.xlsx sheet=kom,MAGMA-native printed grid cell; k=5 model-model; fO2 pinned to MAGMA O2(g) polyfit (SF04 notebook protocol)
model_model_MAGMA,kom,SF04-kom,1500.0,K,-8.04397374737149,-8.04397,-3.747371490447904e-06,-10.368449775234138,-7.85479,-2.324476027862648,0.18917999999999946,ungateable,Schaefer2004-MAGMA-valid.xlsx sheet=kom,MAGMA-native printed grid cell; k=5 model-model; fO2 pinned to MAGMA O2(g) polyfit (SF04 notebook protocol)
model_model_MAGMA,kom,SF04-kom,1625.0,O2,-6.523605638392247,-6.52361,4.361607752301211e-06,-6.523723812060759,-6.52372,-0.00011817366851119004,-0.00011000000000027654,ungateable,Schaefer2004-MAGMA-valid.xlsx sheet=kom,MAGMA-native printed grid cell; k=5 model-model; fO2 pinned to MAGMA O2(g) polyfit (SF04 notebook protocol)
model_model_MAGMA,kom,SF04-kom,1625.0,Mg,-10.150575119164118,-10.1506,2.4880835882257202e-05,-10.545155232313151,-10.059,-0.39458011314903274,0.09160000000000146,ungateable,Schaefer2004-MAGMA-valid.xlsx sheet=kom,MAGMA-native printed grid cell; k=5 model-model; fO2 pinned to MAGMA O2(g) polyfit (SF04 notebook protocol)
model_model_MAGMA,kom,SF04-kom,1625.0,SiO,-10.585045527545693,-10.585,-4.5527545692536364e-05,-9.956217360696682,-9.47205,0.6288281668490114,1.1129500000000014,ungateable,Schaefer2004-MAGMA-valid.xlsx sheet=kom,MAGMA-native printed grid cell; k=5 model-model; fO2 pinned to MAGMA O2(g) polyfit (SF04 notebook protocol)
model_model_MAGMA,kom,SF04-kom,1625.0,SiO2,-10.882524865847339,-10.8825,-2.486584733851771e-05,-10.933488237705314,-10.4492,-0.05096337185797495,0.4333000000000009,ungateable,Schaefer2004-MAGMA-valid.xlsx sheet=kom,MAGMA-native printed grid cell; k=5 model-model; fO2 pinned to MAGMA O2(g) polyfit (SF04 notebook protocol)
model_model_MAGMA,kom,SF04-kom,1625.0,Fe,-8.868610090099706,-8.86861,-9.009970547424473e-08,-8.870543361663541,-8.43483,-0.0019332715638356035,0.4337800000000005,ungateable,Schaefer2004-MAGMA-valid.xlsx sheet=kom,MAGMA-native printed grid cell; k=5 model-model; fO2 pinned to MAGMA O2(g) polyfit (SF04 notebook protocol)
model_model_MAGMA,kom,SF04-kom,1625.0,FeO,-9.088566715099624,-9.08857,3.2849003765988982e-06,-9.262874227038397,-8.827,-0.17430751193877292,0.26157000000000075,ungateable,Schaefer2004-MAGMA-valid.xlsx sheet=kom,MAGMA-native printed grid cell; k=5 model-model; fO2 pinned to MAGMA O2(g) polyfit (SF04 notebook protocol)
model_model_MAGMA,kom,SF04-kom,1625.0,Na,-5.941708764413045,-5.94171,1.2355869545288556e-06,-7.138332130338065,-5.90253,-1.1966233659250198,0.03917999999999999,ungateable,Schaefer2004-MAGMA-valid.xlsx sheet=kom,MAGMA-native printed grid cell; k=5 model-model; fO2 pinned to MAGMA O2(g) polyfit (SF04 notebook protocol)
model_model_MAGMA,kom,SF04-kom,1625.0,K,-7.137677167661224,-7.13768,2.8323387759598972e-06,-9.460326546794251,-6.90698,-2.3226493791330274,0.23069999999999968,ungateable,Schaefer2004-MAGMA-valid.xlsx sheet=kom,MAGMA-native printed grid cell; k=5 model-model; fO2 pinned to MAGMA O2(g) polyfit (SF04 notebook protocol)
model_model_MAGMA,kom,SF04-kom,1750.0,O2,-5.761652254847287,-5.76165,-2.2548472866645852e-06,-5.761491365284762,-5.76149,0.00016088956252513498,0.00016000000000016001,pass,Schaefer2004-MAGMA-valid.xlsx sheet=kom,MAGMA-native printed grid cell; k=5 model-model; fO2 pinned to MAGMA O2(g) polyfit (SF04 notebook protocol)
model_model_MAGMA,kom,SF04-kom,1750.0,Mg,-8.904099765505912,-8.9041,2.3449408814713024e-07,-9.146243901893223,-8.7701,-0.2421441363873118,0.13400000000000034,fail,Schaefer2004-MAGMA-valid.xlsx sheet=kom,MAGMA-native printed grid cell; k=5 model-model; fO2 pinned to MAGMA O2(g) polyfit (SF04 notebook protocol)
model_model_MAGMA,kom,SF04-kom,1750.0,SiO,-9.202201586893894,-9.2022,-1.5868938945118316e-06,-8.557214041358286,-8.07858,0.6449875455356082,1.123619999999999,fail,Schaefer2004-MAGMA-valid.xlsx sheet=kom,MAGMA-native printed grid cell; k=5 model-model; fO2 pinned to MAGMA O2(g) polyfit (SF04 notebook protocol)
model_model_MAGMA,kom,SF04-kom,1750.0,SiO2,-9.632370354697349,-9.63237,-3.5469734882553894e-07,-9.609796492316258,-9.13106,0.022573862381090493,0.5013100000000001,fail,Schaefer2004-MAGMA-valid.xlsx sheet=kom,MAGMA-native printed grid cell; k=5 model-model; fO2 pinned to MAGMA O2(g) polyfit (SF04 notebook protocol)
model_model_MAGMA,kom,SF04-kom,1750.0,Fe,-7.824683924181057,-7.82468,-3.924181057435305e-06,-7.745038659989886,-7.34657,0.07964526419117135,0.47811000000000003,fail,Schaefer2004-MAGMA-valid.xlsx sheet=kom,MAGMA-native printed grid cell; k=5 model-model; fO2 pinned to MAGMA O2(g) polyfit (SF04 notebook protocol)
model_model_MAGMA,kom,SF04-kom,1750.0,FeO,-8.092366979868444,-8.09237,3.020131556397132e-06,-8.147094785511115,-7.74849,-0.054727805642670546,0.3438800000000004,fail,Schaefer2004-MAGMA-valid.xlsx sheet=kom,MAGMA-native printed grid cell; k=5 model-model; fO2 pinned to MAGMA O2(g) polyfit (SF04 notebook protocol)
model_model_MAGMA,kom,SF04-kom,1750.0,Na,-5.176141531551538,-5.17614,-1.5315515380365241e-06,-6.375493411232017,-5.12815,-1.1993518796804787,0.04799000000000042,fail,Schaefer2004-MAGMA-valid.xlsx sheet=kom,MAGMA-native printed grid cell; k=5 model-model; fO2 pinned to MAGMA O2(g) polyfit (SF04 notebook protocol)
model_model_MAGMA,kom,SF04-kom,1750.0,K,-6.37370768488547,-6.37371,2.3151145303046405e-06,-8.679376434399945,-6.10178,-2.305668749514475,0.2719300000000002,fail,Schaefer2004-MAGMA-valid.xlsx sheet=kom,MAGMA-native printed grid cell; k=5 model-model; fO2 pinned to MAGMA O2(g) polyfit (SF04 notebook protocol)
model_model_MAGMA,kom,SF04-kom,1875.0,O2,-5.0979720204320556,-5.09797,-2.020432055438448e-06,-5.097961144160884,-5.09796,1.0876271171689211e-05,1.0000000000509601e-05,pass,Schaefer2004-MAGMA-valid.xlsx sheet=kom,MAGMA-native printed grid cell; k=5 model-model; fO2 pinned to MAGMA O2(g) polyfit (SF04 notebook protocol)
model_model_MAGMA,kom,SF04-kom,1875.0,Mg,-7.831353750430781,-7.83135,-3.750430781046532e-06,-7.953098101528021,-7.66833,-0.12174435109724069,0.1630199999999995,fail,Schaefer2004-MAGMA-valid.xlsx sheet=kom,MAGMA-native printed grid cell; k=5 model-model; fO2 pinned to MAGMA O2(g) polyfit (SF04 notebook protocol)
model_model_MAGMA,kom,SF04-kom,1875.0,SiO,-7.993192646586983,-7.99319,-2.646586982457677e-06,-7.351624235151652,-6.87877,0.6415684114353306,1.11442,fail,Schaefer2004-MAGMA-valid.xlsx sheet=kom,MAGMA-native printed grid cell; k=5 model-model; fO2 pinned to MAGMA O2(g) polyfit (SF04 notebook protocol)
model_model_MAGMA,kom,SF04-kom,1875.0,SiO2,-8.536698561623977,-8.5367,1.4383760227332232e-06,-8.466707433332301,-7.99378,0.06999112829167586,0.5429199999999996,fail,Schaefer2004-MAGMA-valid.xlsx sheet=kom,MAGMA-native printed grid cell; k=5 model-model; fO2 pinned to MAGMA O2(g) polyfit (SF04 notebook protocol)
model_model_MAGMA,kom,SF04-kom,1875.0,Fe,-6.924180503988185,-6.92418,-5.039881854074224e-07,-6.781954164278258,-6.41439,0.14222633970992682,0.5097899999999997,fail,Schaefer2004-MAGMA-valid.xlsx sheet=kom,MAGMA-native printed grid cell; k=5 model-model; fO2 pinned to MAGMA O2(g) polyfit (SF04 notebook protocol)
model_model_MAGMA,kom,SF04-kom,1875.0,FeO,-7.231566220584233,-7.23157,3.779415767013461e-06,-7.191848507216487,-6.82416,0.039717713367745766,0.4074099999999996,fail,Schaefer2004-MAGMA-valid.xlsx sheet=kom,MAGMA-native printed grid cell; k=5 model-model; fO2 pinned to MAGMA O2(g) polyfit (SF04 notebook protocol)
model_model_MAGMA,kom,SF04-kom,1875.0,Na,-4.507235700943982,-4.50724,4.299056018730596e-06,-5.715587683743704,-4.46258,-1.208351982799722,0.044660000000000366,pass,Schaefer2004-MAGMA-valid.xlsx sheet=kom,MAGMA-native printed grid cell; k=5 model-model; fO2 pinned to MAGMA O2(g) polyfit (SF04 notebook protocol)
model_model_MAGMA,kom,SF04-kom,1875.0,K,-5.72164361723225,-5.72164,-3.617232249730762e-06,-8.001317116422573,-5.41289,-2.2796734991903236,0.30874999999999986,fail,Schaefer2004-MAGMA-valid.xlsx sheet=kom,MAGMA-native printed grid cell; k=5 model-model; fO2 pinned to MAGMA O2(g) polyfit (SF04 notebook protocol)
model_model_MAGMA,kom,SF04-kom,1900.0,O2,-4.975523773587845,-4.97552,-3.7735878448685867e-06,-4.975555730643329,-4.97556,-3.195705548364458e-05,-3.999999999937387e-05,pass,Schaefer2004-MAGMA-valid.xlsx sheet=kom,MAGMA-native printed grid cell; k=5 model-model; fO2 pinned to MAGMA O2(g) polyfit (SF04 notebook protocol)
model_model_MAGMA,kom,SF04-kom,1900.0,Mg,-7.634544026787307,-7.63454,-4.026787306266044e-06,-7.7354973550291595,-7.46701,-0.10095332824185288,0.16753000000000018,fail,Schaefer2004-MAGMA-valid.xlsx sheet=kom,MAGMA-native printed grid cell; k=5 model-model; fO2 pinned to MAGMA O2(g) polyfit (SF04 notebook protocol)
model_model_MAGMA,kom,SF04-kom,1900.0,SiO,-7.769258411682349,-7.76926,1.5883176507358598e-06,-7.130168819950037,-6.65856,0.6390895917323123,1.1107000000000005,fail,Schaefer2004-MAGMA-valid.xlsx sheet=kom,MAGMA-native printed grid cell; k=5 model-model; fO2 pinned to MAGMA O2(g) polyfit (SF04 notebook protocol)
model_model_MAGMA,kom,SF04-kom,1900.0,SiO2,-8.33354623238481,-8.33355,3.7676151904975086e-06,-8.256532066466256,-7.78485,0.0770141659185537,0.5487000000000011,fail,Schaefer2004-MAGMA-valid.xlsx sheet=kom,MAGMA-native printed grid cell; k=5 model-model; fO2 pinned to MAGMA O2(g) polyfit (SF04 notebook protocol)
model_model_MAGMA,kom,SF04-kom,1900.0,Fe,-6.758727280919145,-6.75873,2.7190808546961875e-06,-6.605902465176561,-6.24382,0.15282481574258444,0.5149099999999995,fail,Schaefer2004-MAGMA-valid.xlsx sheet=kom,MAGMA-native printed grid cell; k=5 model-model; fO2 pinned to MAGMA O2(g) polyfit (SF04 notebook protocol)
model_model_MAGMA,kom,SF04-kom,1900.0,FeO,-7.073331080489896,-7.07333,-1.080489895777248e-06,-7.017255840508331,-6.65506,0.05607523998156516,0.4182700000000006,fail,Schaefer2004-MAGMA-valid.xlsx sheet=kom,MAGMA-native printed grid cell; k=5 model-model; fO2 pinned to MAGMA O2(g) polyfit (SF04 notebook protocol)
model_model_MAGMA,kom,SF04-kom,1900.0,Na,-4.383614715304841,-4.38361,-4.7153048408077325e-06,-5.5940789719780275,-4.34056,-1.2104642566731867,0.04305000000000003,pass,Schaefer2004-MAGMA-valid.xlsx sheet=kom,MAGMA-native printed grid cell; k=5 model-model; fO2 pinned to MAGMA O2(g) polyfit (SF04 notebook protocol)
model_model_MAGMA,kom,SF04-kom,1900.0,K,-5.602554152045852,-5.60255,-4.152045852023889e-06,-7.875326973966208,-5.28609,-2.2727728219203565,0.3164600000000002,fail,Schaefer2004-MAGMA-valid.xlsx sheet=kom,MAGMA-native printed grid cell; k=5 model-model; fO2 pinned to MAGMA O2(g) polyfit (SF04 notebook protocol)
model_model_MAGMA,kom,SF04-kom,2000.0,O2,-4.516370060116466,-4.51637,-6.01164655833486e-08,-4.516485571608648,-4.51649,-0.00011551149218202994,-0.00011999999999989797,pass,Schaefer2004-MAGMA-valid.xlsx sheet=kom,MAGMA-native printed grid cell; k=5 model-model; fO2 pinned to MAGMA O2(g) polyfit (SF04 notebook protocol)
model_model_MAGMA,kom,SF04-kom,2000.0,Mg,-6.898681247107692,-6.89868,-1.247107692670113e-06,-6.926091573405362,-6.71677,-0.027410326297669485,0.18190999999999935,pass,Schaefer2004-MAGMA-valid.xlsx sheet=kom,MAGMA-native printed grid cell; k=5 model-model; fO2 pinned to MAGMA O2(g) polyfit (SF04 notebook protocol)
model_model_MAGMA,kom,SF04-kom,2000.0,SiO,-6.925674428572002,-6.92567,-4.4285720015579955e-06,-6.301211685120611,-5.83493,0.6244627434513905,1.0907400000000003,fail,Schaefer2004-MAGMA-valid.xlsx sheet=kom,MAGMA-native printed grid cell; k=5 model-model; fO2 pinned to MAGMA O2(g) polyfit (SF04 notebook protocol)
model_model_MAGMA,kom,SF04-kom,2000.0,SiO2,-7.567908999686193,-7.56791,1.0003138077863127e-06,-7.469413324040649,-7.00308,0.09849567564554373,0.5648300000000006,fail,Schaefer2004-MAGMA-valid.xlsx sheet=kom,MAGMA-native printed grid cell; k=5 model-model; fO2 pinned to MAGMA O2(g) polyfit (SF04 notebook protocol)
model_model_MAGMA,kom,SF04-kom,2000.0,Fe,-6.139359949332482,-6.13936,5.066751818105786e-08,-5.949686336720332,-5.6074,0.18967361261214943,0.5319599999999998,fail,Schaefer2004-MAGMA-valid.xlsx sheet=kom,MAGMA-native printed grid cell; k=5 model-model; fO2 pinned to MAGMA O2(g) polyfit (SF04 notebook protocol)
model_model_MAGMA,kom,SF04-kom,2000.0,FeO,-6.481044751692637,-6.48104,-4.751692636695282e-06,-6.366811196490275,-6.02443,0.11423355520236189,0.4566100000000004,fail,Schaefer2004-MAGMA-valid.xlsx sheet=kom,MAGMA-native printed grid cell; k=5 model-model; fO2 pinned to MAGMA O2(g) polyfit (SF04 notebook protocol)
model_model_MAGMA,kom,SF04-kom,2000.0,Na,-3.919583496881083,-3.91958,-3.4968810833646558e-06,-5.138608366604218,-3.88464,-1.2190248697231345,0.03493999999999975,pass,Schaefer2004-MAGMA-valid.xlsx sheet=kom,MAGMA-native printed grid cell; k=5 model-model; fO2 pinned to MAGMA O2(g) polyfit (SF04 notebook protocol)
model_model_MAGMA,kom,SF04-kom,2000.0,K,-5.158839699854309,-5.15884,3.001456905238342e-07,-7.401173597637067,-4.8123,-2.242333897782758,0.34654000000000007,fail,Schaefer2004-MAGMA-valid.xlsx sheet=kom,MAGMA-native printed grid cell; k=5 model-model; fO2 pinned to MAGMA O2(g) polyfit (SF04 notebook protocol)
model_model_MAGMA,kom,SF04-kom,2125.0,O2,-4.004317869040316,-4.00432,2.1309596842655765e-06,-4.004299298901344,-4.0043,1.8570138971440997e-05,2.0000000000131024e-05,pass,Schaefer2004-MAGMA-valid.xlsx sheet=kom,MAGMA-native printed grid cell; k=5 model-model; fO2 pinned to MAGMA O2(g) polyfit (SF04 notebook protocol)
model_model_MAGMA,kom,SF04-kom,2125.0,Mg,-6.080125994798476,-6.08013,4.005201523327173e-06,-6.0346365696721325,-5.88732,0.0454894251263438,0.1928099999999997,pass,Schaefer2004-MAGMA-valid.xlsx sheet=kom,MAGMA-native printed grid cell; k=5 model-model; fO2 pinned to MAGMA O2(g) polyfit (SF04 notebook protocol)
model_model_MAGMA,kom,SF04-kom,2125.0,SiO,-5.974984307589774,-5.97498,-4.307589773766551e-06,-5.377027659539082,-4.9183,0.5979566480506922,1.05668,fail,Schaefer2004-MAGMA-valid.xlsx sheet=kom,MAGMA-native printed grid cell; k=5 model-model; fO2 pinned to MAGMA O2(g) polyfit (SF04 notebook protocol)
model_model_MAGMA,kom,SF04-kom,2125.0,SiO2,-6.704896247972215,-6.7049,3.752027785353107e-06,-6.591568547683423,-6.1328,0.11332770028879224,0.5721000000000007,fail,Schaefer2004-MAGMA-valid.xlsx sheet=kom,MAGMA-native printed grid cell; k=5 model-model; fO2 pinned to MAGMA O2(g) polyfit (SF04 notebook protocol)
model_model_MAGMA,kom,SF04-kom,2125.0,Fe,-5.44877623565247,-5.44878,3.7643475305770835e-06,-5.223905676958977,-4.90209,0.22487055869349248,0.5466899999999999,fail,Schaefer2004-MAGMA-valid.xlsx sheet=kom,MAGMA-native printed grid cell; k=5 model-model; fO2 pinned to MAGMA O2(g) polyfit (SF04 notebook protocol)
model_model_MAGMA,kom,SF04-kom,2125.0,FeO,-5.8212880243953755,-5.82129,1.975604624782079e-06,-5.6486260527091385,-5.32672,0.17266197168623698,0.4945700000000004,fail,Schaefer2004-MAGMA-valid.xlsx sheet=kom,MAGMA-native printed grid cell; k=5 model-model; fO2 pinned to MAGMA O2(g) polyfit (SF04 notebook protocol)
model_model_MAGMA,kom,SF04-kom,2125.0,Na,-3.401644333521766,-3.40164,-4.3335217658757585e-06,-4.6304301500868,-3.37816,-1.2287858165650345,0.023480000000000167,pass,Schaefer2004-MAGMA-valid.xlsx sheet=kom,MAGMA-native printed grid cell; k=5 model-model; fO2 pinned to MAGMA O2(g) polyfit (SF04 notebook protocol)
model_model_MAGMA,kom,SF04-kom,2125.0,K,-4.668367449144106,-4.66837,2.550855894511983e-06,-6.868253593851468,-4.286,-2.199886144707362,0.38237000000000076,fail,Schaefer2004-MAGMA-valid.xlsx sheet=kom,MAGMA-native printed grid cell; k=5 model-model; fO2 pinned to MAGMA O2(g) polyfit (SF04 notebook protocol)
model_model_MAGMA,kom,SF04-kom,2250.0,O2,-3.5510158823138234,-3.55102,4.1176861764746775e-06,-3.550890043903941,-3.55089,0.00012583840988256156,0.00012999999999996348,pass,Schaefer2004-MAGMA-valid.xlsx sheet=kom,MAGMA-native printed grid cell; k=5 model-model; fO2 pinned to MAGMA O2(g) polyfit (SF04 notebook protocol)
model_model_MAGMA,kom,SF04-kom,2250.0,Mg,-5.355897158328599,-5.3559,2.841671401299095e-06,-5.255063725794835,-5.15848,0.10083343253376409,0.19742000000000015,pass,Schaefer2004-MAGMA-valid.xlsx sheet=kom,MAGMA-native printed grid cell; k=5 model-model; fO2 pinned to MAGMA O2(g) polyfit (SF04 notebook protocol)
model_model_MAGMA,kom,SF04-kom,2250.0,SiO,-5.122396420524366,-5.1224,3.579475634118978e-06,-4.55707356184144,-4.10685,0.5653228586829258,1.0155500000000002,fail,Schaefer2004-MAGMA-valid.xlsx sheet=kom,MAGMA-native printed grid cell; k=5 model-model; fO2 pinned to MAGMA O2(g) polyfit (SF04 notebook protocol)
model_model_MAGMA,kom,SF04-kom,2250.0,SiO2,-5.9311709680481215,-5.93117,-9.680481216634007e-07,-5.812890675236993,-5.36264,0.11828029281112862,0.56853,fail,Schaefer2004-MAGMA-valid.xlsx sheet=kom,MAGMA-native printed grid cell; k=5 model-model; fO2 pinned to MAGMA O2(g) polyfit (SF04 notebook protocol)
model_model_MAGMA,kom,SF04-kom,2250.0,Fe,-4.8360140697893,-4.83601,-4.069789300231719e-06,-4.585724516237268,-4.2805,0.2502895535520322,0.55551,fail,Schaefer2004-MAGMA-valid.xlsx sheet=kom,MAGMA-native printed grid cell; k=5 model-model; fO2 pinned to MAGMA O2(g) polyfit (SF04 notebook protocol)
model_model_MAGMA,kom,SF04-kom,2250.0,FeO,-5.236855063978862,-5.23686,4.936021138490787e-06,-5.018862998124558,-4.71356,0.21799206585430397,0.5232999999999999,fail,Schaefer2004-MAGMA-valid.xlsx sheet=kom,MAGMA-native printed grid cell; k=5 model-model; fO2 pinned to MAGMA O2(g) polyfit (SF04 notebook protocol)
model_model_MAGMA,kom,SF04-kom,2250.0,Na,-2.9440623395928354,-2.94406,-2.339592835465254e-06,-4.180799746510347,-2.93076,-1.2367374069175119,0.01330000000000009,pass,Schaefer2004-MAGMA-valid.xlsx sheet=kom,MAGMA-native printed grid cell; k=5 model-model; fO2 pinned to MAGMA O2(g) polyfit (SF04 notebook protocol)
model_model_MAGMA,kom,SF04-kom,2250.0,K,-4.237486709641095,-4.23749,3.290358905339019e-06,-6.392618833601513,-3.82109,-2.155132123960418,0.4164000000000003,fail,Schaefer2004-MAGMA-valid.xlsx sheet=kom,MAGMA-native printed grid cell; k=5 model-model; fO2 pinned to MAGMA O2(g) polyfit (SF04 notebook protocol)
model_model_MAGMA,kom,SF04-kom,2500.0,O2,-2.779868366511851,-2.77987,1.633488148744533e-06,-2.779843820884686,-2.77984,2.454562716502906e-05,2.9999999999752447e-05,pass,Schaefer2004-MAGMA-valid.xlsx sheet=kom,MAGMA-native printed grid cell; k=5 model-model; fO2 pinned to MAGMA O2(g) polyfit (SF04 notebook protocol)
model_model_MAGMA,kom,SF04-kom,2500.0,Mg,-4.135060412932234,-4.13506,-4.12932234183927e-07,-3.964688018868636,-3.94306,0.17037239406359816,0.19200000000000017,pass,Schaefer2004-MAGMA-valid.xlsx sheet=kom,MAGMA-native printed grid cell; k=5 model-model; fO2 pinned to MAGMA O2(g) polyfit (SF04 notebook protocol)
model_model_MAGMA,kom,SF04-kom,2500.0,SiO,-3.658980578307172,-3.65898,-5.78307171927861e-07,-3.1690269810637117,-2.73809,0.4899535972434603,0.92089,fail,Schaefer2004-MAGMA-valid.xlsx sheet=kom,MAGMA-native printed grid cell; k=5 model-model; fO2 pinned to MAGMA O2(g) polyfit (SF04 notebook protocol)
model_model_MAGMA,kom,SF04-kom,2500.0,SiO2,-4.60155459301906,-4.60155,-4.593019060195047e-06,-4.492825869521155,-4.06188,0.10872872349790441,0.5396699999999992,fail,Schaefer2004-MAGMA-valid.xlsx sheet=kom,MAGMA-native printed grid cell; k=5 model-model; fO2 pinned to MAGMA O2(g) polyfit (SF04 notebook protocol)
model_model_MAGMA,kom,SF04-kom,2500.0,Fe,-3.7985987785811206,-3.7986,1.2214188793713276e-06,-3.5193443422569115,-3.2394,0.2792544363242091,0.5592000000000001,fail,Schaefer2004-MAGMA-valid.xlsx sheet=kom,MAGMA-native printed grid cell; k=5 model-model; fO2 pinned to MAGMA O2(g) polyfit (SF04 notebook protocol)
model_model_MAGMA,kom,SF04-kom,2500.0,FeO,-4.24733283523173,-4.24733,-2.835231730280441e-06,-3.968662264507899,-3.68867,0.2786705707238313,0.5586599999999997,fail,Schaefer2004-MAGMA-valid.xlsx sheet=kom,MAGMA-native printed grid cell; k=5 model-model; fO2 pinned to MAGMA O2(g) polyfit (SF04 notebook protocol)
model_model_MAGMA,kom,SF04-kom,2500.0,Na,-2.179820025810647,-2.17982,-2.5810646953061678e-08,-3.4291776775450518,-2.17838,-1.249357651734405,0.0014399999999996638,pass,Schaefer2004-MAGMA-valid.xlsx sheet=kom,MAGMA-native printed grid cell; k=5 model-model; fO2 pinned to MAGMA O2(g) polyfit (SF04 notebook protocol)
model_model_MAGMA,kom,SF04-kom,2500.0,K,-3.5183351212003267,-3.51834,4.878799673146972e-06,-5.585411232857745,-3.03919,-2.0670761116574186,0.47914999999999974,fail,Schaefer2004-MAGMA-valid.xlsx sheet=kom,MAGMA-native printed grid cell; k=5 model-model; fO2 pinned to MAGMA O2(g) polyfit (SF04 notebook protocol)
model_model_MAGMA,dun,SF04-dun,1500.0,O2,-6.633952472790341,-6.63395,-2.4727903413790386e-06,-6.633913096294272,-6.63391,3.937649606911009e-05,3.999999999937387e-05,ungateable,Schaefer2004-MAGMA-valid.xlsx sheet=dun,MAGMA-native printed grid cell; k=5 model-model; fO2 pinned to MAGMA O2(g) polyfit (SF04 notebook protocol)
model_model_MAGMA,dun,SF04-dun,1500.0,Mg,-11.604079458274306,-11.6041,2.0541725694656066e-05,-12.14836837111361,-11.4715,-0.5442889128393045,0.13260000000000005,ungateable,Schaefer2004-MAGMA-valid.xlsx sheet=dun,MAGMA-native printed grid cell; k=5 model-model; fO2 pinned to MAGMA O2(g) polyfit (SF04 notebook protocol)
model_model_MAGMA,dun,SF04-dun,1500.0,SiO,-13.134116772282493,-13.1341,-1.6772282492638624e-05,-12.601007878952482,-12.1887,0.5331088933300112,0.9453999999999994,ungateable,Schaefer2004-MAGMA-valid.xlsx sheet=dun,MAGMA-native printed grid cell; k=5 model-model; fO2 pinned to MAGMA O2(g) polyfit (SF04 notebook protocol)
model_model_MAGMA,dun,SF04-dun,1500.0,SiO2,-12.887492859790276,-12.8875,7.140209723033308e-06,-13.099096793026481,-12.6867,-0.21160393323620497,0.2007999999999992,ungateable,Schaefer2004-MAGMA-valid.xlsx sheet=dun,MAGMA-native printed grid cell; k=5 model-model; fO2 pinned to MAGMA O2(g) polyfit (SF04 notebook protocol)
model_model_MAGMA,dun,SF04-dun,1500.0,Fe,-10.326473724402492,-10.3265,2.6275597507563475e-05,-10.327482601517998,-10.018,-0.0010088771155061238,0.30849999999999866,ungateable,Schaefer2004-MAGMA-valid.xlsx sheet=dun,MAGMA-native printed grid cell; k=5 model-model; fO2 pinned to MAGMA O2(g) polyfit (SF04 notebook protocol)
model_model_MAGMA,dun,SF04-dun,1500.0,FeO,-10.10144972295682,-10.1014,-4.9722956820374975e-05,-10.320031962417943,-10.0104,-0.21858223946112254,0.0909999999999993,ungateable,Schaefer2004-MAGMA-valid.xlsx sheet=dun,MAGMA-native printed grid cell; k=5 model-model; fO2 pinned to MAGMA O2(g) polyfit (SF04 notebook protocol)
model_model_MAGMA,dun,SF04-dun,1500.0,Na,-6.134801652105925,-6.1348,-1.6521059249541281e-06,-7.210645496842969,-6.56714,-1.0758438447370438,-0.43233999999999995,ungateable,Schaefer2004-MAGMA-valid.xlsx sheet=dun,MAGMA-native printed grid cell; k=5 model-model; fO2 pinned to MAGMA O2(g) polyfit (SF04 notebook protocol)
model_model_MAGMA,dun,SF04-dun,1500.0,K,-6.699292805071401,-6.69929,-2.805071400935333e-06,-8.619934863187806,-6.42538,-1.920642058116405,0.27391000000000076,ungateable,Schaefer2004-MAGMA-valid.xlsx sheet=dun,MAGMA-native printed grid cell; k=5 model-model; fO2 pinned to MAGMA O2(g) polyfit (SF04 notebook protocol)
model_model_MAGMA,dun,SF04-dun,1625.0,O2,-5.814560127448722,-5.81456,-1.274487217983733e-07,-5.814732862613134,-5.81473,-0.00017273516441207448,-0.00016999999999978144,ungateable,Schaefer2004-MAGMA-valid.xlsx sheet=dun,MAGMA-native printed grid cell; k=5 model-model; fO2 pinned to MAGMA O2(g) polyfit (SF04 notebook protocol)
model_model_MAGMA,dun,SF04-dun,1625.0,Mg,-10.12121328525661,-10.1212,-1.3285256610373608e-05,-10.47073915835483,-9.91211,-0.34952587309821936,0.20908999999999978,ungateable,Schaefer2004-MAGMA-valid.xlsx sheet=dun,MAGMA-native printed grid cell; k=5 model-model; fO2 pinned to MAGMA O2(g) polyfit (SF04 notebook protocol)
model_model_MAGMA,dun,SF04-dun,1625.0,SiO,-11.46924069164498,-11.4692,-4.06916449797734e-05,-10.897840267294823,-10.5304,0.5714004243501574,0.9388000000000005,ungateable,Schaefer2004-MAGMA-valid.xlsx sheet=dun,MAGMA-native printed grid cell; k=5 model-model; fO2 pinned to MAGMA O2(g) polyfit (SF04 notebook protocol)
model_model_MAGMA,dun,SF04-dun,1625.0,SiO2,-11.412197472464024,-11.4122,2.527535976071249e-06,-11.520615669579641,-11.153,-0.10841819711561662,0.2591999999999999,ungateable,Schaefer2004-MAGMA-valid.xlsx sheet=dun,MAGMA-native printed grid cell; k=5 model-model; fO2 pinned to MAGMA O2(g) polyfit (SF04 notebook protocol)
model_model_MAGMA,dun,SF04-dun,1625.0,Fe,-9.090272265841667,-9.09027,-2.2658416671816894e-06,-8.998030740925145,-8.67262,0.09224152491652227,0.4176500000000001,ungateable,Schaefer2004-MAGMA-valid.xlsx sheet=dun,MAGMA-native printed grid cell; k=5 model-model; fO2 pinned to MAGMA O2(g) polyfit (SF04 notebook protocol)
model_model_MAGMA,dun,SF04-dun,1625.0,FeO,-8.955706069675415,-8.95571,3.930324584899836e-06,-9.035866131576189,-8.71029,-0.08016006190077363,0.2454199999999993,ungateable,Schaefer2004-MAGMA-valid.xlsx sheet=dun,MAGMA-native printed grid cell; k=5 model-model; fO2 pinned to MAGMA O2(g) polyfit (SF04 notebook protocol)
model_model_MAGMA,dun,SF04-dun,1625.0,Na,-5.303293695188858,-5.30329,-3.6951888580105674e-06,-6.346867735073586,-5.64653,-1.043574039884728,-0.34324000000000066,ungateable,Schaefer2004-MAGMA-valid.xlsx sheet=dun,MAGMA-native printed grid cell; k=5 model-model; fO2 pinned to MAGMA O2(g) polyfit (SF04 notebook protocol)
model_model_MAGMA,dun,SF04-dun,1625.0,K,-5.919575918380059,-5.91958,4.0816199406989995e-06,-7.720501210360198,-5.48752,-1.800925291980139,0.4320599999999999,ungateable,Schaefer2004-MAGMA-valid.xlsx sheet=dun,MAGMA-native printed grid cell; k=5 model-model; fO2 pinned to MAGMA O2(g) polyfit (SF04 notebook protocol)
model_model_MAGMA,dun,SF04-dun,1750.0,O2,-5.114215436152806,-5.11422,4.563847194383186e-06,-5.113973936293185,-5.11397,0.00024149985962118592,0.00025000000000030553,pass,Schaefer2004-MAGMA-valid.xlsx sheet=dun,MAGMA-native printed grid cell; k=5 model-model; fO2 pinned to MAGMA O2(g) polyfit (SF04 notebook protocol)
model_model_MAGMA,dun,SF04-dun,1750.0,Mg,-8.85778359778883,-8.85778,-3.5977888295235516e-06,-9.053010350276644,-8.59075,-0.19522675248781418,0.2670300000000001,fail,Schaefer2004-MAGMA-valid.xlsx sheet=dun,MAGMA-native printed grid cell; k=5 model-model; fO2 pinned to MAGMA O2(g) polyfit (SF04 notebook protocol)
model_model_MAGMA,dun,SF04-dun,1750.0,SiO,-10.020595093635453,-10.0206,4.906364546641839e-06,-9.440351620092635,-9.11565,0.5802434735428186,0.9049499999999995,fail,Schaefer2004-MAGMA-valid.xlsx sheet=dun,MAGMA-native printed grid cell; k=5 model-model; fO2 pinned to MAGMA O2(g) polyfit (SF04 notebook protocol)
model_model_MAGMA,dun,SF04-dun,1750.0,SiO2,-10.127045417865634,-10.127,-4.541786563372341e-05,-10.169175356554819,-9.84437,-0.04212993868918424,0.28263000000000105,fail,Schaefer2004-MAGMA-valid.xlsx sheet=dun,MAGMA-native printed grid cell; k=5 model-model; fO2 pinned to MAGMA O2(g) polyfit (SF04 notebook protocol)
model_model_MAGMA,dun,SF04-dun,1750.0,Fe,-8.033615318121013,-8.03362,4.681878987611299e-06,-7.872539127177604,-7.52979,0.16107619094340908,0.5038300000000007,fail,Schaefer2004-MAGMA-valid.xlsx sheet=dun,MAGMA-native printed grid cell; k=5 model-model; fO2 pinned to MAGMA O2(g) polyfit (SF04 notebook protocol)
model_model_MAGMA,dun,SF04-dun,1750.0,FeO,-7.9775798776009585,-7.97758,1.2239904112476552e-07,-7.9508365382030455,-7.60795,0.02674333939791307,0.3696299999999999,fail,Schaefer2004-MAGMA-valid.xlsx sheet=dun,MAGMA-native printed grid cell; k=5 model-model; fO2 pinned to MAGMA O2(g) polyfit (SF04 notebook protocol)
model_model_MAGMA,dun,SF04-dun,1750.0,Na,-4.590279851467261,-4.59028,1.4853273899717578e-07,-5.6170995255063385,-4.86268,-1.0268196740390776,-0.2724000000000002,fail,Schaefer2004-MAGMA-valid.xlsx sheet=dun,MAGMA-native printed grid cell; k=5 model-model; fO2 pinned to MAGMA O2(g) polyfit (SF04 notebook protocol)
model_model_MAGMA,dun,SF04-dun,1750.0,K,-5.262646554936058,-5.26265,3.4450639416760964e-06,-6.944178497091309,-4.68917,-1.6815319421552513,0.57348,fail,Schaefer2004-MAGMA-valid.xlsx sheet=dun,MAGMA-native printed grid cell; k=5 model-model; fO2 pinned to MAGMA O2(g) polyfit (SF04 notebook protocol)
model_model_MAGMA,dun,SF04-dun,1875.0,O2,-4.508249016608293,-4.50825,9.8339170762074e-07,-4.508243030320372,-4.50824,5.986287920478617e-06,1.0000000000509601e-05,pass,Schaefer2004-MAGMA-valid.xlsx sheet=dun,MAGMA-native printed grid cell; k=5 model-model; fO2 pinned to MAGMA O2(g) polyfit (SF04 notebook protocol)
model_model_MAGMA,dun,SF04-dun,1875.0,Mg,-7.769661965603282,-7.76966,-1.9656032819170832e-06,-7.8433514408912455,-7.45858,-0.07368947528796355,0.3110799999999996,fail,Schaefer2004-MAGMA-valid.xlsx sheet=dun,MAGMA-native printed grid cell; k=5 model-model; fO2 pinned to MAGMA O2(g) polyfit (SF04 notebook protocol)
model_model_MAGMA,dun,SF04-dun,1875.0,SiO,-8.748985567633836,-8.74899,4.432366162987478e-06,-8.178031007601414,-7.89519,0.5709545600324226,0.8537999999999988,fail,Schaefer2004-MAGMA-valid.xlsx sheet=dun,MAGMA-native printed grid cell; k=5 model-model; fO2 pinned to MAGMA O2(g) polyfit (SF04 notebook protocol)
model_model_MAGMA,dun,SF04-dun,1875.0,SiO2,-8.997630018965607,-8.99763,-1.896560775094258e-08,-8.998255148861807,-8.71533,-0.0006251298961998941,0.28229999999999933,fail,Schaefer2004-MAGMA-valid.xlsx sheet=dun,MAGMA-native printed grid cell; k=5 model-model; fO2 pinned to MAGMA O2(g) polyfit (SF04 notebook protocol)
model_model_MAGMA,dun,SF04-dun,1875.0,Fe,-7.11974266073397,-7.11974,-2.6607339700390753e-06,-6.908616971025849,-6.54806,0.21112568970812085,0.5716799999999997,fail,Schaefer2004-MAGMA-valid.xlsx sheet=dun,MAGMA-native printed grid cell; k=5 model-model; fO2 pinned to MAGMA O2(g) polyfit (SF04 notebook protocol)
model_model_MAGMA,dun,SF04-dun,1875.0,FeO,-7.132266948910839,-7.13227,3.0510891608770407e-06,-7.023652257043822,-6.66298,0.10861469186701722,0.46929,fail,Schaefer2004-MAGMA-valid.xlsx sheet=dun,MAGMA-native printed grid cell; k=5 model-model; fO2 pinned to MAGMA O2(g) polyfit (SF04 notebook protocol)
model_model_MAGMA,dun,SF04-dun,1875.0,Na,-3.9725933056229037,-3.97259,-3.305622903848615e-06,-4.990950159367726,-4.18778,-1.0183568537448222,-0.21519000000000021,fail,Schaefer2004-MAGMA-valid.xlsx sheet=dun,MAGMA-native printed grid cell; k=5 model-model; fO2 pinned to MAGMA O2(g) polyfit (SF04 notebook protocol)
model_model_MAGMA,dun,SF04-dun,1875.0,K,-4.696056778099673,-4.69606,3.221900326977334e-06,-6.2668382603210375,-4.00509,-1.5707814822213644,0.6909700000000001,fail,Schaefer2004-MAGMA-valid.xlsx sheet=dun,MAGMA-native printed grid cell; k=5 model-model; fO2 pinned to MAGMA O2(g) polyfit (SF04 notebook protocol)
model_model_MAGMA,dun,SF04-dun,1900.0,O2,-4.396829418877717,-4.39683,5.811222827389884e-07,-4.396882661985337,-4.39688,-5.3243107620559726e-05,-5.000000000077165e-05,pass,Schaefer2004-MAGMA-valid.xlsx sheet=dun,MAGMA-native printed grid cell; k=5 model-model; fO2 pinned to MAGMA O2(g) polyfit (SF04 notebook protocol)
model_model_MAGMA,dun,SF04-dun,1900.0,Mg,-7.569910909154824,-7.56991,-9.0915482342524e-07,-7.622733813772086,-7.25146,-0.0528229046172628,0.31845000000000034,fail,Schaefer2004-MAGMA-valid.xlsx sheet=dun,MAGMA-native printed grid cell; k=5 model-model; fO2 pinned to MAGMA O2(g) polyfit (SF04 notebook protocol)
model_model_MAGMA,dun,SF04-dun,1900.0,SiO,-8.51308080755995,-8.51308,-8.075599495782626e-07,-7.945538165453317,-7.67097,0.5675426421066332,0.8421100000000008,fail,Schaefer2004-MAGMA-valid.xlsx sheet=dun,MAGMA-native printed grid cell; k=5 model-model; fO2 pinned to MAGMA O2(g) polyfit (SF04 notebook protocol)
model_model_MAGMA,dun,SF04-dun,1900.0,SiO2,-8.788021600066989,-8.78802,-1.600066989126958e-06,-8.78256487764054,-8.50792,0.005456722426448124,0.2800999999999991,fail,Schaefer2004-MAGMA-valid.xlsx sheet=dun,MAGMA-native printed grid cell; k=5 model-model; fO2 pinned to MAGMA O2(g) polyfit (SF04 notebook protocol)
model_model_MAGMA,dun,SF04-dun,1900.0,Fe,-6.951508088438628,-6.95151,1.911561371414905e-06,-6.732276228230151,-6.36816,0.2192318602084775,0.5833500000000003,fail,Schaefer2004-MAGMA-valid.xlsx sheet=dun,MAGMA-native printed grid cell; k=5 model-model; fO2 pinned to MAGMA O2(g) polyfit (SF04 notebook protocol)
model_model_MAGMA,dun,SF04-dun,1900.0,FeO,-6.976764830159016,-6.97676,-4.830159016755431e-06,-6.854293069232925,-6.49007,0.12247176092609102,0.4866899999999994,fail,Schaefer2004-MAGMA-valid.xlsx sheet=dun,MAGMA-native printed grid cell; k=5 model-model; fO2 pinned to MAGMA O2(g) polyfit (SF04 notebook protocol)
model_model_MAGMA,dun,SF04-dun,1900.0,Na,-3.8589608838517644,-3.85896,-8.83851764221788e-07,-4.876129906085788,-4.06394,-1.017169022234024,-0.2049799999999995,fail,Schaefer2004-MAGMA-valid.xlsx sheet=dun,MAGMA-native printed grid cell; k=5 model-model; fO2 pinned to MAGMA O2(g) polyfit (SF04 notebook protocol)
model_model_MAGMA,dun,SF04-dun,1900.0,K,-4.59169659161289,-4.5917,3.4083871103263164e-06,-6.140640664852933,-3.87908,-1.548944073240043,0.7126200000000003,fail,Schaefer2004-MAGMA-valid.xlsx sheet=dun,MAGMA-native printed grid cell; k=5 model-model; fO2 pinned to MAGMA O2(g) polyfit (SF04 notebook protocol)
model_model_MAGMA,dun,SF04-dun,2000.0,O2,-3.9800056190635056,-3.98001,4.380936494463583e-06,-3.9801647299826115,-3.98016,-0.00015911091910592035,-0.0001500000000000945,pass,Schaefer2004-MAGMA-valid.xlsx sheet=dun,MAGMA-native printed grid cell; k=5 model-model; fO2 pinned to MAGMA O2(g) polyfit (SF04 notebook protocol)
model_model_MAGMA,dun,SF04-dun,2000.0,Mg,-6.822640139457674,-6.82264,-1.394576738533715e-07,-6.802181932727887,-6.47901,0.02045820672978671,0.3436300000000001,fail,Schaefer2004-MAGMA-valid.xlsx sheet=dun,MAGMA-native printed grid cell; k=5 model-model; fO2 pinned to MAGMA O2(g) polyfit (SF04 notebook protocol)
model_model_MAGMA,dun,SF04-dun,2000.0,SiO,-7.623749616466493,-7.62375,3.835335071755708e-07,-7.073710403523021,-6.83186,0.5500392129434717,0.7918900000000004,fail,Schaefer2004-MAGMA-valid.xlsx sheet=dun,MAGMA-native printed grid cell; k=5 model-model; fO2 pinned to MAGMA O2(g) polyfit (SF04 notebook protocol)
model_model_MAGMA,dun,SF04-dun,2000.0,SiO2,-7.997802393620792,-7.9978,-2.3936207922403696e-06,-7.973751621630041,-7.73184,0.02405077199075123,0.26595999999999975,fail,Schaefer2004-MAGMA-valid.xlsx sheet=dun,MAGMA-native printed grid cell; k=5 model-model; fO2 pinned to MAGMA O2(g) polyfit (SF04 notebook protocol)
model_model_MAGMA,dun,SF04-dun,2000.0,Fe,-6.320652337164414,-6.32065,-2.337164414001336e-06,-6.0744451146542255,-5.6963,0.24620722251018812,0.6243499999999997,fail,Schaefer2004-MAGMA-valid.xlsx sheet=dun,MAGMA-native printed grid cell; k=5 model-model; fO2 pinned to MAGMA O2(g) polyfit (SF04 notebook protocol)
model_model_MAGMA,dun,SF04-dun,2000.0,FeO,-6.3941550617302205,-6.39416,4.938269779763971e-06,-6.223409553611151,-5.84517,0.17074550811906963,0.5489899999999999,fail,Schaefer2004-MAGMA-valid.xlsx sheet=dun,MAGMA-native printed grid cell; k=5 model-model; fO2 pinned to MAGMA O2(g) polyfit (SF04 notebook protocol)
model_model_MAGMA,dun,SF04-dun,2000.0,Na,-3.4336618706628093,-3.43366,-1.8706628091003097e-06,-4.446902268486292,-3.60096,-1.0132403978234832,-0.1673,pass,Schaefer2004-MAGMA-valid.xlsx sheet=dun,MAGMA-native printed grid cell; k=5 model-model; fO2 pinned to MAGMA O2(g) polyfit (SF04 notebook protocol)
model_model_MAGMA,dun,SF04-dun,2000.0,K,-4.200106594141402,-4.20011,3.4058585978158362e-06,-5.665048685014675,-3.40801,-1.464942090873273,0.7920999999999996,fail,Schaefer2004-MAGMA-valid.xlsx sheet=dun,MAGMA-native printed grid cell; k=5 model-model; fO2 pinned to MAGMA O2(g) polyfit (SF04 notebook protocol)
model_model_MAGMA,dun,SF04-dun,2125.0,O2,-3.516877054386902,-3.51688,2.945613097882216e-06,-3.516836618487588,-3.51684,4.043589931423952e-05,3.999999999981796e-05,pass,Schaefer2004-MAGMA-valid.xlsx sheet=dun,MAGMA-native printed grid cell; k=5 model-model; fO2 pinned to MAGMA O2(g) polyfit (SF04 notebook protocol)
model_model_MAGMA,dun,SF04-dun,2125.0,Mg,-5.99052615774096,-5.99053,3.842259039821272e-06,-5.898690787839405,-5.62397,0.09183536990155527,0.3665599999999998,fail,Schaefer2004-MAGMA-valid.xlsx sheet=dun,MAGMA-native printed grid cell; k=5 model-model; fO2 pinned to MAGMA O2(g) polyfit (SF04 notebook protocol)
model_model_MAGMA,dun,SF04-dun,2125.0,SiO,-6.620851001531259,-6.62085,-1.0015312588151914e-06,-6.099142653291109,-5.89716,0.5217083482401499,0.7236899999999995,fail,Schaefer2004-MAGMA-valid.xlsx sheet=dun,MAGMA-native printed grid cell; k=5 model-model; fO2 pinned to MAGMA O2(g) polyfit (SF04 notebook protocol)
model_model_MAGMA,dun,SF04-dun,2125.0,SiO2,-7.107042287917271,-7.10704,-2.287917271637241e-06,-7.069952201228571,-6.86792,0.03709008668869984,0.23911999999999978,pass,Schaefer2004-MAGMA-valid.xlsx sheet=dun,MAGMA-native printed grid cell; k=5 model-model; fO2 pinned to MAGMA O2(g) polyfit (SF04 notebook protocol)
model_model_MAGMA,dun,SF04-dun,2125.0,Fe,-5.615100252727349,-5.6151,-2.527273492702875e-07,-5.345544718616445,-4.95061,0.2695555341109044,0.6644899999999998,fail,Schaefer2004-MAGMA-valid.xlsx sheet=dun,MAGMA-native printed grid cell; k=5 model-model; fO2 pinned to MAGMA O2(g) polyfit (SF04 notebook protocol)
model_model_MAGMA,dun,SF04-dun,2125.0,FeO,-5.743891559221257,-5.74389,-1.5592212569970343e-06,-5.526533754159728,-5.13151,0.21735780506152924,0.6123800000000008,fail,Schaefer2004-MAGMA-valid.xlsx sheet=dun,MAGMA-native printed grid cell; k=5 model-model; fO2 pinned to MAGMA O2(g) polyfit (SF04 notebook protocol)
model_model_MAGMA,dun,SF04-dun,2125.0,Na,-2.960558118593666,-2.96056,1.8814063342809106e-06,-3.9699311629983716,-3.08622,-1.0093730444047058,-0.12565999999999988,pass,Schaefer2004-MAGMA-valid.xlsx sheet=dun,MAGMA-native printed grid cell; k=5 model-model; fO2 pinned to MAGMA O2(g) polyfit (SF04 notebook protocol)
model_model_MAGMA,dun,SF04-dun,2125.0,K,-3.761998081678802,-3.762,1.9183211978912595e-06,-5.1301415042049,-2.88435,-1.368143422526098,0.87765,fail,Schaefer2004-MAGMA-valid.xlsx sheet=dun,MAGMA-native printed grid cell; k=5 model-model; fO2 pinned to MAGMA O2(g) polyfit (SF04 notebook protocol)
model_model_MAGMA,dun,SF04-dun,2250.0,O2,-3.1084458733212625,-3.10845,4.126678737392808e-06,-3.1082844025807432,-3.10828,0.00016147074051930943,0.00016999999999978144,pass,Schaefer2004-MAGMA-valid.xlsx sheet=dun,MAGMA-native printed grid cell; k=5 model-model; fO2 pinned to MAGMA O2(g) polyfit (SF04 notebook protocol)
model_model_MAGMA,dun,SF04-dun,2250.0,Mg,-5.253341674261387,-5.25334,-1.6742613873077516e-06,-5.108722648808264,-4.87168,0.14461902545312277,0.3816600000000001,fail,Schaefer2004-MAGMA-valid.xlsx sheet=dun,MAGMA-native printed grid cell; k=5 model-model; fO2 pinned to MAGMA O2(g) polyfit (SF04 notebook protocol)
model_model_MAGMA,dun,SF04-dun,2250.0,SiO,-5.721405288458939,-5.72141,4.7115410604092745e-06,-5.232457302881839,-5.06894,0.4889479855771004,0.6524700000000001,fail,Schaefer2004-MAGMA-valid.xlsx sheet=dun,MAGMA-native printed grid cell; k=5 model-model; fO2 pinned to MAGMA O2(g) polyfit (SF04 notebook protocol)
model_model_MAGMA,dun,SF04-dun,2250.0,SiO2,-6.308894715205841,-6.30889,-4.715205840888359e-06,-6.266971595615793,-6.10342,0.0419231195900478,0.20547000000000004,pass,Schaefer2004-MAGMA-valid.xlsx sheet=dun,MAGMA-native printed grid cell; k=5 model-model; fO2 pinned to MAGMA O2(g) polyfit (SF04 notebook protocol)
model_model_MAGMA,dun,SF04-dun,2250.0,Fe,-4.986998786304916,-4.987,1.2136950839902738e-06,-4.702928339463726,-4.29242,0.28407044684119054,0.6945800000000002,fail,Schaefer2004-MAGMA-valid.xlsx sheet=dun,MAGMA-native printed grid cell; k=5 model-model; fO2 pinned to MAGMA O2(g) polyfit (SF04 notebook protocol)
model_model_MAGMA,dun,SF04-dun,2250.0,FeO,-5.166554915087928,-5.16655,-4.915087927770401e-06,-4.9147640006894155,-4.50418,0.2517909143985122,0.6623700000000001,fail,Schaefer2004-MAGMA-valid.xlsx sheet=dun,MAGMA-native printed grid cell; k=5 model-model; fO2 pinned to MAGMA O2(g) polyfit (SF04 notebook protocol)
model_model_MAGMA,dun,SF04-dun,2250.0,Na,-2.5426851746621737,-2.54269,4.82533782619754e-06,-3.5491762869807997,-2.63111,-1.006491112318626,-0.08842000000000017,pass,Schaefer2004-MAGMA-valid.xlsx sheet=dun,MAGMA-native printed grid cell; k=5 model-model; fO2 pinned to MAGMA O2(g) polyfit (SF04 notebook protocol)
model_model_MAGMA,dun,SF04-dun,2250.0,K,-3.3724165385515614,-3.37242,3.461448438546455e-06,-4.653496951753545,-2.42145,-1.2810804132019835,0.9509699999999999,fail,Schaefer2004-MAGMA-valid.xlsx sheet=dun,MAGMA-native printed grid cell; k=5 model-model; fO2 pinned to MAGMA O2(g) polyfit (SF04 notebook protocol)
model_model_MAGMA,dun,SF04-dun,2500.0,O2,-2.42101521081958,-2.42102,4.789180419795258e-06,-2.4209818559090337,-2.42098,3.3354910546457006e-05,3.999999999981796e-05,pass,Schaefer2004-MAGMA-valid.xlsx sheet=dun,MAGMA-native printed grid cell; k=5 model-model; fO2 pinned to MAGMA O2(g) polyfit (SF04 notebook protocol)
model_model_MAGMA,dun,SF04-dun,2500.0,Mg,-4.005910966836256,-4.00591,-9.66836255500425e-07,-3.798876207392419,-3.61264,0.20703475944383642,0.39327000000000023,pass,Schaefer2004-MAGMA-valid.xlsx sheet=dun,MAGMA-native printed grid cell; k=5 model-model; fO2 pinned to MAGMA O2(g) polyfit (SF04 notebook protocol)
model_model_MAGMA,dun,SF04-dun,2500.0,SiO,-4.176201996550705,-4.1762,-1.996550705207767e-06,-3.7595161649862248,-3.66792,0.41668583156448014,0.5082799999999996,fail,Schaefer2004-MAGMA-valid.xlsx sheet=dun,MAGMA-native printed grid cell; k=5 model-model; fO2 pinned to MAGMA O2(g) polyfit (SF04 notebook protocol)
model_model_MAGMA,dun,SF04-dun,2500.0,SiO2,-4.939349368134059,-4.93935,6.318659409032534e-07,-4.903884070955842,-4.81228,0.03546529717821745,0.1270699999999998,pass,Schaefer2004-MAGMA-valid.xlsx sheet=dun,MAGMA-native printed grid cell; k=5 model-model; fO2 pinned to MAGMA O2(g) polyfit (SF04 notebook protocol)
model_model_MAGMA,dun,SF04-dun,2500.0,Fe,-3.9169483918807075,-3.91695,1.6081192923955712e-06,-3.6223813734648624,-3.18536,0.2945670184158451,0.7315899999999997,fail,Schaefer2004-MAGMA-valid.xlsx sheet=dun,MAGMA-native printed grid cell; k=5 model-model; fO2 pinned to MAGMA O2(g) polyfit (SF04 notebook protocol)
model_model_MAGMA,dun,SF04-dun,2500.0,FeO,-4.186255731393489,-4.18626,4.2686065109265314e-06,-3.8922683132280236,-3.45519,0.29398741816546536,0.7310699999999999,fail,Schaefer2004-MAGMA-valid.xlsx sheet=dun,MAGMA-native printed grid cell; k=5 model-model; fO2 pinned to MAGMA O2(g) polyfit (SF04 notebook protocol)
model_model_MAGMA,dun,SF04-dun,2500.0,Na,-1.8395206641768405,-1.83952,-6.641768404147541e-07,-2.8460738388304216,-1.86376,-1.0065531746535812,-0.02424000000000004,pass,Schaefer2004-MAGMA-valid.xlsx sheet=dun,MAGMA-native printed grid cell; k=5 model-model; fO2 pinned to MAGMA O2(g) polyfit (SF04 notebook protocol)
model_model_MAGMA,dun,SF04-dun,2500.0,K,-2.7111661452615485,-2.71117,3.85473845154749e-06,-3.8476903575616563,-1.64108,-1.1365242123001078,1.07009,fail,Schaefer2004-MAGMA-valid.xlsx sheet=dun,MAGMA-native printed grid cell; k=5 model-model; fO2 pinned to MAGMA O2(g) polyfit (SF04 notebook protocol)
experimental_KEMS,,Hastie1981-case4-K-silicate,1917.186331,K,,-4.54975,,,-4.58881,,-0.0390613,pass,Hastie et al. 1981 experimental (Hastie1981-valid.xlsx),k=2 experimental; source domain ≤~1961 K; dIW=2.4; edge of raise-1 band only
experimental_KEMS,,Hastie1981-case4-K-silicate,1917.28198,K,,-4.49349,,,-4.58838,,-0.0948811,fail,Hastie et al. 1981 experimental (Hastie1981-valid.xlsx),k=2 experimental; source domain ≤~1961 K; dIW=2.4; edge of raise-1 band only
experimental_KEMS,,Hastie1981-case4-K-silicate,1955.824724,K,,-4.3439,,,-4.41626,,-0.0723583,fail,Hastie et al. 1981 experimental (Hastie1981-valid.xlsx),k=2 experimental; source domain ≤~1961 K; dIW=2.4; edge of raise-1 band only
experimental_KEMS,,Hastie1981-case4-K-silicate,1907.7956677864036,SiO,,-6.08235,,,-6.24381,,-0.161465,fail,Hastie et al. 1981 experimental (Hastie1981-valid.xlsx),k=2 experimental; source domain ≤~1961 K; dIW=2.4; edge of raise-1 band only
experimental_KEMS,,Hastie1981-case4-K-silicate,1909.7391894913835,SiO,,-5.93279,,,-6.22943,,-0.296637,fail,Hastie et al. 1981 experimental (Hastie1981-valid.xlsx),k=2 experimental; source domain ≤~1961 K; dIW=2.4; edge of raise-1 band only
experimental_KEMS,,Hastie1981-case4-K-silicate,1948.1490556233848,SiO,,-5.68464,,,-5.9512,,-0.266553,fail,Hastie et al. 1981 experimental (Hastie1981-valid.xlsx),k=2 experimental; source domain ≤~1961 K; dIW=2.4; edge of raise-1 band only
experimental_KEMS,,Hastie1981-case4-K-silicate,1960.7059493794673,O2,,-4.60038,,,-4.93127,,-0.33089,fail,Hastie et al. 1981 experimental (Hastie1981-valid.xlsx),k=2 experimental; source domain ≤~1961 K; dIW=2.4; edge of raise-1 band only
experimental_KEMS,,deMaria1971-Apollo12,1522.0,Na,,-6.46008,,,,,,ungateable,deMaria et al. 1971 KEMS,Source domain T≤1522 K — BELOW raise-1 band; no extrapolation as anchor
experimental_KEMS,,KEMS_highT_subset_t544,2500.0,(multi),,,,,,,,ungateable,21-paper KEMS/Langmuir corpus high-T subset,ACQUISITION: HT-PLAN H3 — KEMS high-T is acquisition task not ready battery
