sheet,T_K,species,class,log10P_workbook,log10P_shadow,envelope_status,gas_channel_in_domain,refusal_code
tho,1500,O2,UNGATEABLE,-7.3156134022296762,-7.3155972985820839,inside,,
tho,1500,Mg,EXTRAPOLATED-INFORMATIONAL,-12.442387665840535,-13.005820807518814,inside,False,
tho,1500,SiO,EXTRAPOLATED-INFORMATIONAL,-11.880816719212318,-11.367033882465208,inside,False,
tho,1500,SiO2,EXTRAPOLATED-INFORMATIONAL,-11.975023257969793,-12.205964897683112,inside,False,
tho,1500,Fe,EXTRAPOLATED-INFORMATIONAL,-10.179464308400309,-10.317883403703766,inside,False,
tho,1500,FeO,EXTRAPOLATED-INFORMATIONAL,-10.295270866690846,-10.651274865747617,inside,False,
tho,1500,Na,K-NA-INFORMATIONAL,-6.7313466883036792,-8.1011465964711835,inside,True,
tho,1500,K,K-NA-INFORMATIONAL,-8.0261317974928907,-10.266554881295212,inside,True,
tho,1625,O2,UNGATEABLE,-6.4216431158976013,-6.4217132575869584,inside,,
tho,1625,Mg,EXTRAPOLATED-INFORMATIONAL,-11.017648158528466,-11.381006659267726,inside,False,
tho,1625,SiO,EXTRAPOLATED-INFORMATIONAL,-10.280200027423611,-9.7166398736843629,inside,False,
tho,1625,SiO2,EXTRAPOLATED-INFORMATIONAL,-10.52669831977486,-10.642905473456095,inside,False,
tho,1625,Fe,EXTRAPOLATED-INFORMATIONAL,-8.938136794198833,-8.9750967347267814,inside,False,
tho,1625,FeO,EXTRAPOLATED-INFORMATIONAL,-9.1071119204971502,-9.3164223228647369,inside,False,
tho,1625,Na,K-NA-INFORMATIONAL,-5.8369272229751576,-7.1961319456870338,inside,True,
tho,1625,K,K-NA-INFORMATIONAL,-7.091737332466491,-9.3529594511992968,inside,True,
tho,1750,O2,UNGATEABLE,-5.6518196006029475,-5.6517231195442577,inside,,
tho,1750,Mg,FAIL,-9.8027051034996102,-10.01119670243442,inside,False,
tho,1750,SiO,FAIL,-8.8975577182879793,-8.3114781433202527,inside,False,
tho,1750,SiO2,FAIL,-9.272810061730306,-9.309176471407973,inside,False,
tho,1750,Fe,FAIL,-7.878213055879205,-7.8362214350532211,inside,False,
tho,1750,FeO,FAIL,-8.0909796812940833,-8.1833934377041988,inside,False,
tho,1750,Na,K-NA-INFORMATIONAL,-5.0651972452595393,-6.4205470789702863,inside,True,
tho,1750,K,K-NA-INFORMATIONAL,-6.2952038429878101,-8.5687288329541946,inside,True,
tho,1875,O2,UNGATEABLE,-4.9828063354122873,-4.9828017005662559,inside,,
tho,1875,Mg,FAIL,-8.7555106093354098,-8.8449588318890839,inside,False,
tho,1875,SiO,FAIL,-7.6903866511664587,-7.100544306727401,inside,False,
tho,1875,SiO2,PASS,-8.176309590333533,-8.1580477831107352,inside,False,
tho,1875,Fe,FAIL,-6.9633144265198501,-6.8596089684540269,inside,False,
tho,1875,FeO,PASS,-7.213117386805906,-7.2119235895949414,inside,False,
tho,1875,Na,K-NA-INFORMATIONAL,-4.3929623144115766,-5.7482253886989216,inside,True,
tho,1875,K,K-NA-INFORMATIONAL,-5.6103920464434589,-7.891925353963499,inside,True,
tho,1900,O2,UNGATEABLE,-4.8594844150102556,-4.8595045662952785,inside,,
tho,1900,Mg,FAIL,-8.5632327842434997,-8.6325403302658401,inside,False,
tho,1900,SiO,FAIL,-7.4670236908355712,-6.8781620818152645,inside,False,
tho,1900,SiO2,FAIL,-7.9732919089217811,-7.9464997461574587,inside,False,
tho,1900,Fe,FAIL,-6.7951881404886239,-6.6808709235989152,inside,False,
tho,1900,FeO,PASS,-7.0517721868160148,-7.0341987167566602,inside,False,
tho,1900,Na,K-NA-INFORMATIONAL,-4.2688692984187604,-5.6243541425487322,inside,True,
tho,1900,K,K-NA-INFORMATIONAL,-5.4849830113249674,-7.7667608364738987,inside,True,
tho,2000,O2,UNGATEABLE,-4.3970722871408103,-4.3971377859866152,inside,,
tho,2000,Mg,PASS,-7.8439669177215725,-7.8433307112091715,inside,False,
tho,2000,SiO,FAIL,-6.6264342871970792,-6.0461029647661757,inside,True,
tho,2000,SiO2,FAIL,-7.2090202389979208,-7.154630710875197,inside,False,
tho,2000,Fe,FAIL,-6.1658979806165837,-6.0141014821642376,inside,False,
tho,2000,FeO,FAIL,-6.447934009308204,-6.3715524491231648,inside,False,
tho,2000,Na,K-NA-INFORMATIONAL,-3.8031238686688695,-5.1598583999086873,inside,True,
tho,2000,K,K-NA-INFORMATIONAL,-5.0171793701778231,-7.2975992102500937,inside,True,
tho,2125,O2,UNGATEABLE,-3.880654357003984,-3.8806436486661795,inside,,
tho,2125,Mg,FAIL,-7.0434708802024772,-6.9760924103825124,inside,False,
tho,2125,SiO,FAIL,-5.6811077036676032,-5.1196587761168528,inside,True,
tho,2125,SiO2,FAIL,-6.349187648017268,-6.2723718391436112,inside,False,
tho,2125,Fe,FAIL,-5.4648624061142579,-5.2759234509451742,inside,False,
tho,2125,FeO,FAIL,-5.7755423045140493,-5.6388160015777524,inside,False,
tho,2125,Na,K-NA-INFORMATIONAL,-3.2825871549689927,-4.6412052631815159,inside,True,
tho,2125,K,K-NA-INFORMATIONAL,-4.4996507111100277,-6.7738968908183894,inside,True,
tho,2250,O2,UNGATEABLE,-3.4217377240756495,-3.4216645672984001,inside,,
tho,2250,Mg,FAIL,-6.3352307628472069,-6.2197138641621033,inside,False,
tho,2250,SiO,FAIL,-4.8356206709067688,-4.2995316947243865,inside,True,
tho,2250,SiO2,FAIL,-5.5797558634567066,-5.490736069817169,inside,False,
tho,2250,Fe,FAIL,-4.8440578918639243,-4.626799263255239,inside,False,
tho,2250,FeO,FAIL,-5.1802598866299627,-4.9953250068397583,inside,False,
tho,2250,Na,K-NA-INFORMATIONAL,-2.821090359186186,-4.1816977894038336,inside,True,
tho,2250,K,K-NA-INFORMATIONAL,-4.0451715884051369,-6.3094439837546048,inside,True,
tho,2375,O2,UNGATEABLE,-3.0096287297583806,-3.0096883447151299,inside,,
tho,2375,Mg,FAIL,-5.7050734893254909,-5.5561838817630349,inside,False,
tho,2375,SiO,FAIL,-4.0757153886931912,-3.5693711590498358,inside,True,
tho,2375,SiO2,FAIL,-4.887150776500345,-4.7936174748839546,inside,False,
tho,2375,Fe,FAIL,-4.291320554900258,-4.0528540146887577,inside,False,
tho,2375,FeO,FAIL,-4.6496083392575729,-4.4264627479664185,inside,False,
tho,2375,Na,K-NA-INFORMATIONAL,-2.4105301738173761,-3.773486185070912,inside,True,
tho,2375,K,K-NA-INFORMATIONAL,-3.6438165244287961,-5.8955251993759914,inside,True,
tho,2500,O2,UNGATEABLE,-2.6340691483009637,-2.6340548261921057,inside,,
tho,2500,Mg,FAIL,-5.1425433251655832,-4.9722361692644554,inside,False,
tho,2500,SiO,FAIL,-3.3907388555574243,-2.9173102767641663,inside,True,
tho,2500,SiO2,FAIL,-4.2604133375161286,-4.1682146678753194,inside,False,
tho,2500,Fe,FAIL,-3.7977594158692485,-3.5440740481431967,inside,False,
tho,2500,FeO,FAIL,-4.1735938338973853,-3.9204974730478939,inside,False,
tho,2500,Na,K-NA-INFORMATIONAL,-2.0445552436141226,-3.4109570473036466,inside,True,
tho,2500,K,K-NA-INFORMATIONAL,-3.2879420488226465,-5.5257581796140451,inside,True,
aba,1500,O2,UNGATEABLE,-6.9087879710908293,-6.9087676017771997,inside,,
aba,1500,Mg,EXTRAPOLATED-INFORMATIONAL,-12.165949780954962,-12.679871525668398,inside,False,
aba,1500,SiO,EXTRAPOLATED-INFORMATIONAL,-12.368780742137458,-11.890214992906303,inside,False,
aba,1500,SiO2,EXTRAPOLATED-INFORMATIONAL,-12.259574539748968,-12.525731159721765,inside,False,
aba,1500,Fe,EXTRAPOLATED-INFORMATIONAL,-10.361592917338326,-10.440016275495038,inside,False,
aba,1500,FeO,EXTRAPOLATED-INFORMATIONAL,-10.273986744890623,-10.569992889136447,inside,False,
aba,1500,Na,K-NA-INFORMATIONAL,-6.3451212586777714,-7.3794900485646018,inside,True,
aba,1500,K,K-NA-INFORMATIONAL,-7.3515006467639878,-9.8268488933859306,inside,True,
aba,1625,O2,UNGATEABLE,-6.0303357906567356,-6.0304249752087316,inside,,
aba,1625,Mg,EXTRAPOLATED-INFORMATIONAL,-10.719599663122857,-11.040814956700624,inside,False,
aba,1625,SiO,EXTRAPOLATED-INFORMATIONAL,-10.759262348719211,-10.226487411572956,inside,False,
aba,1625,SiO2,EXTRAPOLATED-INFORMATIONAL,-10.810107020680984,-10.957108870155574,inside,False,
aba,1625,Fe,EXTRAPOLATED-INFORMATIONAL,-9.123655527898503,-9.1038488897623626,inside,False,
aba,1625,FeO,EXTRAPOLATED-INFORMATIONAL,-9.0969770623942079,-9.2495303367112047,inside,False,
aba,1625,Na,K-NA-INFORMATIONAL,-5.4673068850486004,-6.5172645036916519,inside,True,
aba,1625,K,K-NA-INFORMATIONAL,-6.4475216011034879,-8.9357328311112205,inside,True,
aba,1750,O2,UNGATEABLE,-5.2780435456655237,-5.277919387154185,inside,,
aba,1750,Mg,FAIL,-9.4872465169742934,-9.6574631595275271,inside,False,
aba,1750,SiO,FAIL,-9.3640799662360035,-8.8063518596060053,inside,False,
aba,1750,SiO2,FAIL,-9.5524443060072226,-9.6171483214986893,inside,False,
aba,1750,Fe,FAIL,-8.0640356053164908,-7.9681128095190843,inside,False,
aba,1750,FeO,FAIL,-8.0899142621205336,-8.1283829459750265,inside,False,
aba,1750,Na,K-NA-INFORMATIONAL,-4.7130762527128756,-5.7833389120774346,inside,True,
aba,1750,K,K-NA-INFORMATIONAL,-5.6873693260994216,-8.1709307447542052,inside,True,
aba,1875,O2,UNGATEABLE,-4.6274206541158449,-4.6274168029115046,inside,,
aba,1875,Mg,FAIL,-8.4259805452428456,-8.4778733713601184,inside,False,
aba,1875,SiO,FAIL,-8.1422140835674579,-7.5797275628374088,inside,False,
aba,1875,SiO2,PASS,-8.4504441616286741,-8.4595385903933682,inside,False,
aba,1875,Fe,FAIL,-7.147135106600838,-6.9921032649303676,inside,False,
aba,1875,FeO,FAIL,-7.2192451567773759,-7.1667254372439064,inside,False,
aba,1875,Na,K-NA-INFORMATIONAL,-4.0584339113164098,-5.1494449312327877,inside,True,
aba,1875,K,K-NA-INFORMATIONAL,-5.0401965886697839,-7.5096114358396688,inside,True,
aba,1900,O2,UNGATEABLE,-4.5078360231544057,-4.5078631225661283,inside,,
aba,1900,Mg,FAIL,-8.2312128436899243,-8.2627816160531378,inside,False,
aba,1900,SiO,FAIL,-7.9157351674520182,-7.3541718541366423,inside,False,
aba,1900,SiO2,PASS,-8.2461791017190986,-8.2466887966142615,inside,False,
aba,1900,Fe,FAIL,-6.9784005897463324,-6.8132618142082748,inside,False,
aba,1900,FeO,FAIL,-7.0591603051170715,-6.9907688855014447,inside,False,
aba,1900,Na,K-NA-INFORMATIONAL,-3.9378468817486416,-5.0327918652793091,inside,True,
aba,1900,K,K-NA-INFORMATIONAL,-4.9221744187643859,-7.3870674021966849,inside,True,
aba,2000,O2,UNGATEABLE,-4.0605334649455571,-4.060615689698345,inside,,
aba,2000,Mg,FAIL,-7.502835979145333,-7.4628295231913935,inside,False,
aba,2000,SiO,FAIL,-7.0622749397582076,-6.5093907191230107,inside,True,
aba,2000,SiO2,FAIL,-7.4765914781319687,-7.4496574170878969,inside,False,
aba,2000,Fe,FAIL,-6.3461214035006961,-6.1454903637636757,inside,False,
aba,2000,FeO,FAIL,-6.4598879771941045,-6.3346802825784669,inside,False,
aba,2000,Na,K-NA-INFORMATIONAL,-3.4860205220923146,-4.5954838066996455,inside,True,
aba,2000,K,K-NA-INFORMATIONAL,-4.4828413288867903,-6.9268830565601798,inside,True,
aba,2125,O2,UNGATEABLE,-3.5634887846352319,-3.5634701199570671,inside,,
aba,2125,Mg,FAIL,-6.6923178757530524,-6.5819867218394421,inside,False,
aba,2125,SiO,FAIL,-6.1001631981614413,-5.567035459301203,inside,True,
aba,2125,SiO2,FAIL,-6.6096604257008664,-6.5611617579734052,inside,False,
aba,2125,Fe,FAIL,-5.6402623871814859,-5.4048737188592222,inside,False,
aba,2125,FeO,FAIL,-5.792359439987437,-5.6091795051372451,inside,False,
aba,2125,Na,K-NA-INFORMATIONAL,-2.9824787711518952,-4.1068688079013542,inside,True,
aba,2125,K,K-NA-INFORMATIONAL,-3.9976693264613612,-6.4112780887019243,inside,True,
aba,2250,O2,UNGATEABLE,-3.1249990208662126,-3.1249128746595929,inside,,
aba,2250,Mg,FAIL,-5.9746875793962975,-5.8116293047460097,inside,False,
aba,2250,SiO,FAIL,-5.2372397605869372,-4.7308215540074041,inside,True,
aba,2250,SiO2,FAIL,-5.833005699557166,-5.7736500827807822,inside,False,
aba,2250,Fe,FAIL,-5.0133935977388511,-4.7519102663086663,inside,False,
aba,2250,FeO,FAIL,-5.2012262643589429,-4.9720601635737811,inside,False,
aba,2250,Na,K-NA-INFORMATIONAL,-2.5371031495735958,-3.6729406454750286,inside,True,
aba,2250,K,K-NA-INFORMATIONAL,-3.5712085891171395,-5.95185717466138,inside,True,
aba,2375,O2,UNGATEABLE,-2.7355063666141151,-2.7355785466123663,inside,,
aba,2375,Mg,FAIL,-5.3346882048934958,-5.1333241932607976,inside,False,
aba,2375,SiO,FAIL,-4.4589789584050337,-3.9838764242138316,inside,True,
aba,2375,SiO2,FAIL,-5.1333529659124455,-5.0710678409965695,inside,False,
aba,2375,Fe,FAIL,-4.452926760427097,-4.1722892706725867,inside,False,
aba,2375,FeO,FAIL,-4.6741534055700749,-4.4088431048988665,inside,False,
aba,2375,Na,K-NA-INFORMATIONAL,-2.1411705039366304,-3.2859216715318245,inside,True,
aba,2375,K,K-NA-INFORMATIONAL,-3.1931645326994533,-5.540227791480886,inside,True,
aba,2500,O2,UNGATEABLE,-2.386544142560882,-2.3865266437612078,inside,,
aba,2500,Mg,FAIL,-4.7606021586806309,-4.5330511434949461,inside,False,
aba,2500,SiO,FAIL,-3.7540310692187053,-3.3134690473825121,inside,True,
aba,2500,SiO2,FAIL,-4.499942962645382,-4.4406093472782171,inside,False,
aba,2500,Fe,FAIL,-3.9491626001150961,-3.6552344087005491,inside,False,
aba,2500,FeO,FAIL,-4.201234409463348,-3.9078937423897973,inside,False,
aba,2500,Na,K-NA-INFORMATIONAL,-1.7875998298354661,-2.9402814231314065,inside,True,
aba,2500,K,K-NA-INFORMATIONAL,-2.8556998423823212,-5.1701168024540642,inside,True,
kom,1500,O2,UNGATEABLE,-7.4068446841621229,-7.4068174516851286,inside,,
kom,1500,Mg,EXTRAPOLATED-INFORMATIONAL,-11.614370135737227,-12.202186052825907,inside,False,
kom,1500,SiO,EXTRAPOLATED-INFORMATIONAL,-12.184067059078728,-11.599996680687484,inside,False,
kom,1500,SiO2,EXTRAPOLATED-INFORMATIONAL,-12.323889101451687,-12.484537772456912,inside,False,
kom,1500,Fe,EXTRAPOLATED-INFORMATIONAL,-10.092426024240126,-10.200844677554985,inside,False,
kom,1500,FeO,EXTRAPOLATED-INFORMATIONAL,-10.253848151266007,-10.579846216150358,inside,False,
kom,1500,Na,K-NA-INFORMATIONAL,-6.8263613100534517,-8.0327920902116752,inside,True,
kom,1500,K,K-NA-INFORMATIONAL,-8.0439737473714903,-10.368449775234138,inside,True,
kom,1625,O2,UNGATEABLE,-6.5236056383922474,-6.5237238120607586,inside,,
kom,1625,Mg,EXTRAPOLATED-INFORMATIONAL,-10.150575119164118,-10.545155232313151,inside,False,
kom,1625,SiO,EXTRAPOLATED-INFORMATIONAL,-10.585045527545693,-9.956217360696682,inside,False,
kom,1625,SiO2,EXTRAPOLATED-INFORMATIONAL,-10.882524865847339,-10.933488237705314,inside,False,
kom,1625,Fe,EXTRAPOLATED-INFORMATIONAL,-8.8686100900997058,-8.8705433616635414,inside,False,
kom,1625,FeO,EXTRAPOLATED-INFORMATIONAL,-9.0885667150996241,-9.262874227038397,inside,False,
kom,1625,Na,K-NA-INFORMATIONAL,-5.9417087644130451,-7.1383321303380649,inside,True,
kom,1625,K,K-NA-INFORMATIONAL,-7.1376771676612236,-9.460326546794251,inside,True,
kom,1750,O2,UNGATEABLE,-5.761652254847287,-5.7614913652847619,inside,,
kom,1750,Mg,FAIL,-8.9040997655059115,-9.1462439018932233,inside,False,
kom,1750,SiO,FAIL,-9.202201586893894,-8.5572140413582858,inside,False,
kom,1750,SiO2,FAIL,-9.6323703546973487,-9.6097964923162582,inside,False,
kom,1750,Fe,FAIL,-7.8246839241810573,-7.7450386599898859,inside,False,
kom,1750,FeO,FAIL,-8.0923669798684443,-8.1470947855111149,inside,False,
kom,1750,Na,K-NA-INFORMATIONAL,-5.1761415315515382,-6.375493411232017,inside,True,
kom,1750,K,K-NA-INFORMATIONAL,-6.3737076848854697,-8.6793764343999449,inside,True,
kom,1875,O2,UNGATEABLE,-5.0979720204320556,-5.0979611441608839,inside,,
kom,1875,Mg,FAIL,-7.8313537504307806,-7.9530981015280213,inside,False,
kom,1875,SiO,FAIL,-7.9931926465869827,-7.3516242351516521,inside,False,
kom,1875,SiO2,FAIL,-8.536698561623977,-8.4667074333323011,inside,False,
kom,1875,Fe,FAIL,-6.9241805039881852,-6.7819541642782584,inside,False,
kom,1875,FeO,FAIL,-7.2315662205842326,-7.1918485072164868,inside,False,
kom,1875,Na,K-NA-INFORMATIONAL,-4.5072357009439816,-5.7155876837437036,inside,True,
kom,1875,K,K-NA-INFORMATIONAL,-5.7216436172322496,-8.0013171164225732,inside,True,
kom,1900,O2,UNGATEABLE,-4.9755237735878453,-4.9755557306433289,inside,,
kom,1900,Mg,FAIL,-7.6345440267873066,-7.7354973550291595,inside,False,
kom,1900,SiO,FAIL,-7.7692584116823493,-7.130168819950037,inside,False,
kom,1900,SiO2,FAIL,-8.3335462323848102,-8.2565320664662565,inside,False,
kom,1900,Fe,FAIL,-6.7587272809191452,-6.6059024651765608,inside,False,
kom,1900,FeO,FAIL,-7.0733310804898961,-7.017255840508331,inside,False,
kom,1900,Na,K-NA-INFORMATIONAL,-4.3836147153048408,-5.5940789719780275,inside,True,
kom,1900,K,K-NA-INFORMATIONAL,-5.6025541520458519,-7.8753269739662084,inside,True,
kom,2000,O2,UNGATEABLE,-4.5163700601164658,-4.5164855716086478,inside,,
kom,2000,Mg,FAIL,-6.8986812471076924,-6.9260915734053619,inside,False,
kom,2000,SiO,FAIL,-6.9256744285720018,-6.3012116851206112,inside,True,
kom,2000,SiO2,FAIL,-7.5679089996861926,-7.4694133240406488,inside,False,
kom,2000,Fe,FAIL,-6.1393599493324817,-5.9496863367203323,inside,False,
kom,2000,FeO,FAIL,-6.4810447516926368,-6.3668111964902749,inside,False,
kom,2000,Na,K-NA-INFORMATIONAL,-3.9195834968810832,-5.1386083666042177,inside,True,
kom,2000,K,K-NA-INFORMATIONAL,-5.1588396998543091,-7.4011735976370669,inside,True,
kom,2125,O2,UNGATEABLE,-4.0043178690403156,-4.0042992989013442,inside,,
kom,2125,Mg,FAIL,-6.0801259947984763,-6.0346365696721325,inside,False,
kom,2125,SiO,FAIL,-5.9749843075897742,-5.377027659539082,inside,True,
kom,2125,SiO2,FAIL,-6.704896247972215,-6.5915685476834227,inside,False,
kom,2125,Fe,FAIL,-5.4487762356524696,-5.2239056769589771,inside,False,
kom,2125,FeO,FAIL,-5.8212880243953755,-5.6486260527091385,inside,False,
kom,2125,Na,K-NA-INFORMATIONAL,-3.4016443335217659,-4.6304301500868004,inside,True,
kom,2125,K,K-NA-INFORMATIONAL,-4.6683674491441058,-6.8682535938514677,inside,True,
kom,2250,O2,UNGATEABLE,-3.5510158823138234,-3.5508900439039408,inside,,
kom,2250,Mg,FAIL,-5.3558971583285988,-5.2550637257948347,inside,False,
kom,2250,SiO,FAIL,-5.1223964205243657,-4.55707356184144,inside,True,
kom,2250,SiO2,FAIL,-5.9311709680481215,-5.8128906752369929,inside,False,
kom,2250,Fe,FAIL,-4.8360140697893002,-4.585724516237268,inside,False,
kom,2250,FeO,FAIL,-5.2368550639788616,-5.0188629981245576,inside,False,
kom,2250,Na,K-NA-INFORMATIONAL,-2.9440623395928354,-4.1807997465103472,inside,True,
kom,2250,K,K-NA-INFORMATIONAL,-4.2374867096410949,-6.3926188336015128,inside,True,
kom,2375,O2,UNGATEABLE,-3.146267119039778,-3.1463694293109796,inside,,
kom,2375,Mg,FAIL,-4.7111589987045539,-4.5694047000431972,inside,False,
kom,2375,SiO,FAIL,-4.3538463346769527,-3.8249223409540432,inside,True,
kom,2375,SiO2,FAIL,-5.2336007619861329,-5.1175091990860873,inside,False,
kom,2375,Fe,FAIL,-4.2888618465994632,-4.0208593945657558,inside,False,
kom,2375,FeO,FAIL,-4.7154688824100655,-4.4628086701413423,inside,False,
kom,2375,Na,K-NA-INFORMATIONAL,-2.5389700856839075,-3.7821596558397119,inside,True,
kom,2375,K,K-NA-INFORMATIONAL,-3.856555804240974,-5.9668037175095119,inside,True,
kom,2500,O2,UNGATEABLE,-2.7798683665118511,-2.7798438208846861,inside,,
kom,2500,Mg,FAIL,-4.1350604129322344,-3.9646880188686362,inside,False,
kom,2500,SiO,FAIL,-3.658980578307172,-3.1690269810637117,inside,True,
kom,2500,SiO2,FAIL,-4.6015545930190598,-4.4928258695211554,inside,False,
kom,2500,Fe,FAIL,-3.7985987785811206,-3.5193443422569115,inside,False,
kom,2500,FeO,FAIL,-4.2473328352317301,-3.9686622645078988,inside,False,
kom,2500,Na,K-NA-INFORMATIONAL,-2.1798200258106468,-3.4291776775450518,inside,True,
kom,2500,K,K-NA-INFORMATIONAL,-3.5183351212003267,-5.5854112328577452,inside,True,
dun,1500,O2,UNGATEABLE,-6.6339524727903409,-6.6339130962942718,inside,,
dun,1500,Mg,EXTRAPOLATED-INFORMATIONAL,-11.604079458274306,-12.148368371113611,inside,False,
dun,1500,SiO,EXTRAPOLATED-INFORMATIONAL,-13.134116772282493,-12.601007878952482,inside,False,
dun,1500,SiO2,EXTRAPOLATED-INFORMATIONAL,-12.887492859790276,-13.099096793026481,inside,False,
dun,1500,Fe,EXTRAPOLATED-INFORMATIONAL,-10.326473724402492,-10.327482601517998,inside,False,
dun,1500,FeO,EXTRAPOLATED-INFORMATIONAL,-10.10144972295682,-10.320031962417943,inside,False,
dun,1500,Na,K-NA-INFORMATIONAL,-6.1348016521059252,-7.210645496842969,inside,True,
dun,1500,K,K-NA-INFORMATIONAL,-6.6992928050714013,-8.6199348631878063,inside,True,
dun,1625,O2,UNGATEABLE,-5.814560127448722,-5.814732862613134,inside,,
dun,1625,Mg,EXTRAPOLATED-INFORMATIONAL,-10.12121328525661,-10.47073915835483,inside,False,
dun,1625,SiO,EXTRAPOLATED-INFORMATIONAL,-11.469240691644981,-10.897840267294823,inside,False,
dun,1625,SiO2,EXTRAPOLATED-INFORMATIONAL,-11.412197472464024,-11.520615669579641,inside,False,
dun,1625,Fe,EXTRAPOLATED-INFORMATIONAL,-9.0902722658416675,-8.9980307409251452,inside,False,
dun,1625,FeO,EXTRAPOLATED-INFORMATIONAL,-8.9557060696754149,-9.0358661315761886,inside,False,
dun,1625,Na,K-NA-INFORMATIONAL,-5.3032936951888576,-6.3468677350735856,inside,True,
dun,1625,K,K-NA-INFORMATIONAL,-5.9195759183800591,-7.7205012103601982,inside,True,
dun,1750,O2,UNGATEABLE,-5.114215436152806,-5.1139739362931849,inside,,
dun,1750,Mg,FAIL,-8.8577835977888295,-9.0530103502766437,inside,False,
dun,1750,SiO,FAIL,-10.020595093635453,-9.4403516200926347,inside,False,
dun,1750,SiO2,FAIL,-10.127045417865634,-10.169175356554819,inside,False,
dun,1750,Fe,FAIL,-8.0336153181210133,-7.8725391271776042,inside,False,
dun,1750,FeO,FAIL,-7.9775798776009585,-7.9508365382030455,inside,False,
dun,1750,Na,K-NA-INFORMATIONAL,-4.5902798514672609,-5.6170995255063385,inside,True,
dun,1750,K,K-NA-INFORMATIONAL,-5.2626465549360582,-6.9441784970913094,inside,True,
dun,1875,O2,UNGATEABLE,-4.5082490166082927,-4.5082430303203722,inside,,
dun,1875,Mg,FAIL,-7.7696619656032819,-7.8433514408912455,inside,False,
dun,1875,SiO,FAIL,-8.7489855676338362,-8.1780310076014135,inside,False,
dun,1875,SiO2,PASS,-8.9976300189656069,-8.9982551488618068,inside,False,
dun,1875,Fe,FAIL,-7.1197426607339702,-6.9086169710258494,inside,False,
dun,1875,FeO,FAIL,-7.1322669489108392,-7.023652257043822,inside,False,
dun,1875,Na,K-NA-INFORMATIONAL,-3.9725933056229037,-4.9909501593677259,inside,True,
dun,1875,K,K-NA-INFORMATIONAL,-4.6960567780996731,-6.2668382603210375,inside,True,
dun,1900,O2,UNGATEABLE,-4.3968294188777168,-4.3968826619853374,inside,,
dun,1900,Mg,FAIL,-7.5699109091548236,-7.6227338137720864,inside,False,
dun,1900,SiO,FAIL,-8.51308080755995,-7.9455381654533168,inside,False,
dun,1900,SiO2,PASS,-8.7880216000669886,-8.7825648776405405,inside,False,
dun,1900,Fe,FAIL,-6.9515080884386284,-6.7322762282301509,inside,False,
dun,1900,FeO,FAIL,-6.9767648301590164,-6.8542930692329254,inside,False,
dun,1900,Na,K-NA-INFORMATIONAL,-3.8589608838517644,-4.8761299060857883,inside,True,
dun,1900,K,K-NA-INFORMATIONAL,-4.59169659161289,-6.140640664852933,inside,True,
dun,2000,O2,UNGATEABLE,-3.9800056190635056,-3.9801647299826115,inside,,
dun,2000,Mg,FAIL,-6.8226401394576737,-6.802181932727887,inside,False,
dun,2000,SiO,FAIL,-7.6237496164664931,-7.0737104035230214,inside,True,
dun,2000,SiO2,FAIL,-7.997802393620792,-7.9737516216300408,inside,False,
dun,2000,Fe,FAIL,-6.3206523371644137,-6.0744451146542255,inside,False,
dun,2000,FeO,FAIL,-6.3941550617302205,-6.2234095536111509,inside,False,
dun,2000,Na,K-NA-INFORMATIONAL,-3.4336618706628093,-4.4469022684862924,inside,True,
dun,2000,K,K-NA-INFORMATIONAL,-4.2001065941414018,-5.6650486850146748,inside,True,
dun,2125,O2,UNGATEABLE,-3.5168770543869021,-3.5168366184875879,inside,,
dun,2125,Mg,FAIL,-5.9905261577409599,-5.8986907878394046,inside,False,
dun,2125,SiO,FAIL,-6.6208510015312587,-6.0991426532911088,inside,True,
dun,2125,SiO2,FAIL,-7.1070422879172712,-7.0699522012285714,inside,False,
dun,2125,Fe,FAIL,-5.6151002527273493,-5.3455447186164449,inside,False,
dun,2125,FeO,FAIL,-5.7438915592212574,-5.5265337541597281,inside,False,
dun,2125,Na,K-NA-INFORMATIONAL,-2.9605581185936658,-3.9699311629983716,inside,True,
dun,2125,K,K-NA-INFORMATIONAL,-3.7619980816788021,-5.1301415042049001,inside,True,
dun,2250,O2,UNGATEABLE,-3.1084458733212625,-3.1082844025807432,inside,,
dun,2250,Mg,FAIL,-5.253341674261387,-5.1087226488082642,inside,False,
dun,2250,SiO,FAIL,-5.7214052884589393,-5.2324573028818389,inside,True,
dun,2250,SiO2,FAIL,-6.3088947152058408,-6.266971595615793,inside,False,
dun,2250,Fe,FAIL,-4.9869987863049161,-4.7029283394637256,inside,False,
dun,2250,FeO,FAIL,-5.1665549150879277,-4.9147640006894155,inside,False,
dun,2250,Na,K-NA-INFORMATIONAL,-2.5426851746621737,-3.5491762869807997,inside,True,
dun,2250,K,K-NA-INFORMATIONAL,-3.3724165385515614,-4.6534969517535449,inside,True,
dun,2375,O2,UNGATEABLE,-2.7457800031594912,-2.7459170381630855,inside,,
dun,2375,Mg,FAIL,-4.5957512649092163,-4.4135019313484918,inside,False,
dun,2375,SiO,FAIL,-4.9104781547926164,-4.4567705345145052,inside,True,
dun,2375,SiO2,FAIL,-5.5899889810260017,-5.5491311970726027,inside,False,
dun,2375,Fe,FAIL,-4.4240817457522423,-4.1320643105314936,inside,False,
dun,2375,FeO,FAIL,-4.6504452732188426,-4.3737873905331321,inside,False,
dun,2375,Na,K-NA-INFORMATIONAL,-2.1713438407329786,-3.1765251548710736,inside,True,
dun,2375,K,K-NA-INFORMATIONAL,-3.0240762697809247,-4.2279611279499871,inside,True,
dun,2500,O2,UNGATEABLE,-2.4210152108195802,-2.4209818559090337,inside,,
dun,2500,Mg,FAIL,-4.0059109668362556,-3.7988762073924192,inside,False,
dun,2500,SiO,FAIL,-4.1762019965507049,-3.7595161649862248,inside,True,
dun,2500,SiO2,FAIL,-4.9393493681340592,-4.9038840709558418,inside,False,
dun,2500,Fe,FAIL,-3.9169483918807075,-3.6223813734648624,inside,False,
dun,2500,FeO,FAIL,-4.1862557313934889,-3.8922683132280236,inside,False,
dun,2500,Na,K-NA-INFORMATIONAL,-1.8395206641768405,-2.8460738388304216,inside,True,
dun,2500,K,K-NA-INFORMATIONAL,-2.7111661452615485,-3.8476903575616563,inside,True,
