T_K,species,composition_ref,source,anchor_class,log10P_anchor,log10P_model,residual,status,model_side,note
1500.0,Na,SF04-tho,Schaefer2004-MAGMA-valid.xlsx sheet=tho,model_model_MAGMA,-6.73135,-6.78013,-0.048785,ungateable,live_VapoRock_JANAF_fO2=MAGMA_O2,MAGMA-native printed grid cell; k=5 model-model; fO2 pinned to MAGMA O2(g) polyfit (SF04 notebook protocol)
1500.0,K,SF04-tho,Schaefer2004-MAGMA-valid.xlsx sheet=tho,model_model_MAGMA,-8.02613,-7.80041,0.22572,ungateable,live_VapoRock_JANAF_fO2=MAGMA_O2,MAGMA-native printed grid cell; k=5 model-model; fO2 pinned to MAGMA O2(g) polyfit (SF04 notebook protocol)
1500.0,SiO,SF04-tho,Schaefer2004-MAGMA-valid.xlsx sheet=tho,model_model_MAGMA,-11.8808,-11.1377,0.743081,ungateable,live_VapoRock_JANAF_fO2=MAGMA_O2,MAGMA-native printed grid cell; k=5 model-model; fO2 pinned to MAGMA O2(g) polyfit (SF04 notebook protocol)
1500.0,Fe,SF04-tho,Schaefer2004-MAGMA-valid.xlsx sheet=tho,model_model_MAGMA,-10.1795,-9.69301,0.486451,ungateable,live_VapoRock_JANAF_fO2=MAGMA_O2,MAGMA-native printed grid cell; k=5 model-model; fO2 pinned to MAGMA O2(g) polyfit (SF04 notebook protocol)
1500.0,FeO,SF04-tho,Schaefer2004-MAGMA-valid.xlsx sheet=tho,model_model_MAGMA,-10.2953,-10.0262,0.269052,ungateable,live_VapoRock_JANAF_fO2=MAGMA_O2,MAGMA-native printed grid cell; k=5 model-model; fO2 pinned to MAGMA O2(g) polyfit (SF04 notebook protocol)
1500.0,Mg,SF04-tho,Schaefer2004-MAGMA-valid.xlsx sheet=tho,model_model_MAGMA,-12.4424,-12.1241,0.318251,ungateable,live_VapoRock_JANAF_fO2=MAGMA_O2,MAGMA-native printed grid cell; k=5 model-model; fO2 pinned to MAGMA O2(g) polyfit (SF04 notebook protocol)
1500.0,O2,SF04-tho,Schaefer2004-MAGMA-valid.xlsx sheet=tho,model_model_MAGMA,-7.31561,-7.3156,1.61036e-05,ungateable,live_VapoRock_JANAF_fO2=MAGMA_O2,MAGMA-native printed grid cell; k=5 model-model; fO2 pinned to MAGMA O2(g) polyfit (SF04 notebook protocol)
1500.0,SiO2,SF04-tho,Schaefer2004-MAGMA-valid.xlsx sheet=tho,model_model_MAGMA,-11.975,-11.9765,-0.0014863,ungateable,live_VapoRock_JANAF_fO2=MAGMA_O2,MAGMA-native printed grid cell; k=5 model-model; fO2 pinned to MAGMA O2(g) polyfit (SF04 notebook protocol)
1625.0,Na,SF04-tho,Schaefer2004-MAGMA-valid.xlsx sheet=tho,model_model_MAGMA,-5.83693,-5.85662,-0.0196938,ungateable,live_VapoRock_JANAF_fO2=MAGMA_O2,MAGMA-native printed grid cell; k=5 model-model; fO2 pinned to MAGMA O2(g) polyfit (SF04 notebook protocol)
1625.0,K,SF04-tho,Schaefer2004-MAGMA-valid.xlsx sheet=tho,model_model_MAGMA,-7.09174,-6.83101,0.260731,ungateable,live_VapoRock_JANAF_fO2=MAGMA_O2,MAGMA-native printed grid cell; k=5 model-model; fO2 pinned to MAGMA O2(g) polyfit (SF04 notebook protocol)
1625.0,SiO,SF04-tho,Schaefer2004-MAGMA-valid.xlsx sheet=tho,model_model_MAGMA,-10.2802,-9.49175,0.788449,ungateable,live_VapoRock_JANAF_fO2=MAGMA_O2,MAGMA-native printed grid cell; k=5 model-model; fO2 pinned to MAGMA O2(g) polyfit (SF04 notebook protocol)
1625.0,Fe,SF04-tho,Schaefer2004-MAGMA-valid.xlsx sheet=tho,model_model_MAGMA,-8.93814,-8.43552,0.502618,ungateable,live_VapoRock_JANAF_fO2=MAGMA_O2,MAGMA-native printed grid cell; k=5 model-model; fO2 pinned to MAGMA O2(g) polyfit (SF04 notebook protocol)
1625.0,FeO,SF04-tho,Schaefer2004-MAGMA-valid.xlsx sheet=tho,model_model_MAGMA,-9.10711,-8.77668,0.330427,ungateable,live_VapoRock_JANAF_fO2=MAGMA_O2,MAGMA-native printed grid cell; k=5 model-model; fO2 pinned to MAGMA O2(g) polyfit (SF04 notebook protocol)
1625.0,Mg,SF04-tho,Schaefer2004-MAGMA-valid.xlsx sheet=tho,model_model_MAGMA,-11.0176,-10.61,0.407613,ungateable,live_VapoRock_JANAF_fO2=MAGMA_O2,MAGMA-native printed grid cell; k=5 model-model; fO2 pinned to MAGMA O2(g) polyfit (SF04 notebook protocol)
1625.0,O2,SF04-tho,Schaefer2004-MAGMA-valid.xlsx sheet=tho,model_model_MAGMA,-6.42164,-6.42171,-7.01417e-05,ungateable,live_VapoRock_JANAF_fO2=MAGMA_O2,MAGMA-native printed grid cell; k=5 model-model; fO2 pinned to MAGMA O2(g) polyfit (SF04 notebook protocol)
1625.0,SiO2,SF04-tho,Schaefer2004-MAGMA-valid.xlsx sheet=tho,model_model_MAGMA,-10.5267,-10.4179,0.108808,ungateable,live_VapoRock_JANAF_fO2=MAGMA_O2,MAGMA-native printed grid cell; k=5 model-model; fO2 pinned to MAGMA O2(g) polyfit (SF04 notebook protocol)
1750.0,Na,SF04-tho,Schaefer2004-MAGMA-valid.xlsx sheet=tho,model_model_MAGMA,-5.0652,-5.07158,-0.00638742,pass,live_VapoRock_JANAF_fO2=MAGMA_O2,MAGMA-native printed grid cell; k=5 model-model; fO2 pinned to MAGMA O2(g) polyfit (SF04 notebook protocol)
1750.0,K,SF04-tho,Schaefer2004-MAGMA-valid.xlsx sheet=tho,model_model_MAGMA,-6.2952,-6.00691,0.288293,fail,live_VapoRock_JANAF_fO2=MAGMA_O2,MAGMA-native printed grid cell; k=5 model-model; fO2 pinned to MAGMA O2(g) polyfit (SF04 notebook protocol)
1750.0,SiO,SF04-tho,Schaefer2004-MAGMA-valid.xlsx sheet=tho,model_model_MAGMA,-8.89756,-8.09028,0.807278,fail,live_VapoRock_JANAF_fO2=MAGMA_O2,MAGMA-native printed grid cell; k=5 model-model; fO2 pinned to MAGMA O2(g) polyfit (SF04 notebook protocol)
1750.0,Fe,SF04-tho,Schaefer2004-MAGMA-valid.xlsx sheet=tho,model_model_MAGMA,-7.87821,-7.37065,0.507559,fail,live_VapoRock_JANAF_fO2=MAGMA_O2,MAGMA-native printed grid cell; k=5 model-model; fO2 pinned to MAGMA O2(g) polyfit (SF04 notebook protocol)
1750.0,FeO,SF04-tho,Schaefer2004-MAGMA-valid.xlsx sheet=tho,model_model_MAGMA,-8.09098,-7.71769,0.373291,fail,live_VapoRock_JANAF_fO2=MAGMA_O2,MAGMA-native printed grid cell; k=5 model-model; fO2 pinned to MAGMA O2(g) polyfit (SF04 notebook protocol)
1750.0,Mg,SF04-tho,Schaefer2004-MAGMA-valid.xlsx sheet=tho,model_model_MAGMA,-9.80271,-9.33011,0.472596,fail,live_VapoRock_JANAF_fO2=MAGMA_O2,MAGMA-native printed grid cell; k=5 model-model; fO2 pinned to MAGMA O2(g) polyfit (SF04 notebook protocol)
1750.0,O2,SF04-tho,Schaefer2004-MAGMA-valid.xlsx sheet=tho,model_model_MAGMA,-5.65182,-5.65172,9.64811e-05,pass,live_VapoRock_JANAF_fO2=MAGMA_O2,MAGMA-native printed grid cell; k=5 model-model; fO2 pinned to MAGMA O2(g) polyfit (SF04 notebook protocol)
1750.0,SiO2,SF04-tho,Schaefer2004-MAGMA-valid.xlsx sheet=tho,model_model_MAGMA,-9.27281,-9.08788,0.184934,fail,live_VapoRock_JANAF_fO2=MAGMA_O2,MAGMA-native printed grid cell; k=5 model-model; fO2 pinned to MAGMA O2(g) polyfit (SF04 notebook protocol)
1875.0,Na,SF04-tho,Schaefer2004-MAGMA-valid.xlsx sheet=tho,model_model_MAGMA,-4.39296,-4.39645,-0.0034857,pass,live_VapoRock_JANAF_fO2=MAGMA_O2,MAGMA-native printed grid cell; k=5 model-model; fO2 pinned to MAGMA O2(g) polyfit (SF04 notebook protocol)
1875.0,K,SF04-tho,Schaefer2004-MAGMA-valid.xlsx sheet=tho,model_model_MAGMA,-5.61039,-5.30132,0.309071,fail,live_VapoRock_JANAF_fO2=MAGMA_O2,MAGMA-native printed grid cell; k=5 model-model; fO2 pinned to MAGMA O2(g) polyfit (SF04 notebook protocol)
1875.0,SiO,SF04-tho,Schaefer2004-MAGMA-valid.xlsx sheet=tho,model_model_MAGMA,-7.69039,-6.88287,0.807514,fail,live_VapoRock_JANAF_fO2=MAGMA_O2,MAGMA-native printed grid cell; k=5 model-model; fO2 pinned to MAGMA O2(g) polyfit (SF04 notebook protocol)
1875.0,Fe,SF04-tho,Schaefer2004-MAGMA-valid.xlsx sheet=tho,model_model_MAGMA,-6.96331,-6.45808,0.505234,fail,live_VapoRock_JANAF_fO2=MAGMA_O2,MAGMA-native printed grid cell; k=5 model-model; fO2 pinned to MAGMA O2(g) polyfit (SF04 notebook protocol)
1875.0,FeO,SF04-tho,Schaefer2004-MAGMA-valid.xlsx sheet=tho,model_model_MAGMA,-7.21312,-6.81028,0.402842,fail,live_VapoRock_JANAF_fO2=MAGMA_O2,MAGMA-native printed grid cell; k=5 model-model; fO2 pinned to MAGMA O2(g) polyfit (SF04 notebook protocol)
1875.0,Mg,SF04-tho,Schaefer2004-MAGMA-valid.xlsx sheet=tho,model_model_MAGMA,-8.75551,-8.23544,0.520067,fail,live_VapoRock_JANAF_fO2=MAGMA_O2,MAGMA-native printed grid cell; k=5 model-model; fO2 pinned to MAGMA O2(g) polyfit (SF04 notebook protocol)
1875.0,O2,SF04-tho,Schaefer2004-MAGMA-valid.xlsx sheet=tho,model_model_MAGMA,-4.98281,-4.9828,4.63485e-06,pass,live_VapoRock_JANAF_fO2=MAGMA_O2,MAGMA-native printed grid cell; k=5 model-model; fO2 pinned to MAGMA O2(g) polyfit (SF04 notebook protocol)
1875.0,SiO2,SF04-tho,Schaefer2004-MAGMA-valid.xlsx sheet=tho,model_model_MAGMA,-8.17631,-7.9403,0.236013,fail,live_VapoRock_JANAF_fO2=MAGMA_O2,MAGMA-native printed grid cell; k=5 model-model; fO2 pinned to MAGMA O2(g) polyfit (SF04 notebook protocol)
1900.0,Na,SF04-tho,Schaefer2004-MAGMA-valid.xlsx sheet=tho,model_model_MAGMA,-4.26887,-4.27264,-0.00377165,pass,live_VapoRock_JANAF_fO2=MAGMA_O2,MAGMA-native printed grid cell; k=5 model-model; fO2 pinned to MAGMA O2(g) polyfit (SF04 notebook protocol)
1900.0,K,SF04-tho,Schaefer2004-MAGMA-valid.xlsx sheet=tho,model_model_MAGMA,-5.48498,-5.17142,0.313566,fail,live_VapoRock_JANAF_fO2=MAGMA_O2,MAGMA-native printed grid cell; k=5 model-model; fO2 pinned to MAGMA O2(g) polyfit (SF04 notebook protocol)
1900.0,SiO,SF04-tho,Schaefer2004-MAGMA-valid.xlsx sheet=tho,model_model_MAGMA,-7.46702,-6.66121,0.805816,fail,live_VapoRock_JANAF_fO2=MAGMA_O2,MAGMA-native printed grid cell; k=5 model-model; fO2 pinned to MAGMA O2(g) polyfit (SF04 notebook protocol)
1900.0,Fe,SF04-tho,Schaefer2004-MAGMA-valid.xlsx sheet=tho,model_model_MAGMA,-6.79519,-6.29107,0.504115,fail,live_VapoRock_JANAF_fO2=MAGMA_O2,MAGMA-native printed grid cell; k=5 model-model; fO2 pinned to MAGMA O2(g) polyfit (SF04 notebook protocol)
1900.0,FeO,SF04-tho,Schaefer2004-MAGMA-valid.xlsx sheet=tho,model_model_MAGMA,-7.05177,-6.64428,0.407487,fail,live_VapoRock_JANAF_fO2=MAGMA_O2,MAGMA-native printed grid cell; k=5 model-model; fO2 pinned to MAGMA O2(g) polyfit (SF04 notebook protocol)
1900.0,Mg,SF04-tho,Schaefer2004-MAGMA-valid.xlsx sheet=tho,model_model_MAGMA,-8.56323,-8.03538,0.527851,fail,live_VapoRock_JANAF_fO2=MAGMA_O2,MAGMA-native printed grid cell; k=5 model-model; fO2 pinned to MAGMA O2(g) polyfit (SF04 notebook protocol)
1900.0,O2,SF04-tho,Schaefer2004-MAGMA-valid.xlsx sheet=tho,model_model_MAGMA,-4.85948,-4.8595,-2.01513e-05,pass,live_VapoRock_JANAF_fO2=MAGMA_O2,MAGMA-native printed grid cell; k=5 model-model; fO2 pinned to MAGMA O2(g) polyfit (SF04 notebook protocol)
1900.0,SiO2,SF04-tho,Schaefer2004-MAGMA-valid.xlsx sheet=tho,model_model_MAGMA,-7.97329,-7.72947,0.243822,fail,live_VapoRock_JANAF_fO2=MAGMA_O2,MAGMA-native printed grid cell; k=5 model-model; fO2 pinned to MAGMA O2(g) polyfit (SF04 notebook protocol)
2000.0,Na,SF04-tho,Schaefer2004-MAGMA-valid.xlsx sheet=tho,model_model_MAGMA,-3.80312,-3.81,-0.00687688,pass,live_VapoRock_JANAF_fO2=MAGMA_O2,MAGMA-native printed grid cell; k=5 model-model; fO2 pinned to MAGMA O2(g) polyfit (SF04 notebook protocol)
2000.0,K,SF04-tho,Schaefer2004-MAGMA-valid.xlsx sheet=tho,model_model_MAGMA,-5.01718,-4.68598,0.331197,fail,live_VapoRock_JANAF_fO2=MAGMA_O2,MAGMA-native printed grid cell; k=5 model-model; fO2 pinned to MAGMA O2(g) polyfit (SF04 notebook protocol)
2000.0,SiO,SF04-tho,Schaefer2004-MAGMA-valid.xlsx sheet=tho,model_model_MAGMA,-6.62643,-5.83212,0.794318,fail,live_VapoRock_JANAF_fO2=MAGMA_O2,MAGMA-native printed grid cell; k=5 model-model; fO2 pinned to MAGMA O2(g) polyfit (SF04 notebook protocol)
2000.0,Fe,SF04-tho,Schaefer2004-MAGMA-valid.xlsx sheet=tho,model_model_MAGMA,-6.1659,-5.66798,0.497914,fail,live_VapoRock_JANAF_fO2=MAGMA_O2,MAGMA-native printed grid cell; k=5 model-model; fO2 pinned to MAGMA O2(g) polyfit (SF04 notebook protocol)
2000.0,FeO,SF04-tho,Schaefer2004-MAGMA-valid.xlsx sheet=tho,model_model_MAGMA,-6.44793,-6.02533,0.422599,fail,live_VapoRock_JANAF_fO2=MAGMA_O2,MAGMA-native printed grid cell; k=5 model-model; fO2 pinned to MAGMA O2(g) polyfit (SF04 notebook protocol)
2000.0,Mg,SF04-tho,Schaefer2004-MAGMA-valid.xlsx sheet=tho,model_model_MAGMA,-7.84397,-7.28984,0.55413,fail,live_VapoRock_JANAF_fO2=MAGMA_O2,MAGMA-native printed grid cell; k=5 model-model; fO2 pinned to MAGMA O2(g) polyfit (SF04 notebook protocol)
2000.0,O2,SF04-tho,Schaefer2004-MAGMA-valid.xlsx sheet=tho,model_model_MAGMA,-4.39707,-4.39714,-6.54988e-05,pass,live_VapoRock_JANAF_fO2=MAGMA_O2,MAGMA-native printed grid cell; k=5 model-model; fO2 pinned to MAGMA O2(g) polyfit (SF04 notebook protocol)
2000.0,SiO2,SF04-tho,Schaefer2004-MAGMA-valid.xlsx sheet=tho,model_model_MAGMA,-7.20902,-6.94059,0.268434,fail,live_VapoRock_JANAF_fO2=MAGMA_O2,MAGMA-native printed grid cell; k=5 model-model; fO2 pinned to MAGMA O2(g) polyfit (SF04 notebook protocol)
2100.0,Na,SF04-tho,Schaefer2004-MAGMA-valid.xlsx (no printed cell at this T),model_model_MAGMA,,-3.39377,,ungateable,live_VapoRock_JANAF_fO2=MAGMA_O2,No MAGMA printed T cell — not used as published-table anchor
2100.0,K,SF04-tho,Schaefer2004-MAGMA-valid.xlsx (no printed cell at this T),model_model_MAGMA,,-4.24922,,ungateable,live_VapoRock_JANAF_fO2=MAGMA_O2,No MAGMA printed T cell — not used as published-table anchor
2100.0,SiO,SF04-tho,Schaefer2004-MAGMA-valid.xlsx (no printed cell at this T),model_model_MAGMA,,-5.08503,,ungateable,live_VapoRock_JANAF_fO2=MAGMA_O2,No MAGMA printed T cell — not used as published-table anchor
2100.0,Fe,SF04-tho,Schaefer2004-MAGMA-valid.xlsx (no printed cell at this T),model_model_MAGMA,,-5.10879,,ungateable,live_VapoRock_JANAF_fO2=MAGMA_O2,No MAGMA printed T cell — not used as published-table anchor
2100.0,FeO,SF04-tho,Schaefer2004-MAGMA-valid.xlsx (no printed cell at this T),model_model_MAGMA,,-5.47048,,ungateable,live_VapoRock_JANAF_fO2=MAGMA_O2,No MAGMA printed T cell — not used as published-table anchor
2100.0,Mg,SF04-tho,Schaefer2004-MAGMA-valid.xlsx (no printed cell at this T),model_model_MAGMA,,-6.62207,,ungateable,live_VapoRock_JANAF_fO2=MAGMA_O2,No MAGMA printed T cell — not used as published-table anchor
2100.0,O2,SF04-tho,Schaefer2004-MAGMA-valid.xlsx (no printed cell at this T),model_model_MAGMA,,-3.97899,,ungateable,live_VapoRock_JANAF_fO2=MAGMA_O2,No MAGMA printed T cell — not used as published-table anchor
2100.0,SiO2,SF04-tho,Schaefer2004-MAGMA-valid.xlsx (no printed cell at this T),model_model_MAGMA,,-6.22934,,ungateable,live_VapoRock_JANAF_fO2=MAGMA_O2,No MAGMA printed T cell — not used as published-table anchor
2125.0,Na,SF04-tho,Schaefer2004-MAGMA-valid.xlsx sheet=tho,model_model_MAGMA,-3.28259,-3.29618,-0.0135894,pass,live_VapoRock_JANAF_fO2=MAGMA_O2,MAGMA-native printed grid cell; k=5 model-model; fO2 pinned to MAGMA O2(g) polyfit (SF04 notebook protocol)
2125.0,K,SF04-tho,Schaefer2004-MAGMA-valid.xlsx sheet=tho,model_model_MAGMA,-4.49965,-4.14682,0.352834,fail,live_VapoRock_JANAF_fO2=MAGMA_O2,MAGMA-native printed grid cell; k=5 model-model; fO2 pinned to MAGMA O2(g) polyfit (SF04 notebook protocol)
2125.0,SiO,SF04-tho,Schaefer2004-MAGMA-valid.xlsx sheet=tho,model_model_MAGMA,-5.68111,-4.90969,0.771416,fail,live_VapoRock_JANAF_fO2=MAGMA_O2,MAGMA-native printed grid cell; k=5 model-model; fO2 pinned to MAGMA O2(g) polyfit (SF04 notebook protocol)
2125.0,Fe,SF04-tho,Schaefer2004-MAGMA-valid.xlsx sheet=tho,model_model_MAGMA,-5.46486,-4.97788,0.486984,fail,live_VapoRock_JANAF_fO2=MAGMA_O2,MAGMA-native printed grid cell; k=5 model-model; fO2 pinned to MAGMA O2(g) polyfit (SF04 notebook protocol)
2125.0,FeO,SF04-tho,Schaefer2004-MAGMA-valid.xlsx sheet=tho,model_model_MAGMA,-5.77554,-5.34068,0.434859,fail,live_VapoRock_JANAF_fO2=MAGMA_O2,MAGMA-native printed grid cell; k=5 model-model; fO2 pinned to MAGMA O2(g) polyfit (SF04 notebook protocol)
2125.0,Mg,SF04-tho,Schaefer2004-MAGMA-valid.xlsx sheet=tho,model_model_MAGMA,-7.04347,-6.46594,0.577528,fail,live_VapoRock_JANAF_fO2=MAGMA_O2,MAGMA-native printed grid cell; k=5 model-model; fO2 pinned to MAGMA O2(g) polyfit (SF04 notebook protocol)
2125.0,O2,SF04-tho,Schaefer2004-MAGMA-valid.xlsx sheet=tho,model_model_MAGMA,-3.88065,-3.88064,1.07083e-05,pass,live_VapoRock_JANAF_fO2=MAGMA_O2,MAGMA-native printed grid cell; k=5 model-model; fO2 pinned to MAGMA O2(g) polyfit (SF04 notebook protocol)
2125.0,SiO2,SF04-tho,Schaefer2004-MAGMA-valid.xlsx sheet=tho,model_model_MAGMA,-6.34919,-6.06236,0.286826,fail,live_VapoRock_JANAF_fO2=MAGMA_O2,MAGMA-native printed grid cell; k=5 model-model; fO2 pinned to MAGMA O2(g) polyfit (SF04 notebook protocol)
2200.0,Na,SF04-tho,Schaefer2004-MAGMA-valid.xlsx (no printed cell at this T),model_model_MAGMA,,-3.0175,,ungateable,live_VapoRock_JANAF_fO2=MAGMA_O2,No MAGMA printed T cell — not used as published-table anchor
2200.0,K,SF04-tho,Schaefer2004-MAGMA-valid.xlsx (no printed cell at this T),model_model_MAGMA,,-3.85437,,ungateable,live_VapoRock_JANAF_fO2=MAGMA_O2,No MAGMA printed T cell — not used as published-table anchor
2200.0,SiO,SF04-tho,Schaefer2004-MAGMA-valid.xlsx (no printed cell at this T),model_model_MAGMA,,-4.40861,,ungateable,live_VapoRock_JANAF_fO2=MAGMA_O2,No MAGMA printed T cell — not used as published-table anchor
2200.0,Fe,SF04-tho,Schaefer2004-MAGMA-valid.xlsx (no printed cell at this T),model_model_MAGMA,,-4.60451,,ungateable,live_VapoRock_JANAF_fO2=MAGMA_O2,No MAGMA printed T cell — not used as published-table anchor
2200.0,FeO,SF04-tho,Schaefer2004-MAGMA-valid.xlsx (no printed cell at this T),model_model_MAGMA,,-4.97071,,ungateable,live_VapoRock_JANAF_fO2=MAGMA_O2,No MAGMA printed T cell — not used as published-table anchor
2200.0,Mg,SF04-tho,Schaefer2004-MAGMA-valid.xlsx (no printed cell at this T),model_model_MAGMA,,-6.02114,,ungateable,live_VapoRock_JANAF_fO2=MAGMA_O2,No MAGMA printed T cell — not used as published-table anchor
2200.0,O2,SF04-tho,Schaefer2004-MAGMA-valid.xlsx (no printed cell at this T),model_model_MAGMA,,-3.59904,,ungateable,live_VapoRock_JANAF_fO2=MAGMA_O2,No MAGMA printed T cell — not used as published-table anchor
2200.0,SiO2,SF04-tho,Schaefer2004-MAGMA-valid.xlsx (no printed cell at this T),model_model_MAGMA,,-5.58502,,ungateable,live_VapoRock_JANAF_fO2=MAGMA_O2,No MAGMA printed T cell — not used as published-table anchor
2250.0,Na,SF04-tho,Schaefer2004-MAGMA-valid.xlsx sheet=tho,model_model_MAGMA,-2.82109,-2.84268,-0.0215897,pass,live_VapoRock_JANAF_fO2=MAGMA_O2,MAGMA-native printed grid cell; k=5 model-model; fO2 pinned to MAGMA O2(g) polyfit (SF04 notebook protocol)
2250.0,K,SF04-tho,Schaefer2004-MAGMA-valid.xlsx sheet=tho,model_model_MAGMA,-4.04517,-3.67091,0.374259,fail,live_VapoRock_JANAF_fO2=MAGMA_O2,MAGMA-native printed grid cell; k=5 model-model; fO2 pinned to MAGMA O2(g) polyfit (SF04 notebook protocol)
2250.0,SiO,SF04-tho,Schaefer2004-MAGMA-valid.xlsx sheet=tho,model_model_MAGMA,-4.83562,-4.09396,0.741658,fail,live_VapoRock_JANAF_fO2=MAGMA_O2,MAGMA-native printed grid cell; k=5 model-model; fO2 pinned to MAGMA O2(g) polyfit (SF04 notebook protocol)
2250.0,Fe,SF04-tho,Schaefer2004-MAGMA-valid.xlsx sheet=tho,model_model_MAGMA,-4.84406,-4.37068,0.47338,fail,live_VapoRock_JANAF_fO2=MAGMA_O2,MAGMA-native printed grid cell; k=5 model-model; fO2 pinned to MAGMA O2(g) polyfit (SF04 notebook protocol)
2250.0,FeO,SF04-tho,Schaefer2004-MAGMA-valid.xlsx sheet=tho,model_model_MAGMA,-5.18026,-4.73913,0.441131,fail,live_VapoRock_JANAF_fO2=MAGMA_O2,MAGMA-native printed grid cell; k=5 model-model; fO2 pinned to MAGMA O2(g) polyfit (SF04 notebook protocol)
2250.0,Mg,SF04-tho,Schaefer2004-MAGMA-valid.xlsx sheet=tho,model_model_MAGMA,-6.33523,-5.74292,0.592312,fail,live_VapoRock_JANAF_fO2=MAGMA_O2,MAGMA-native printed grid cell; k=5 model-model; fO2 pinned to MAGMA O2(g) polyfit (SF04 notebook protocol)
2250.0,O2,SF04-tho,Schaefer2004-MAGMA-valid.xlsx sheet=tho,model_model_MAGMA,-3.42174,-3.42166,7.31568e-05,pass,live_VapoRock_JANAF_fO2=MAGMA_O2,MAGMA-native printed grid cell; k=5 model-model; fO2 pinned to MAGMA O2(g) polyfit (SF04 notebook protocol)
2250.0,SiO2,SF04-tho,Schaefer2004-MAGMA-valid.xlsx sheet=tho,model_model_MAGMA,-5.57976,-5.28514,0.294618,pass,live_VapoRock_JANAF_fO2=MAGMA_O2,MAGMA-native printed grid cell; k=5 model-model; fO2 pinned to MAGMA O2(g) polyfit (SF04 notebook protocol)
2500.0,Na,SF04-tho,Schaefer2004-MAGMA-valid.xlsx sheet=tho,model_model_MAGMA,-2.04456,-2.0817,-0.0371449,pass,live_VapoRock_JANAF_fO2=MAGMA_O2,MAGMA-native printed grid cell; k=5 model-model; fO2 pinned to MAGMA O2(g) polyfit (SF04 notebook protocol)
2500.0,K,SF04-tho,Schaefer2004-MAGMA-valid.xlsx sheet=tho,model_model_MAGMA,-3.28794,-2.87209,0.415855,pass,live_VapoRock_JANAF_fO2=MAGMA_O2,MAGMA-native printed grid cell; k=5 model-model; fO2 pinned to MAGMA O2(g) polyfit (SF04 notebook protocol)
2500.0,SiO,SF04-tho,Schaefer2004-MAGMA-valid.xlsx sheet=tho,model_model_MAGMA,-3.39074,-2.72147,0.669269,fail,live_VapoRock_JANAF_fO2=MAGMA_O2,MAGMA-native printed grid cell; k=5 model-model; fO2 pinned to MAGMA O2(g) polyfit (SF04 notebook protocol)
2500.0,Fe,SF04-tho,Schaefer2004-MAGMA-valid.xlsx sheet=tho,model_model_MAGMA,-3.79776,-3.3576,0.440164,fail,live_VapoRock_JANAF_fO2=MAGMA_O2,MAGMA-native printed grid cell; k=5 model-model; fO2 pinned to MAGMA O2(g) polyfit (SF04 notebook protocol)
2500.0,FeO,SF04-tho,Schaefer2004-MAGMA-valid.xlsx sheet=tho,model_model_MAGMA,-4.17359,-3.73397,0.439628,fail,live_VapoRock_JANAF_fO2=MAGMA_O2,MAGMA-native printed grid cell; k=5 model-model; fO2 pinned to MAGMA O2(g) polyfit (SF04 notebook protocol)
2500.0,Mg,SF04-tho,Schaefer2004-MAGMA-valid.xlsx sheet=tho,model_model_MAGMA,-5.14254,-4.54092,0.60162,fail,live_VapoRock_JANAF_fO2=MAGMA_O2,MAGMA-native printed grid cell; k=5 model-model; fO2 pinned to MAGMA O2(g) polyfit (SF04 notebook protocol)
2500.0,O2,SF04-tho,Schaefer2004-MAGMA-valid.xlsx sheet=tho,model_model_MAGMA,-2.63407,-2.63405,1.43221e-05,pass,live_VapoRock_JANAF_fO2=MAGMA_O2,MAGMA-native printed grid cell; k=5 model-model; fO2 pinned to MAGMA O2(g) polyfit (SF04 notebook protocol)
2500.0,SiO2,SF04-tho,Schaefer2004-MAGMA-valid.xlsx sheet=tho,model_model_MAGMA,-4.26041,-3.97237,0.288042,pass,live_VapoRock_JANAF_fO2=MAGMA_O2,MAGMA-native printed grid cell; k=5 model-model; fO2 pinned to MAGMA O2(g) polyfit (SF04 notebook protocol)
1500.0,Na,SF04-aba,Schaefer2004-MAGMA-valid.xlsx sheet=aba,model_model_MAGMA,-6.34512,-6.55399,-0.208864,ungateable,live_VapoRock_JANAF_fO2=MAGMA_O2,MAGMA-native printed grid cell; k=5 model-model; fO2 pinned to MAGMA O2(g) polyfit (SF04 notebook protocol)
1500.0,K,SF04-aba,Schaefer2004-MAGMA-valid.xlsx sheet=aba,model_model_MAGMA,-7.3515,-7.27159,0.079912,ungateable,live_VapoRock_JANAF_fO2=MAGMA_O2,MAGMA-native printed grid cell; k=5 model-model; fO2 pinned to MAGMA O2(g) polyfit (SF04 notebook protocol)
1500.0,SiO,SF04-aba,Schaefer2004-MAGMA-valid.xlsx sheet=aba,model_model_MAGMA,-12.3688,-11.4919,0.876879,ungateable,live_VapoRock_JANAF_fO2=MAGMA_O2,MAGMA-native printed grid cell; k=5 model-model; fO2 pinned to MAGMA O2(g) polyfit (SF04 notebook protocol)
1500.0,Fe,SF04-aba,Schaefer2004-MAGMA-valid.xlsx sheet=aba,model_model_MAGMA,-10.3616,-9.86814,0.493456,ungateable,live_VapoRock_JANAF_fO2=MAGMA_O2,MAGMA-native printed grid cell; k=5 model-model; fO2 pinned to MAGMA O2(g) polyfit (SF04 notebook protocol)
1500.0,FeO,SF04-aba,Schaefer2004-MAGMA-valid.xlsx sheet=aba,model_model_MAGMA,-10.274,-9.99793,0.276058,ungateable,live_VapoRock_JANAF_fO2=MAGMA_O2,MAGMA-native printed grid cell; k=5 model-model; fO2 pinned to MAGMA O2(g) polyfit (SF04 notebook protocol)
1500.0,Mg,SF04-aba,Schaefer2004-MAGMA-valid.xlsx sheet=aba,model_model_MAGMA,-12.1659,-12.0508,0.115194,ungateable,live_VapoRock_JANAF_fO2=MAGMA_O2,MAGMA-native printed grid cell; k=5 model-model; fO2 pinned to MAGMA O2(g) polyfit (SF04 notebook protocol)
1500.0,O2,SF04-aba,Schaefer2004-MAGMA-valid.xlsx sheet=aba,model_model_MAGMA,-6.90879,-6.90877,2.03693e-05,ungateable,live_VapoRock_JANAF_fO2=MAGMA_O2,MAGMA-native printed grid cell; k=5 model-model; fO2 pinned to MAGMA O2(g) polyfit (SF04 notebook protocol)
1500.0,SiO2,SF04-aba,Schaefer2004-MAGMA-valid.xlsx sheet=aba,model_model_MAGMA,-12.2596,-12.1273,0.132314,ungateable,live_VapoRock_JANAF_fO2=MAGMA_O2,MAGMA-native printed grid cell; k=5 model-model; fO2 pinned to MAGMA O2(g) polyfit (SF04 notebook protocol)
1625.0,Na,SF04-aba,Schaefer2004-MAGMA-valid.xlsx sheet=aba,model_model_MAGMA,-5.46731,-5.64275,-0.175447,ungateable,live_VapoRock_JANAF_fO2=MAGMA_O2,MAGMA-native printed grid cell; k=5 model-model; fO2 pinned to MAGMA O2(g) polyfit (SF04 notebook protocol)
1625.0,K,SF04-aba,Schaefer2004-MAGMA-valid.xlsx sheet=aba,model_model_MAGMA,-6.44752,-6.31853,0.128995,ungateable,live_VapoRock_JANAF_fO2=MAGMA_O2,MAGMA-native printed grid cell; k=5 model-model; fO2 pinned to MAGMA O2(g) polyfit (SF04 notebook protocol)
1625.0,SiO,SF04-aba,Schaefer2004-MAGMA-valid.xlsx sheet=aba,model_model_MAGMA,-10.7593,-9.83963,0.919637,ungateable,live_VapoRock_JANAF_fO2=MAGMA_O2,MAGMA-native printed grid cell; k=5 model-model; fO2 pinned to MAGMA O2(g) polyfit (SF04 notebook protocol)
1625.0,Fe,SF04-aba,Schaefer2004-MAGMA-valid.xlsx sheet=aba,model_model_MAGMA,-9.12366,-8.59515,0.528506,ungateable,live_VapoRock_JANAF_fO2=MAGMA_O2,MAGMA-native printed grid cell; k=5 model-model; fO2 pinned to MAGMA O2(g) polyfit (SF04 notebook protocol)
1625.0,FeO,SF04-aba,Schaefer2004-MAGMA-valid.xlsx sheet=aba,model_model_MAGMA,-9.09698,-8.74067,0.356305,ungateable,live_VapoRock_JANAF_fO2=MAGMA_O2,MAGMA-native printed grid cell; k=5 model-model; fO2 pinned to MAGMA O2(g) polyfit (SF04 notebook protocol)
1625.0,Mg,SF04-aba,Schaefer2004-MAGMA-valid.xlsx sheet=aba,model_model_MAGMA,-10.7196,-10.5269,0.192704,ungateable,live_VapoRock_JANAF_fO2=MAGMA_O2,MAGMA-native printed grid cell; k=5 model-model; fO2 pinned to MAGMA O2(g) polyfit (SF04 notebook protocol)
1625.0,O2,SF04-aba,Schaefer2004-MAGMA-valid.xlsx sheet=aba,model_model_MAGMA,-6.03034,-6.03042,-8.91846e-05,ungateable,live_VapoRock_JANAF_fO2=MAGMA_O2,MAGMA-native printed grid cell; k=5 model-model; fO2 pinned to MAGMA O2(g) polyfit (SF04 notebook protocol)
1625.0,SiO2,SF04-aba,Schaefer2004-MAGMA-valid.xlsx sheet=aba,model_model_MAGMA,-10.8101,-10.5701,0.239987,ungateable,live_VapoRock_JANAF_fO2=MAGMA_O2,MAGMA-native printed grid cell; k=5 model-model; fO2 pinned to MAGMA O2(g) polyfit (SF04 notebook protocol)
1750.0,Na,SF04-aba,Schaefer2004-MAGMA-valid.xlsx sheet=aba,model_model_MAGMA,-4.71308,-4.8672,-0.154125,fail,live_VapoRock_JANAF_fO2=MAGMA_O2,MAGMA-native printed grid cell; k=5 model-model; fO2 pinned to MAGMA O2(g) polyfit (SF04 notebook protocol)
1750.0,K,SF04-aba,Schaefer2004-MAGMA-valid.xlsx sheet=aba,model_model_MAGMA,-5.68737,-5.5074,0.179969,fail,live_VapoRock_JANAF_fO2=MAGMA_O2,MAGMA-native printed grid cell; k=5 model-model; fO2 pinned to MAGMA O2(g) polyfit (SF04 notebook protocol)
1750.0,SiO,SF04-aba,Schaefer2004-MAGMA-valid.xlsx sheet=aba,model_model_MAGMA,-9.36408,-8.43068,0.9334,fail,live_VapoRock_JANAF_fO2=MAGMA_O2,MAGMA-native printed grid cell; k=5 model-model; fO2 pinned to MAGMA O2(g) polyfit (SF04 notebook protocol)
1750.0,Fe,SF04-aba,Schaefer2004-MAGMA-valid.xlsx sheet=aba,model_model_MAGMA,-8.06404,-7.51492,0.549111,fail,live_VapoRock_JANAF_fO2=MAGMA_O2,MAGMA-native printed grid cell; k=5 model-model; fO2 pinned to MAGMA O2(g) polyfit (SF04 notebook protocol)
1750.0,FeO,SF04-aba,Schaefer2004-MAGMA-valid.xlsx sheet=aba,model_model_MAGMA,-8.08991,-7.67506,0.414858,fail,live_VapoRock_JANAF_fO2=MAGMA_O2,MAGMA-native printed grid cell; k=5 model-model; fO2 pinned to MAGMA O2(g) polyfit (SF04 notebook protocol)
1750.0,Mg,SF04-aba,Schaefer2004-MAGMA-valid.xlsx sheet=aba,model_model_MAGMA,-9.48725,-9.23653,0.250721,fail,live_VapoRock_JANAF_fO2=MAGMA_O2,MAGMA-native printed grid cell; k=5 model-model; fO2 pinned to MAGMA O2(g) polyfit (SF04 notebook protocol)
1750.0,O2,SF04-aba,Schaefer2004-MAGMA-valid.xlsx sheet=aba,model_model_MAGMA,-5.27804,-5.27792,0.000124159,pass,live_VapoRock_JANAF_fO2=MAGMA_O2,MAGMA-native printed grid cell; k=5 model-model; fO2 pinned to MAGMA O2(g) polyfit (SF04 notebook protocol)
1750.0,SiO2,SF04-aba,Schaefer2004-MAGMA-valid.xlsx sheet=aba,model_model_MAGMA,-9.55244,-9.24137,0.31107,fail,live_VapoRock_JANAF_fO2=MAGMA_O2,MAGMA-native printed grid cell; k=5 model-model; fO2 pinned to MAGMA O2(g) polyfit (SF04 notebook protocol)
1875.0,Na,SF04-aba,Schaefer2004-MAGMA-valid.xlsx sheet=aba,model_model_MAGMA,-4.05843,-4.19947,-0.141033,fail,live_VapoRock_JANAF_fO2=MAGMA_O2,MAGMA-native printed grid cell; k=5 model-model; fO2 pinned to MAGMA O2(g) polyfit (SF04 notebook protocol)
1875.0,K,SF04-aba,Schaefer2004-MAGMA-valid.xlsx sheet=aba,model_model_MAGMA,-5.0402,-4.81223,0.227963,fail,live_VapoRock_JANAF_fO2=MAGMA_O2,MAGMA-native printed grid cell; k=5 model-model; fO2 pinned to MAGMA O2(g) polyfit (SF04 notebook protocol)
1875.0,SiO,SF04-aba,Schaefer2004-MAGMA-valid.xlsx sheet=aba,model_model_MAGMA,-8.14221,-7.21516,0.927052,fail,live_VapoRock_JANAF_fO2=MAGMA_O2,MAGMA-native printed grid cell; k=5 model-model; fO2 pinned to MAGMA O2(g) polyfit (SF04 notebook protocol)
1875.0,Fe,SF04-aba,Schaefer2004-MAGMA-valid.xlsx sheet=aba,model_model_MAGMA,-7.14714,-6.5874,0.559731,fail,live_VapoRock_JANAF_fO2=MAGMA_O2,MAGMA-native printed grid cell; k=5 model-model; fO2 pinned to MAGMA O2(g) polyfit (SF04 notebook protocol)
1875.0,FeO,SF04-aba,Schaefer2004-MAGMA-valid.xlsx sheet=aba,model_model_MAGMA,-7.21925,-6.76191,0.457338,fail,live_VapoRock_JANAF_fO2=MAGMA_O2,MAGMA-native printed grid cell; k=5 model-model; fO2 pinned to MAGMA O2(g) polyfit (SF04 notebook protocol)
1875.0,Mg,SF04-aba,Schaefer2004-MAGMA-valid.xlsx sheet=aba,model_model_MAGMA,-8.42598,-8.13117,0.294806,fail,live_VapoRock_JANAF_fO2=MAGMA_O2,MAGMA-native printed grid cell; k=5 model-model; fO2 pinned to MAGMA O2(g) polyfit (SF04 notebook protocol)
1875.0,O2,SF04-aba,Schaefer2004-MAGMA-valid.xlsx sheet=aba,model_model_MAGMA,-4.62742,-4.62742,3.8512e-06,pass,live_VapoRock_JANAF_fO2=MAGMA_O2,MAGMA-native printed grid cell; k=5 model-model; fO2 pinned to MAGMA O2(g) polyfit (SF04 notebook protocol)
1875.0,SiO2,SF04-aba,Schaefer2004-MAGMA-valid.xlsx sheet=aba,model_model_MAGMA,-8.45044,-8.09489,0.355551,fail,live_VapoRock_JANAF_fO2=MAGMA_O2,MAGMA-native printed grid cell; k=5 model-model; fO2 pinned to MAGMA O2(g) polyfit (SF04 notebook protocol)
1900.0,Na,SF04-aba,Schaefer2004-MAGMA-valid.xlsx sheet=aba,model_model_MAGMA,-3.93785,-4.07694,-0.139089,fail,live_VapoRock_JANAF_fO2=MAGMA_O2,MAGMA-native printed grid cell; k=5 model-model; fO2 pinned to MAGMA O2(g) polyfit (SF04 notebook protocol)
1900.0,K,SF04-aba,Schaefer2004-MAGMA-valid.xlsx sheet=aba,model_model_MAGMA,-4.92217,-4.68416,0.238013,fail,live_VapoRock_JANAF_fO2=MAGMA_O2,MAGMA-native printed grid cell; k=5 model-model; fO2 pinned to MAGMA O2(g) polyfit (SF04 notebook protocol)
1900.0,SiO,SF04-aba,Schaefer2004-MAGMA-valid.xlsx sheet=aba,model_model_MAGMA,-7.91574,-6.99183,0.923908,fail,live_VapoRock_JANAF_fO2=MAGMA_O2,MAGMA-native printed grid cell; k=5 model-model; fO2 pinned to MAGMA O2(g) polyfit (SF04 notebook protocol)
1900.0,Fe,SF04-aba,Schaefer2004-MAGMA-valid.xlsx sheet=aba,model_model_MAGMA,-6.9784,-6.41747,0.560932,fail,live_VapoRock_JANAF_fO2=MAGMA_O2,MAGMA-native printed grid cell; k=5 model-model; fO2 pinned to MAGMA O2(g) polyfit (SF04 notebook protocol)
1900.0,FeO,SF04-aba,Schaefer2004-MAGMA-valid.xlsx sheet=aba,model_model_MAGMA,-7.05916,-6.59486,0.464301,fail,live_VapoRock_JANAF_fO2=MAGMA_O2,MAGMA-native printed grid cell; k=5 model-model; fO2 pinned to MAGMA O2(g) polyfit (SF04 notebook protocol)
1900.0,Mg,SF04-aba,Schaefer2004-MAGMA-valid.xlsx sheet=aba,model_model_MAGMA,-8.23121,-7.92897,0.302244,fail,live_VapoRock_JANAF_fO2=MAGMA_O2,MAGMA-native printed grid cell; k=5 model-model; fO2 pinned to MAGMA O2(g) polyfit (SF04 notebook protocol)
1900.0,O2,SF04-aba,Schaefer2004-MAGMA-valid.xlsx sheet=aba,model_model_MAGMA,-4.50784,-4.50786,-2.70994e-05,pass,live_VapoRock_JANAF_fO2=MAGMA_O2,MAGMA-native printed grid cell; k=5 model-model; fO2 pinned to MAGMA O2(g) polyfit (SF04 notebook protocol)
1900.0,SiO2,SF04-aba,Schaefer2004-MAGMA-valid.xlsx sheet=aba,model_model_MAGMA,-8.24618,-7.88427,0.36191,fail,live_VapoRock_JANAF_fO2=MAGMA_O2,MAGMA-native printed grid cell; k=5 model-model; fO2 pinned to MAGMA O2(g) polyfit (SF04 notebook protocol)
2000.0,Na,SF04-aba,Schaefer2004-MAGMA-valid.xlsx sheet=aba,model_model_MAGMA,-3.48602,-3.61881,-0.13279,pass,live_VapoRock_JANAF_fO2=MAGMA_O2,MAGMA-native printed grid cell; k=5 model-model; fO2 pinned to MAGMA O2(g) polyfit (SF04 notebook protocol)
2000.0,K,SF04-aba,Schaefer2004-MAGMA-valid.xlsx sheet=aba,model_model_MAGMA,-4.48284,-4.20533,0.277513,fail,live_VapoRock_JANAF_fO2=MAGMA_O2,MAGMA-native printed grid cell; k=5 model-model; fO2 pinned to MAGMA O2(g) polyfit (SF04 notebook protocol)
2000.0,SiO,SF04-aba,Schaefer2004-MAGMA-valid.xlsx sheet=aba,model_model_MAGMA,-7.06227,-6.15594,0.90634,fail,live_VapoRock_JANAF_fO2=MAGMA_O2,MAGMA-native printed grid cell; k=5 model-model; fO2 pinned to MAGMA O2(g) polyfit (SF04 notebook protocol)
2000.0,Fe,SF04-aba,Schaefer2004-MAGMA-valid.xlsx sheet=aba,model_model_MAGMA,-6.34612,-5.78286,0.563264,fail,live_VapoRock_JANAF_fO2=MAGMA_O2,MAGMA-native printed grid cell; k=5 model-model; fO2 pinned to MAGMA O2(g) polyfit (SF04 notebook protocol)
2000.0,FeO,SF04-aba,Schaefer2004-MAGMA-valid.xlsx sheet=aba,model_model_MAGMA,-6.45989,-5.97195,0.487941,fail,live_VapoRock_JANAF_fO2=MAGMA_O2,MAGMA-native printed grid cell; k=5 model-model; fO2 pinned to MAGMA O2(g) polyfit (SF04 notebook protocol)
2000.0,Mg,SF04-aba,Schaefer2004-MAGMA-valid.xlsx sheet=aba,model_model_MAGMA,-7.50284,-7.17484,0.327992,fail,live_VapoRock_JANAF_fO2=MAGMA_O2,MAGMA-native printed grid cell; k=5 model-model; fO2 pinned to MAGMA O2(g) polyfit (SF04 notebook protocol)
2000.0,O2,SF04-aba,Schaefer2004-MAGMA-valid.xlsx sheet=aba,model_model_MAGMA,-4.06053,-4.06062,-8.22248e-05,pass,live_VapoRock_JANAF_fO2=MAGMA_O2,MAGMA-native printed grid cell; k=5 model-model; fO2 pinned to MAGMA O2(g) polyfit (SF04 notebook protocol)
2000.0,SiO2,SF04-aba,Schaefer2004-MAGMA-valid.xlsx sheet=aba,model_model_MAGMA,-7.47659,-7.09614,0.380448,fail,live_VapoRock_JANAF_fO2=MAGMA_O2,MAGMA-native printed grid cell; k=5 model-model; fO2 pinned to MAGMA O2(g) polyfit (SF04 notebook protocol)
2100.0,Na,SF04-aba,Schaefer2004-MAGMA-valid.xlsx (no printed cell at this T),model_model_MAGMA,,-3.20623,,ungateable,live_VapoRock_JANAF_fO2=MAGMA_O2,No MAGMA printed T cell — not used as published-table anchor
2100.0,K,SF04-aba,Schaefer2004-MAGMA-valid.xlsx (no printed cell at this T),model_model_MAGMA,,-3.77411,,ungateable,live_VapoRock_JANAF_fO2=MAGMA_O2,No MAGMA printed T cell — not used as published-table anchor
2100.0,SiO,SF04-aba,Schaefer2004-MAGMA-valid.xlsx (no printed cell at this T),model_model_MAGMA,,-5.40183,,ungateable,live_VapoRock_JANAF_fO2=MAGMA_O2,No MAGMA printed T cell — not used as published-table anchor
2100.0,Fe,SF04-aba,Schaefer2004-MAGMA-valid.xlsx (no printed cell at this T),model_model_MAGMA,,-5.21237,,ungateable,live_VapoRock_JANAF_fO2=MAGMA_O2,No MAGMA printed T cell — not used as published-table anchor
2100.0,FeO,SF04-aba,Schaefer2004-MAGMA-valid.xlsx (no printed cell at this T),model_model_MAGMA,,-5.4135,,ungateable,live_VapoRock_JANAF_fO2=MAGMA_O2,No MAGMA printed T cell — not used as published-table anchor
2100.0,Mg,SF04-aba,Schaefer2004-MAGMA-valid.xlsx (no printed cell at this T),model_model_MAGMA,,-6.49844,,ungateable,live_VapoRock_JANAF_fO2=MAGMA_O2,No MAGMA printed T cell — not used as published-table anchor
2100.0,O2,SF04-aba,Schaefer2004-MAGMA-valid.xlsx (no printed cell at this T),model_model_MAGMA,,-3.65789,,ungateable,live_VapoRock_JANAF_fO2=MAGMA_O2,No MAGMA printed T cell — not used as published-table anchor
2100.0,SiO2,SF04-aba,Schaefer2004-MAGMA-valid.xlsx (no printed cell at this T),model_model_MAGMA,,-6.38559,,ungateable,live_VapoRock_JANAF_fO2=MAGMA_O2,No MAGMA printed T cell — not used as published-table anchor
2125.0,Na,SF04-aba,Schaefer2004-MAGMA-valid.xlsx sheet=aba,model_model_MAGMA,-2.98248,-3.10942,-0.126941,pass,live_VapoRock_JANAF_fO2=MAGMA_O2,MAGMA-native printed grid cell; k=5 model-model; fO2 pinned to MAGMA O2(g) polyfit (SF04 notebook protocol)
2125.0,K,SF04-aba,Schaefer2004-MAGMA-valid.xlsx sheet=aba,model_model_MAGMA,-3.99767,-3.67293,0.324742,fail,live_VapoRock_JANAF_fO2=MAGMA_O2,MAGMA-native printed grid cell; k=5 model-model; fO2 pinned to MAGMA O2(g) polyfit (SF04 notebook protocol)
2125.0,SiO,SF04-aba,Schaefer2004-MAGMA-valid.xlsx sheet=aba,model_model_MAGMA,-6.10016,-5.22468,0.875478,fail,live_VapoRock_JANAF_fO2=MAGMA_O2,MAGMA-native printed grid cell; k=5 model-model; fO2 pinned to MAGMA O2(g) polyfit (SF04 notebook protocol)
2125.0,Fe,SF04-aba,Schaefer2004-MAGMA-valid.xlsx sheet=aba,model_model_MAGMA,-5.64026,-5.07865,0.561614,fail,live_VapoRock_JANAF_fO2=MAGMA_O2,MAGMA-native printed grid cell; k=5 model-model; fO2 pinned to MAGMA O2(g) polyfit (SF04 notebook protocol)
2125.0,FeO,SF04-aba,Schaefer2004-MAGMA-valid.xlsx sheet=aba,model_model_MAGMA,-5.79236,-5.28287,0.509493,fail,live_VapoRock_JANAF_fO2=MAGMA_O2,MAGMA-native printed grid cell; k=5 model-model; fO2 pinned to MAGMA O2(g) polyfit (SF04 notebook protocol)
2125.0,Mg,SF04-aba,Schaefer2004-MAGMA-valid.xlsx sheet=aba,model_model_MAGMA,-6.69232,-6.34014,0.352181,fail,live_VapoRock_JANAF_fO2=MAGMA_O2,MAGMA-native printed grid cell; k=5 model-model; fO2 pinned to MAGMA O2(g) polyfit (SF04 notebook protocol)
2125.0,O2,SF04-aba,Schaefer2004-MAGMA-valid.xlsx sheet=aba,model_model_MAGMA,-3.56349,-3.56347,1.86647e-05,pass,live_VapoRock_JANAF_fO2=MAGMA_O2,MAGMA-native printed grid cell; k=5 model-model; fO2 pinned to MAGMA O2(g) polyfit (SF04 notebook protocol)
2125.0,SiO2,SF04-aba,Schaefer2004-MAGMA-valid.xlsx sheet=aba,model_model_MAGMA,-6.60966,-6.21877,0.390893,fail,live_VapoRock_JANAF_fO2=MAGMA_O2,MAGMA-native printed grid cell; k=5 model-model; fO2 pinned to MAGMA O2(g) polyfit (SF04 notebook protocol)
2200.0,Na,SF04-aba,Schaefer2004-MAGMA-valid.xlsx (no printed cell at this T),model_model_MAGMA,,-2.83278,,ungateable,live_VapoRock_JANAF_fO2=MAGMA_O2,No MAGMA printed T cell — not used as published-table anchor
2200.0,K,SF04-aba,Schaefer2004-MAGMA-valid.xlsx (no printed cell at this T),model_model_MAGMA,,-3.3838,,ungateable,live_VapoRock_JANAF_fO2=MAGMA_O2,No MAGMA printed T cell — not used as published-table anchor
2200.0,SiO,SF04-aba,Schaefer2004-MAGMA-valid.xlsx (no printed cell at this T),model_model_MAGMA,,-4.71803,,ungateable,live_VapoRock_JANAF_fO2=MAGMA_O2,No MAGMA printed T cell — not used as published-table anchor
2200.0,Fe,SF04-aba,Schaefer2004-MAGMA-valid.xlsx (no printed cell at this T),model_model_MAGMA,,-4.69684,,ungateable,live_VapoRock_JANAF_fO2=MAGMA_O2,No MAGMA printed T cell — not used as published-table anchor
2200.0,FeO,SF04-aba,Schaefer2004-MAGMA-valid.xlsx (no printed cell at this T),model_model_MAGMA,,-4.91048,,ungateable,live_VapoRock_JANAF_fO2=MAGMA_O2,No MAGMA printed T cell — not used as published-table anchor
2200.0,Mg,SF04-aba,Schaefer2004-MAGMA-valid.xlsx (no printed cell at this T),model_model_MAGMA,,-5.88868,,ungateable,live_VapoRock_JANAF_fO2=MAGMA_O2,No MAGMA printed T cell — not used as published-table anchor
2200.0,O2,SF04-aba,Schaefer2004-MAGMA-valid.xlsx (no printed cell at this T),model_model_MAGMA,,-3.29393,,ungateable,live_VapoRock_JANAF_fO2=MAGMA_O2,No MAGMA printed T cell — not used as published-table anchor
2200.0,SiO2,SF04-aba,Schaefer2004-MAGMA-valid.xlsx (no printed cell at this T),model_model_MAGMA,,-5.74189,,ungateable,live_VapoRock_JANAF_fO2=MAGMA_O2,No MAGMA printed T cell — not used as published-table anchor
2250.0,Na,SF04-aba,Schaefer2004-MAGMA-valid.xlsx sheet=aba,model_model_MAGMA,-2.5371,-2.65906,-0.121955,pass,live_VapoRock_JANAF_fO2=MAGMA_O2,MAGMA-native printed grid cell; k=5 model-model; fO2 pinned to MAGMA O2(g) polyfit (SF04 notebook protocol)
2250.0,K,SF04-aba,Schaefer2004-MAGMA-valid.xlsx sheet=aba,model_model_MAGMA,-3.57121,-3.20223,0.368977,fail,live_VapoRock_JANAF_fO2=MAGMA_O2,MAGMA-native printed grid cell; k=5 model-model; fO2 pinned to MAGMA O2(g) polyfit (SF04 notebook protocol)
2250.0,SiO,SF04-aba,Schaefer2004-MAGMA-valid.xlsx sheet=aba,model_model_MAGMA,-5.23724,-4.3995,0.837741,fail,live_VapoRock_JANAF_fO2=MAGMA_O2,MAGMA-native printed grid cell; k=5 model-model; fO2 pinned to MAGMA O2(g) polyfit (SF04 notebook protocol)
2250.0,Fe,SF04-aba,Schaefer2004-MAGMA-valid.xlsx sheet=aba,model_model_MAGMA,-5.01339,-4.4573,0.556093,fail,live_VapoRock_JANAF_fO2=MAGMA_O2,MAGMA-native printed grid cell; k=5 model-model; fO2 pinned to MAGMA O2(g) polyfit (SF04 notebook protocol)
2250.0,FeO,SF04-aba,Schaefer2004-MAGMA-valid.xlsx sheet=aba,model_model_MAGMA,-5.20123,-4.67738,0.523851,fail,live_VapoRock_JANAF_fO2=MAGMA_O2,MAGMA-native printed grid cell; k=5 model-model; fO2 pinned to MAGMA O2(g) polyfit (SF04 notebook protocol)
2250.0,Mg,SF04-aba,Schaefer2004-MAGMA-valid.xlsx sheet=aba,model_model_MAGMA,-5.97469,-5.60589,0.3688,fail,live_VapoRock_JANAF_fO2=MAGMA_O2,MAGMA-native printed grid cell; k=5 model-model; fO2 pinned to MAGMA O2(g) polyfit (SF04 notebook protocol)
2250.0,O2,SF04-aba,Schaefer2004-MAGMA-valid.xlsx sheet=aba,model_model_MAGMA,-3.125,-3.12491,8.61462e-05,pass,live_VapoRock_JANAF_fO2=MAGMA_O2,MAGMA-native printed grid cell; k=5 model-model; fO2 pinned to MAGMA O2(g) polyfit (SF04 notebook protocol)
2250.0,SiO2,SF04-aba,Schaefer2004-MAGMA-valid.xlsx sheet=aba,model_model_MAGMA,-5.83301,-5.4423,0.390708,fail,live_VapoRock_JANAF_fO2=MAGMA_O2,MAGMA-native printed grid cell; k=5 model-model; fO2 pinned to MAGMA O2(g) polyfit (SF04 notebook protocol)
2500.0,Na,SF04-aba,Schaefer2004-MAGMA-valid.xlsx sheet=aba,model_model_MAGMA,-1.7876,-1.89978,-0.112182,pass,live_VapoRock_JANAF_fO2=MAGMA_O2,MAGMA-native printed grid cell; k=5 model-model; fO2 pinned to MAGMA O2(g) polyfit (SF04 notebook protocol)
2500.0,K,SF04-aba,Schaefer2004-MAGMA-valid.xlsx sheet=aba,model_model_MAGMA,-2.8557,-2.40863,0.447069,fail,live_VapoRock_JANAF_fO2=MAGMA_O2,MAGMA-native printed grid cell; k=5 model-model; fO2 pinned to MAGMA O2(g) polyfit (SF04 notebook protocol)
2500.0,SiO,SF04-aba,Schaefer2004-MAGMA-valid.xlsx sheet=aba,model_model_MAGMA,-3.75403,-3.00368,0.750355,fail,live_VapoRock_JANAF_fO2=MAGMA_O2,MAGMA-native printed grid cell; k=5 model-model; fO2 pinned to MAGMA O2(g) polyfit (SF04 notebook protocol)
2500.0,Fe,SF04-aba,Schaefer2004-MAGMA-valid.xlsx sheet=aba,model_model_MAGMA,-3.94916,-3.41291,0.536249,fail,live_VapoRock_JANAF_fO2=MAGMA_O2,MAGMA-native printed grid cell; k=5 model-model; fO2 pinned to MAGMA O2(g) polyfit (SF04 notebook protocol)
2500.0,FeO,SF04-aba,Schaefer2004-MAGMA-valid.xlsx sheet=aba,model_model_MAGMA,-4.20123,-3.66552,0.535714,fail,live_VapoRock_JANAF_fO2=MAGMA_O2,MAGMA-native printed grid cell; k=5 model-model; fO2 pinned to MAGMA O2(g) polyfit (SF04 notebook protocol)
2500.0,Mg,SF04-aba,Schaefer2004-MAGMA-valid.xlsx sheet=aba,model_model_MAGMA,-4.7606,-4.37756,0.383043,pass,live_VapoRock_JANAF_fO2=MAGMA_O2,MAGMA-native printed grid cell; k=5 model-model; fO2 pinned to MAGMA O2(g) polyfit (SF04 notebook protocol)
2500.0,O2,SF04-aba,Schaefer2004-MAGMA-valid.xlsx sheet=aba,model_model_MAGMA,-2.38654,-2.38653,1.74988e-05,pass,live_VapoRock_JANAF_fO2=MAGMA_O2,MAGMA-native printed grid cell; k=5 model-model; fO2 pinned to MAGMA O2(g) polyfit (SF04 notebook protocol)
2500.0,SiO2,SF04-aba,Schaefer2004-MAGMA-valid.xlsx sheet=aba,model_model_MAGMA,-4.49994,-4.13081,0.36913,pass,live_VapoRock_JANAF_fO2=MAGMA_O2,MAGMA-native printed grid cell; k=5 model-model; fO2 pinned to MAGMA O2(g) polyfit (SF04 notebook protocol)
1500.0,Na,SF04-kom,Schaefer2004-MAGMA-valid.xlsx sheet=kom,model_model_MAGMA,-6.82636,-6.81405,0.0123162,ungateable,live_VapoRock_JANAF_fO2=MAGMA_O2,MAGMA-native printed grid cell; k=5 model-model; fO2 pinned to MAGMA O2(g) polyfit (SF04 notebook protocol)
1500.0,K,SF04-kom,Schaefer2004-MAGMA-valid.xlsx sheet=kom,model_model_MAGMA,-8.04397,-7.85479,0.189188,ungateable,live_VapoRock_JANAF_fO2=MAGMA_O2,MAGMA-native printed grid cell; k=5 model-model; fO2 pinned to MAGMA O2(g) polyfit (SF04 notebook protocol)
1500.0,SiO,SF04-kom,Schaefer2004-MAGMA-valid.xlsx sheet=kom,model_model_MAGMA,-12.1841,-11.1096,1.07449,ungateable,live_VapoRock_JANAF_fO2=MAGMA_O2,MAGMA-native printed grid cell; k=5 model-model; fO2 pinned to MAGMA O2(g) polyfit (SF04 notebook protocol)
1500.0,Fe,SF04-kom,Schaefer2004-MAGMA-valid.xlsx sheet=kom,model_model_MAGMA,-10.0924,-9.72048,0.371946,ungateable,live_VapoRock_JANAF_fO2=MAGMA_O2,MAGMA-native printed grid cell; k=5 model-model; fO2 pinned to MAGMA O2(g) polyfit (SF04 notebook protocol)
1500.0,FeO,SF04-kom,Schaefer2004-MAGMA-valid.xlsx sheet=kom,model_model_MAGMA,-10.2538,-10.0993,0.154552,ungateable,live_VapoRock_JANAF_fO2=MAGMA_O2,MAGMA-native printed grid cell; k=5 model-model; fO2 pinned to MAGMA O2(g) polyfit (SF04 notebook protocol)
1500.0,Mg,SF04-kom,Schaefer2004-MAGMA-valid.xlsx sheet=kom,model_model_MAGMA,-11.6144,-11.5844,0.0299382,ungateable,live_VapoRock_JANAF_fO2=MAGMA_O2,MAGMA-native printed grid cell; k=5 model-model; fO2 pinned to MAGMA O2(g) polyfit (SF04 notebook protocol)
1500.0,O2,SF04-kom,Schaefer2004-MAGMA-valid.xlsx sheet=kom,model_model_MAGMA,-7.40684,-7.40682,2.72325e-05,ungateable,live_VapoRock_JANAF_fO2=MAGMA_O2,MAGMA-native printed grid cell; k=5 model-model; fO2 pinned to MAGMA O2(g) polyfit (SF04 notebook protocol)
1500.0,SiO2,SF04-kom,Schaefer2004-MAGMA-valid.xlsx sheet=kom,model_model_MAGMA,-12.3239,-11.994,0.329931,ungateable,live_VapoRock_JANAF_fO2=MAGMA_O2,MAGMA-native printed grid cell; k=5 model-model; fO2 pinned to MAGMA O2(g) polyfit (SF04 notebook protocol)
1625.0,Na,SF04-kom,Schaefer2004-MAGMA-valid.xlsx sheet=kom,model_model_MAGMA,-5.94171,-5.90253,0.0391787,ungateable,live_VapoRock_JANAF_fO2=MAGMA_O2,MAGMA-native printed grid cell; k=5 model-model; fO2 pinned to MAGMA O2(g) polyfit (SF04 notebook protocol)
1625.0,K,SF04-kom,Schaefer2004-MAGMA-valid.xlsx sheet=kom,model_model_MAGMA,-7.13768,-6.90698,0.230693,ungateable,live_VapoRock_JANAF_fO2=MAGMA_O2,MAGMA-native printed grid cell; k=5 model-model; fO2 pinned to MAGMA O2(g) polyfit (SF04 notebook protocol)
1625.0,SiO,SF04-kom,Schaefer2004-MAGMA-valid.xlsx sheet=kom,model_model_MAGMA,-10.585,-9.47205,1.11299,ungateable,live_VapoRock_JANAF_fO2=MAGMA_O2,MAGMA-native printed grid cell; k=5 model-model; fO2 pinned to MAGMA O2(g) polyfit (SF04 notebook protocol)
1625.0,Fe,SF04-kom,Schaefer2004-MAGMA-valid.xlsx sheet=kom,model_model_MAGMA,-8.86861,-8.43483,0.433784,ungateable,live_VapoRock_JANAF_fO2=MAGMA_O2,MAGMA-native printed grid cell; k=5 model-model; fO2 pinned to MAGMA O2(g) polyfit (SF04 notebook protocol)
1625.0,FeO,SF04-kom,Schaefer2004-MAGMA-valid.xlsx sheet=kom,model_model_MAGMA,-9.08857,-8.827,0.261569,ungateable,live_VapoRock_JANAF_fO2=MAGMA_O2,MAGMA-native printed grid cell; k=5 model-model; fO2 pinned to MAGMA O2(g) polyfit (SF04 notebook protocol)
1625.0,Mg,SF04-kom,Schaefer2004-MAGMA-valid.xlsx sheet=kom,model_model_MAGMA,-10.1506,-10.059,0.0915779,ungateable,live_VapoRock_JANAF_fO2=MAGMA_O2,MAGMA-native printed grid cell; k=5 model-model; fO2 pinned to MAGMA O2(g) polyfit (SF04 notebook protocol)
1625.0,O2,SF04-kom,Schaefer2004-MAGMA-valid.xlsx sheet=kom,model_model_MAGMA,-6.52361,-6.52372,-0.000118174,ungateable,live_VapoRock_JANAF_fO2=MAGMA_O2,MAGMA-native printed grid cell; k=5 model-model; fO2 pinned to MAGMA O2(g) polyfit (SF04 notebook protocol)
1625.0,SiO2,SF04-kom,Schaefer2004-MAGMA-valid.xlsx sheet=kom,model_model_MAGMA,-10.8825,-10.4492,0.433327,ungateable,live_VapoRock_JANAF_fO2=MAGMA_O2,MAGMA-native printed grid cell; k=5 model-model; fO2 pinned to MAGMA O2(g) polyfit (SF04 notebook protocol)
1750.0,Na,SF04-kom,Schaefer2004-MAGMA-valid.xlsx sheet=kom,model_model_MAGMA,-5.17614,-5.12815,0.0479931,fail,live_VapoRock_JANAF_fO2=MAGMA_O2,MAGMA-native printed grid cell; k=5 model-model; fO2 pinned to MAGMA O2(g) polyfit (SF04 notebook protocol)
1750.0,K,SF04-kom,Schaefer2004-MAGMA-valid.xlsx sheet=kom,model_model_MAGMA,-6.37371,-6.10178,0.271929,fail,live_VapoRock_JANAF_fO2=MAGMA_O2,MAGMA-native printed grid cell; k=5 model-model; fO2 pinned to MAGMA O2(g) polyfit (SF04 notebook protocol)
1750.0,SiO,SF04-kom,Schaefer2004-MAGMA-valid.xlsx sheet=kom,model_model_MAGMA,-9.2022,-8.07858,1.12362,fail,live_VapoRock_JANAF_fO2=MAGMA_O2,MAGMA-native printed grid cell; k=5 model-model; fO2 pinned to MAGMA O2(g) polyfit (SF04 notebook protocol)
1750.0,Fe,SF04-kom,Schaefer2004-MAGMA-valid.xlsx sheet=kom,model_model_MAGMA,-7.82468,-7.34657,0.478114,fail,live_VapoRock_JANAF_fO2=MAGMA_O2,MAGMA-native printed grid cell; k=5 model-model; fO2 pinned to MAGMA O2(g) polyfit (SF04 notebook protocol)
1750.0,FeO,SF04-kom,Schaefer2004-MAGMA-valid.xlsx sheet=kom,model_model_MAGMA,-8.09237,-7.74849,0.343879,fail,live_VapoRock_JANAF_fO2=MAGMA_O2,MAGMA-native printed grid cell; k=5 model-model; fO2 pinned to MAGMA O2(g) polyfit (SF04 notebook protocol)
1750.0,Mg,SF04-kom,Schaefer2004-MAGMA-valid.xlsx sheet=kom,model_model_MAGMA,-8.9041,-8.7701,0.133997,fail,live_VapoRock_JANAF_fO2=MAGMA_O2,MAGMA-native printed grid cell; k=5 model-model; fO2 pinned to MAGMA O2(g) polyfit (SF04 notebook protocol)
1750.0,O2,SF04-kom,Schaefer2004-MAGMA-valid.xlsx sheet=kom,model_model_MAGMA,-5.76165,-5.76149,0.00016089,pass,live_VapoRock_JANAF_fO2=MAGMA_O2,MAGMA-native printed grid cell; k=5 model-model; fO2 pinned to MAGMA O2(g) polyfit (SF04 notebook protocol)
1750.0,SiO2,SF04-kom,Schaefer2004-MAGMA-valid.xlsx sheet=kom,model_model_MAGMA,-9.63237,-9.13106,0.501308,fail,live_VapoRock_JANAF_fO2=MAGMA_O2,MAGMA-native printed grid cell; k=5 model-model; fO2 pinned to MAGMA O2(g) polyfit (SF04 notebook protocol)
1875.0,Na,SF04-kom,Schaefer2004-MAGMA-valid.xlsx sheet=kom,model_model_MAGMA,-4.50724,-4.46258,0.0446567,pass,live_VapoRock_JANAF_fO2=MAGMA_O2,MAGMA-native printed grid cell; k=5 model-model; fO2 pinned to MAGMA O2(g) polyfit (SF04 notebook protocol)
1875.0,K,SF04-kom,Schaefer2004-MAGMA-valid.xlsx sheet=kom,model_model_MAGMA,-5.72164,-5.41289,0.308749,fail,live_VapoRock_JANAF_fO2=MAGMA_O2,MAGMA-native printed grid cell; k=5 model-model; fO2 pinned to MAGMA O2(g) polyfit (SF04 notebook protocol)
1875.0,SiO,SF04-kom,Schaefer2004-MAGMA-valid.xlsx sheet=kom,model_model_MAGMA,-7.99319,-6.87877,1.11442,fail,live_VapoRock_JANAF_fO2=MAGMA_O2,MAGMA-native printed grid cell; k=5 model-model; fO2 pinned to MAGMA O2(g) polyfit (SF04 notebook protocol)
1875.0,Fe,SF04-kom,Schaefer2004-MAGMA-valid.xlsx sheet=kom,model_model_MAGMA,-6.92418,-6.41439,0.509791,fail,live_VapoRock_JANAF_fO2=MAGMA_O2,MAGMA-native printed grid cell; k=5 model-model; fO2 pinned to MAGMA O2(g) polyfit (SF04 notebook protocol)
1875.0,FeO,SF04-kom,Schaefer2004-MAGMA-valid.xlsx sheet=kom,model_model_MAGMA,-7.23157,-6.82416,0.407401,fail,live_VapoRock_JANAF_fO2=MAGMA_O2,MAGMA-native printed grid cell; k=5 model-model; fO2 pinned to MAGMA O2(g) polyfit (SF04 notebook protocol)
1875.0,Mg,SF04-kom,Schaefer2004-MAGMA-valid.xlsx sheet=kom,model_model_MAGMA,-7.83135,-7.66833,0.163023,fail,live_VapoRock_JANAF_fO2=MAGMA_O2,MAGMA-native printed grid cell; k=5 model-model; fO2 pinned to MAGMA O2(g) polyfit (SF04 notebook protocol)
1875.0,O2,SF04-kom,Schaefer2004-MAGMA-valid.xlsx sheet=kom,model_model_MAGMA,-5.09797,-5.09796,1.08763e-05,pass,live_VapoRock_JANAF_fO2=MAGMA_O2,MAGMA-native printed grid cell; k=5 model-model; fO2 pinned to MAGMA O2(g) polyfit (SF04 notebook protocol)
1875.0,SiO2,SF04-kom,Schaefer2004-MAGMA-valid.xlsx sheet=kom,model_model_MAGMA,-8.5367,-7.99378,0.542921,fail,live_VapoRock_JANAF_fO2=MAGMA_O2,MAGMA-native printed grid cell; k=5 model-model; fO2 pinned to MAGMA O2(g) polyfit (SF04 notebook protocol)
1900.0,Na,SF04-kom,Schaefer2004-MAGMA-valid.xlsx sheet=kom,model_model_MAGMA,-4.38361,-4.34056,0.0430551,pass,live_VapoRock_JANAF_fO2=MAGMA_O2,MAGMA-native printed grid cell; k=5 model-model; fO2 pinned to MAGMA O2(g) polyfit (SF04 notebook protocol)
1900.0,K,SF04-kom,Schaefer2004-MAGMA-valid.xlsx sheet=kom,model_model_MAGMA,-5.60255,-5.28609,0.316462,fail,live_VapoRock_JANAF_fO2=MAGMA_O2,MAGMA-native printed grid cell; k=5 model-model; fO2 pinned to MAGMA O2(g) polyfit (SF04 notebook protocol)
1900.0,SiO,SF04-kom,Schaefer2004-MAGMA-valid.xlsx sheet=kom,model_model_MAGMA,-7.76926,-6.65856,1.1107,fail,live_VapoRock_JANAF_fO2=MAGMA_O2,MAGMA-native printed grid cell; k=5 model-model; fO2 pinned to MAGMA O2(g) polyfit (SF04 notebook protocol)
1900.0,Fe,SF04-kom,Schaefer2004-MAGMA-valid.xlsx sheet=kom,model_model_MAGMA,-6.75873,-6.24382,0.514906,fail,live_VapoRock_JANAF_fO2=MAGMA_O2,MAGMA-native printed grid cell; k=5 model-model; fO2 pinned to MAGMA O2(g) polyfit (SF04 notebook protocol)
1900.0,FeO,SF04-kom,Schaefer2004-MAGMA-valid.xlsx sheet=kom,model_model_MAGMA,-7.07333,-6.65506,0.418272,fail,live_VapoRock_JANAF_fO2=MAGMA_O2,MAGMA-native printed grid cell; k=5 model-model; fO2 pinned to MAGMA O2(g) polyfit (SF04 notebook protocol)
1900.0,Mg,SF04-kom,Schaefer2004-MAGMA-valid.xlsx sheet=kom,model_model_MAGMA,-7.63454,-7.46701,0.167533,fail,live_VapoRock_JANAF_fO2=MAGMA_O2,MAGMA-native printed grid cell; k=5 model-model; fO2 pinned to MAGMA O2(g) polyfit (SF04 notebook protocol)
1900.0,O2,SF04-kom,Schaefer2004-MAGMA-valid.xlsx sheet=kom,model_model_MAGMA,-4.97552,-4.97556,-3.19571e-05,pass,live_VapoRock_JANAF_fO2=MAGMA_O2,MAGMA-native printed grid cell; k=5 model-model; fO2 pinned to MAGMA O2(g) polyfit (SF04 notebook protocol)
1900.0,SiO2,SF04-kom,Schaefer2004-MAGMA-valid.xlsx sheet=kom,model_model_MAGMA,-8.33355,-7.78485,0.548699,fail,live_VapoRock_JANAF_fO2=MAGMA_O2,MAGMA-native printed grid cell; k=5 model-model; fO2 pinned to MAGMA O2(g) polyfit (SF04 notebook protocol)
2000.0,Na,SF04-kom,Schaefer2004-MAGMA-valid.xlsx sheet=kom,model_model_MAGMA,-3.91958,-3.88464,0.0349483,pass,live_VapoRock_JANAF_fO2=MAGMA_O2,MAGMA-native printed grid cell; k=5 model-model; fO2 pinned to MAGMA O2(g) polyfit (SF04 notebook protocol)
2000.0,K,SF04-kom,Schaefer2004-MAGMA-valid.xlsx sheet=kom,model_model_MAGMA,-5.15884,-4.8123,0.346536,fail,live_VapoRock_JANAF_fO2=MAGMA_O2,MAGMA-native printed grid cell; k=5 model-model; fO2 pinned to MAGMA O2(g) polyfit (SF04 notebook protocol)
2000.0,SiO,SF04-kom,Schaefer2004-MAGMA-valid.xlsx sheet=kom,model_model_MAGMA,-6.92567,-5.83493,1.09074,fail,live_VapoRock_JANAF_fO2=MAGMA_O2,MAGMA-native printed grid cell; k=5 model-model; fO2 pinned to MAGMA O2(g) polyfit (SF04 notebook protocol)
2000.0,Fe,SF04-kom,Schaefer2004-MAGMA-valid.xlsx sheet=kom,model_model_MAGMA,-6.13936,-5.6074,0.531958,fail,live_VapoRock_JANAF_fO2=MAGMA_O2,MAGMA-native printed grid cell; k=5 model-model; fO2 pinned to MAGMA O2(g) polyfit (SF04 notebook protocol)
2000.0,FeO,SF04-kom,Schaefer2004-MAGMA-valid.xlsx sheet=kom,model_model_MAGMA,-6.48104,-6.02443,0.456618,fail,live_VapoRock_JANAF_fO2=MAGMA_O2,MAGMA-native printed grid cell; k=5 model-model; fO2 pinned to MAGMA O2(g) polyfit (SF04 notebook protocol)
2000.0,Mg,SF04-kom,Schaefer2004-MAGMA-valid.xlsx sheet=kom,model_model_MAGMA,-6.89868,-6.71677,0.181911,pass,live_VapoRock_JANAF_fO2=MAGMA_O2,MAGMA-native printed grid cell; k=5 model-model; fO2 pinned to MAGMA O2(g) polyfit (SF04 notebook protocol)
2000.0,O2,SF04-kom,Schaefer2004-MAGMA-valid.xlsx sheet=kom,model_model_MAGMA,-4.51637,-4.51649,-0.000115511,pass,live_VapoRock_JANAF_fO2=MAGMA_O2,MAGMA-native printed grid cell; k=5 model-model; fO2 pinned to MAGMA O2(g) polyfit (SF04 notebook protocol)
2000.0,SiO2,SF04-kom,Schaefer2004-MAGMA-valid.xlsx sheet=kom,model_model_MAGMA,-7.56791,-7.00308,0.564834,fail,live_VapoRock_JANAF_fO2=MAGMA_O2,MAGMA-native printed grid cell; k=5 model-model; fO2 pinned to MAGMA O2(g) polyfit (SF04 notebook protocol)
2100.0,Na,SF04-kom,Schaefer2004-MAGMA-valid.xlsx (no printed cell at this T),model_model_MAGMA,,-3.47438,,ungateable,live_VapoRock_JANAF_fO2=MAGMA_O2,No MAGMA printed T cell — not used as published-table anchor
2100.0,K,SF04-kom,Schaefer2004-MAGMA-valid.xlsx (no printed cell at this T),model_model_MAGMA,,-4.38598,,ungateable,live_VapoRock_JANAF_fO2=MAGMA_O2,No MAGMA printed T cell — not used as published-table anchor
2100.0,SiO,SF04-kom,Schaefer2004-MAGMA-valid.xlsx (no printed cell at this T),model_model_MAGMA,,-5.09259,,ungateable,live_VapoRock_JANAF_fO2=MAGMA_O2,No MAGMA printed T cell — not used as published-table anchor
2100.0,Fe,SF04-kom,Schaefer2004-MAGMA-valid.xlsx (no printed cell at this T),model_model_MAGMA,,-5.03595,,ungateable,live_VapoRock_JANAF_fO2=MAGMA_O2,No MAGMA printed T cell — not used as published-table anchor
2100.0,FeO,SF04-kom,Schaefer2004-MAGMA-valid.xlsx (no printed cell at this T),model_model_MAGMA,,-5.459,,ungateable,live_VapoRock_JANAF_fO2=MAGMA_O2,No MAGMA printed T cell — not used as published-table anchor
2100.0,Mg,SF04-kom,Schaefer2004-MAGMA-valid.xlsx (no printed cell at this T),model_model_MAGMA,,-6.04455,,ungateable,live_VapoRock_JANAF_fO2=MAGMA_O2,No MAGMA printed T cell — not used as published-table anchor
2100.0,O2,SF04-kom,Schaefer2004-MAGMA-valid.xlsx (no printed cell at this T),model_model_MAGMA,,-4.10172,,ungateable,live_VapoRock_JANAF_fO2=MAGMA_O2,No MAGMA printed T cell — not used as published-table anchor
2100.0,SiO2,SF04-kom,Schaefer2004-MAGMA-valid.xlsx (no printed cell at this T),model_model_MAGMA,,-6.29827,,ungateable,live_VapoRock_JANAF_fO2=MAGMA_O2,No MAGMA printed T cell — not used as published-table anchor
2125.0,Na,SF04-kom,Schaefer2004-MAGMA-valid.xlsx sheet=kom,model_model_MAGMA,-3.40164,-3.37816,0.0234833,pass,live_VapoRock_JANAF_fO2=MAGMA_O2,MAGMA-native printed grid cell; k=5 model-model; fO2 pinned to MAGMA O2(g) polyfit (SF04 notebook protocol)
2125.0,K,SF04-kom,Schaefer2004-MAGMA-valid.xlsx sheet=kom,model_model_MAGMA,-4.66837,-4.286,0.382368,fail,live_VapoRock_JANAF_fO2=MAGMA_O2,MAGMA-native printed grid cell; k=5 model-model; fO2 pinned to MAGMA O2(g) polyfit (SF04 notebook protocol)
2125.0,SiO,SF04-kom,Schaefer2004-MAGMA-valid.xlsx sheet=kom,model_model_MAGMA,-5.97498,-4.9183,1.05668,fail,live_VapoRock_JANAF_fO2=MAGMA_O2,MAGMA-native printed grid cell; k=5 model-model; fO2 pinned to MAGMA O2(g) polyfit (SF04 notebook protocol)
2125.0,Fe,SF04-kom,Schaefer2004-MAGMA-valid.xlsx sheet=kom,model_model_MAGMA,-5.44878,-4.90209,0.54669,fail,live_VapoRock_JANAF_fO2=MAGMA_O2,MAGMA-native printed grid cell; k=5 model-model; fO2 pinned to MAGMA O2(g) polyfit (SF04 notebook protocol)
2125.0,FeO,SF04-kom,Schaefer2004-MAGMA-valid.xlsx sheet=kom,model_model_MAGMA,-5.82129,-5.32672,0.494569,fail,live_VapoRock_JANAF_fO2=MAGMA_O2,MAGMA-native printed grid cell; k=5 model-model; fO2 pinned to MAGMA O2(g) polyfit (SF04 notebook protocol)
2125.0,Mg,SF04-kom,Schaefer2004-MAGMA-valid.xlsx sheet=kom,model_model_MAGMA,-6.08013,-5.88732,0.192809,pass,live_VapoRock_JANAF_fO2=MAGMA_O2,MAGMA-native printed grid cell; k=5 model-model; fO2 pinned to MAGMA O2(g) polyfit (SF04 notebook protocol)
2125.0,O2,SF04-kom,Schaefer2004-MAGMA-valid.xlsx sheet=kom,model_model_MAGMA,-4.00432,-4.0043,1.85701e-05,pass,live_VapoRock_JANAF_fO2=MAGMA_O2,MAGMA-native printed grid cell; k=5 model-model; fO2 pinned to MAGMA O2(g) polyfit (SF04 notebook protocol)
2125.0,SiO2,SF04-kom,Schaefer2004-MAGMA-valid.xlsx sheet=kom,model_model_MAGMA,-6.7049,-6.1328,0.572097,fail,live_VapoRock_JANAF_fO2=MAGMA_O2,MAGMA-native printed grid cell; k=5 model-model; fO2 pinned to MAGMA O2(g) polyfit (SF04 notebook protocol)
2200.0,Na,SF04-kom,Schaefer2004-MAGMA-valid.xlsx (no printed cell at this T),model_model_MAGMA,,-3.10329,,ungateable,live_VapoRock_JANAF_fO2=MAGMA_O2,No MAGMA printed T cell — not used as published-table anchor
2200.0,K,SF04-kom,Schaefer2004-MAGMA-valid.xlsx (no printed cell at this T),model_model_MAGMA,,-4.00037,,ungateable,live_VapoRock_JANAF_fO2=MAGMA_O2,No MAGMA printed T cell — not used as published-table anchor
2200.0,SiO,SF04-kom,Schaefer2004-MAGMA-valid.xlsx (no printed cell at this T),model_model_MAGMA,,-4.41998,,ungateable,live_VapoRock_JANAF_fO2=MAGMA_O2,No MAGMA printed T cell — not used as published-table anchor
2200.0,Fe,SF04-kom,Schaefer2004-MAGMA-valid.xlsx (no printed cell at this T),model_model_MAGMA,,-4.52003,,ungateable,live_VapoRock_JANAF_fO2=MAGMA_O2,No MAGMA printed T cell — not used as published-table anchor
2200.0,FeO,SF04-kom,Schaefer2004-MAGMA-valid.xlsx (no printed cell at this T),model_model_MAGMA,,-4.94963,,ungateable,live_VapoRock_JANAF_fO2=MAGMA_O2,No MAGMA printed T cell — not used as published-table anchor
2200.0,Mg,SF04-kom,Schaefer2004-MAGMA-valid.xlsx (no printed cell at this T),model_model_MAGMA,,-5.43909,,ungateable,live_VapoRock_JANAF_fO2=MAGMA_O2,No MAGMA printed T cell — not used as published-table anchor
2200.0,O2,SF04-kom,Schaefer2004-MAGMA-valid.xlsx (no printed cell at this T),model_model_MAGMA,,-3.72583,,ungateable,live_VapoRock_JANAF_fO2=MAGMA_O2,No MAGMA printed T cell — not used as published-table anchor
2200.0,SiO2,SF04-kom,Schaefer2004-MAGMA-valid.xlsx (no printed cell at this T),model_model_MAGMA,,-5.6598,,ungateable,live_VapoRock_JANAF_fO2=MAGMA_O2,No MAGMA printed T cell — not used as published-table anchor
2250.0,Na,SF04-kom,Schaefer2004-MAGMA-valid.xlsx sheet=kom,model_model_MAGMA,-2.94406,-2.93076,0.0132996,pass,live_VapoRock_JANAF_fO2=MAGMA_O2,MAGMA-native printed grid cell; k=5 model-model; fO2 pinned to MAGMA O2(g) polyfit (SF04 notebook protocol)
2250.0,K,SF04-kom,Schaefer2004-MAGMA-valid.xlsx sheet=kom,model_model_MAGMA,-4.23749,-3.82109,0.416395,fail,live_VapoRock_JANAF_fO2=MAGMA_O2,MAGMA-native printed grid cell; k=5 model-model; fO2 pinned to MAGMA O2(g) polyfit (SF04 notebook protocol)
2250.0,SiO,SF04-kom,Schaefer2004-MAGMA-valid.xlsx sheet=kom,model_model_MAGMA,-5.1224,-4.10685,1.01554,fail,live_VapoRock_JANAF_fO2=MAGMA_O2,MAGMA-native printed grid cell; k=5 model-model; fO2 pinned to MAGMA O2(g) polyfit (SF04 notebook protocol)
2250.0,Fe,SF04-kom,Schaefer2004-MAGMA-valid.xlsx sheet=kom,model_model_MAGMA,-4.83601,-4.2805,0.555518,fail,live_VapoRock_JANAF_fO2=MAGMA_O2,MAGMA-native printed grid cell; k=5 model-model; fO2 pinned to MAGMA O2(g) polyfit (SF04 notebook protocol)
2250.0,FeO,SF04-kom,Schaefer2004-MAGMA-valid.xlsx sheet=kom,model_model_MAGMA,-5.23686,-4.71356,0.523296,fail,live_VapoRock_JANAF_fO2=MAGMA_O2,MAGMA-native printed grid cell; k=5 model-model; fO2 pinned to MAGMA O2(g) polyfit (SF04 notebook protocol)
2250.0,Mg,SF04-kom,Schaefer2004-MAGMA-valid.xlsx sheet=kom,model_model_MAGMA,-5.3559,-5.15848,0.197417,pass,live_VapoRock_JANAF_fO2=MAGMA_O2,MAGMA-native printed grid cell; k=5 model-model; fO2 pinned to MAGMA O2(g) polyfit (SF04 notebook protocol)
2250.0,O2,SF04-kom,Schaefer2004-MAGMA-valid.xlsx sheet=kom,model_model_MAGMA,-3.55102,-3.55089,0.000125838,pass,live_VapoRock_JANAF_fO2=MAGMA_O2,MAGMA-native printed grid cell; k=5 model-model; fO2 pinned to MAGMA O2(g) polyfit (SF04 notebook protocol)
2250.0,SiO2,SF04-kom,Schaefer2004-MAGMA-valid.xlsx sheet=kom,model_model_MAGMA,-5.93117,-5.36264,0.56853,fail,live_VapoRock_JANAF_fO2=MAGMA_O2,MAGMA-native printed grid cell; k=5 model-model; fO2 pinned to MAGMA O2(g) polyfit (SF04 notebook protocol)
2500.0,Na,SF04-kom,Schaefer2004-MAGMA-valid.xlsx sheet=kom,model_model_MAGMA,-2.17982,-2.17838,0.001444,pass,live_VapoRock_JANAF_fO2=MAGMA_O2,MAGMA-native printed grid cell; k=5 model-model; fO2 pinned to MAGMA O2(g) polyfit (SF04 notebook protocol)
2500.0,K,SF04-kom,Schaefer2004-MAGMA-valid.xlsx sheet=kom,model_model_MAGMA,-3.51834,-3.03919,0.479149,fail,live_VapoRock_JANAF_fO2=MAGMA_O2,MAGMA-native printed grid cell; k=5 model-model; fO2 pinned to MAGMA O2(g) polyfit (SF04 notebook protocol)
2500.0,SiO,SF04-kom,Schaefer2004-MAGMA-valid.xlsx sheet=kom,model_model_MAGMA,-3.65898,-2.73809,0.920891,fail,live_VapoRock_JANAF_fO2=MAGMA_O2,MAGMA-native printed grid cell; k=5 model-model; fO2 pinned to MAGMA O2(g) polyfit (SF04 notebook protocol)
2500.0,Fe,SF04-kom,Schaefer2004-MAGMA-valid.xlsx sheet=kom,model_model_MAGMA,-3.7986,-3.2394,0.559197,fail,live_VapoRock_JANAF_fO2=MAGMA_O2,MAGMA-native printed grid cell; k=5 model-model; fO2 pinned to MAGMA O2(g) polyfit (SF04 notebook protocol)
2500.0,FeO,SF04-kom,Schaefer2004-MAGMA-valid.xlsx sheet=kom,model_model_MAGMA,-4.24733,-3.68867,0.558665,fail,live_VapoRock_JANAF_fO2=MAGMA_O2,MAGMA-native printed grid cell; k=5 model-model; fO2 pinned to MAGMA O2(g) polyfit (SF04 notebook protocol)
2500.0,Mg,SF04-kom,Schaefer2004-MAGMA-valid.xlsx sheet=kom,model_model_MAGMA,-4.13506,-3.94306,0.192003,pass,live_VapoRock_JANAF_fO2=MAGMA_O2,MAGMA-native printed grid cell; k=5 model-model; fO2 pinned to MAGMA O2(g) polyfit (SF04 notebook protocol)
2500.0,O2,SF04-kom,Schaefer2004-MAGMA-valid.xlsx sheet=kom,model_model_MAGMA,-2.77987,-2.77984,2.45456e-05,pass,live_VapoRock_JANAF_fO2=MAGMA_O2,MAGMA-native printed grid cell; k=5 model-model; fO2 pinned to MAGMA O2(g) polyfit (SF04 notebook protocol)
2500.0,SiO2,SF04-kom,Schaefer2004-MAGMA-valid.xlsx sheet=kom,model_model_MAGMA,-4.60155,-4.06188,0.53967,fail,live_VapoRock_JANAF_fO2=MAGMA_O2,MAGMA-native printed grid cell; k=5 model-model; fO2 pinned to MAGMA O2(g) polyfit (SF04 notebook protocol)
1500.0,Na,SF04-dun,Schaefer2004-MAGMA-valid.xlsx sheet=dun,model_model_MAGMA,-6.1348,-6.56714,-0.432342,ungateable,live_VapoRock_JANAF_fO2=MAGMA_O2,MAGMA-native printed grid cell; k=5 model-model; fO2 pinned to MAGMA O2(g) polyfit (SF04 notebook protocol)
1500.0,K,SF04-dun,Schaefer2004-MAGMA-valid.xlsx sheet=dun,model_model_MAGMA,-6.69929,-6.42538,0.273913,ungateable,live_VapoRock_JANAF_fO2=MAGMA_O2,MAGMA-native printed grid cell; k=5 model-model; fO2 pinned to MAGMA O2(g) polyfit (SF04 notebook protocol)
1500.0,SiO,SF04-dun,Schaefer2004-MAGMA-valid.xlsx sheet=dun,model_model_MAGMA,-13.1341,-12.1887,0.945381,ungateable,live_VapoRock_JANAF_fO2=MAGMA_O2,MAGMA-native printed grid cell; k=5 model-model; fO2 pinned to MAGMA O2(g) polyfit (SF04 notebook protocol)
1500.0,Fe,SF04-dun,Schaefer2004-MAGMA-valid.xlsx sheet=dun,model_model_MAGMA,-10.3265,-10.018,0.308446,ungateable,live_VapoRock_JANAF_fO2=MAGMA_O2,MAGMA-native printed grid cell; k=5 model-model; fO2 pinned to MAGMA O2(g) polyfit (SF04 notebook protocol)
1500.0,FeO,SF04-dun,Schaefer2004-MAGMA-valid.xlsx sheet=dun,model_model_MAGMA,-10.1014,-10.0104,0.0910579,ungateable,live_VapoRock_JANAF_fO2=MAGMA_O2,MAGMA-native printed grid cell; k=5 model-model; fO2 pinned to MAGMA O2(g) polyfit (SF04 notebook protocol)
1500.0,Mg,SF04-dun,Schaefer2004-MAGMA-valid.xlsx sheet=dun,model_model_MAGMA,-11.6041,-11.4715,0.132566,ungateable,live_VapoRock_JANAF_fO2=MAGMA_O2,MAGMA-native printed grid cell; k=5 model-model; fO2 pinned to MAGMA O2(g) polyfit (SF04 notebook protocol)
1500.0,O2,SF04-dun,Schaefer2004-MAGMA-valid.xlsx sheet=dun,model_model_MAGMA,-6.63395,-6.63391,3.93765e-05,ungateable,live_VapoRock_JANAF_fO2=MAGMA_O2,MAGMA-native printed grid cell; k=5 model-model; fO2 pinned to MAGMA O2(g) polyfit (SF04 notebook protocol)
1500.0,SiO2,SF04-dun,Schaefer2004-MAGMA-valid.xlsx sheet=dun,model_model_MAGMA,-12.8875,-12.6867,0.200825,ungateable,live_VapoRock_JANAF_fO2=MAGMA_O2,MAGMA-native printed grid cell; k=5 model-model; fO2 pinned to MAGMA O2(g) polyfit (SF04 notebook protocol)
1625.0,Na,SF04-dun,Schaefer2004-MAGMA-valid.xlsx sheet=dun,model_model_MAGMA,-5.30329,-5.64653,-0.34324,ungateable,live_VapoRock_JANAF_fO2=MAGMA_O2,MAGMA-native printed grid cell; k=5 model-model; fO2 pinned to MAGMA O2(g) polyfit (SF04 notebook protocol)
1625.0,K,SF04-dun,Schaefer2004-MAGMA-valid.xlsx sheet=dun,model_model_MAGMA,-5.91958,-5.48752,0.432052,ungateable,live_VapoRock_JANAF_fO2=MAGMA_O2,MAGMA-native printed grid cell; k=5 model-model; fO2 pinned to MAGMA O2(g) polyfit (SF04 notebook protocol)
1625.0,SiO,SF04-dun,Schaefer2004-MAGMA-valid.xlsx sheet=dun,model_model_MAGMA,-11.4692,-10.5304,0.938889,ungateable,live_VapoRock_JANAF_fO2=MAGMA_O2,MAGMA-native printed grid cell; k=5 model-model; fO2 pinned to MAGMA O2(g) polyfit (SF04 notebook protocol)
1625.0,Fe,SF04-dun,Schaefer2004-MAGMA-valid.xlsx sheet=dun,model_model_MAGMA,-9.09027,-8.67262,0.417657,ungateable,live_VapoRock_JANAF_fO2=MAGMA_O2,MAGMA-native printed grid cell; k=5 model-model; fO2 pinned to MAGMA O2(g) polyfit (SF04 notebook protocol)
1625.0,FeO,SF04-dun,Schaefer2004-MAGMA-valid.xlsx sheet=dun,model_model_MAGMA,-8.95571,-8.71029,0.245415,ungateable,live_VapoRock_JANAF_fO2=MAGMA_O2,MAGMA-native printed grid cell; k=5 model-model; fO2 pinned to MAGMA O2(g) polyfit (SF04 notebook protocol)
1625.0,Mg,SF04-dun,Schaefer2004-MAGMA-valid.xlsx sheet=dun,model_model_MAGMA,-10.1212,-9.91211,0.209106,ungateable,live_VapoRock_JANAF_fO2=MAGMA_O2,MAGMA-native printed grid cell; k=5 model-model; fO2 pinned to MAGMA O2(g) polyfit (SF04 notebook protocol)
1625.0,O2,SF04-dun,Schaefer2004-MAGMA-valid.xlsx sheet=dun,model_model_MAGMA,-5.81456,-5.81473,-0.000172735,ungateable,live_VapoRock_JANAF_fO2=MAGMA_O2,MAGMA-native printed grid cell; k=5 model-model; fO2 pinned to MAGMA O2(g) polyfit (SF04 notebook protocol)
1625.0,SiO2,SF04-dun,Schaefer2004-MAGMA-valid.xlsx sheet=dun,model_model_MAGMA,-11.4122,-11.153,0.259197,ungateable,live_VapoRock_JANAF_fO2=MAGMA_O2,MAGMA-native printed grid cell; k=5 model-model; fO2 pinned to MAGMA O2(g) polyfit (SF04 notebook protocol)
1750.0,Na,SF04-dun,Schaefer2004-MAGMA-valid.xlsx sheet=dun,model_model_MAGMA,-4.59028,-4.86268,-0.272404,fail,live_VapoRock_JANAF_fO2=MAGMA_O2,MAGMA-native printed grid cell; k=5 model-model; fO2 pinned to MAGMA O2(g) polyfit (SF04 notebook protocol)
1750.0,K,SF04-dun,Schaefer2004-MAGMA-valid.xlsx sheet=dun,model_model_MAGMA,-5.26265,-4.68917,0.573475,fail,live_VapoRock_JANAF_fO2=MAGMA_O2,MAGMA-native printed grid cell; k=5 model-model; fO2 pinned to MAGMA O2(g) polyfit (SF04 notebook protocol)
1750.0,SiO,SF04-dun,Schaefer2004-MAGMA-valid.xlsx sheet=dun,model_model_MAGMA,-10.0206,-9.11565,0.904943,fail,live_VapoRock_JANAF_fO2=MAGMA_O2,MAGMA-native printed grid cell; k=5 model-model; fO2 pinned to MAGMA O2(g) polyfit (SF04 notebook protocol)
1750.0,Fe,SF04-dun,Schaefer2004-MAGMA-valid.xlsx sheet=dun,model_model_MAGMA,-8.03362,-7.52979,0.503823,fail,live_VapoRock_JANAF_fO2=MAGMA_O2,MAGMA-native printed grid cell; k=5 model-model; fO2 pinned to MAGMA O2(g) polyfit (SF04 notebook protocol)
1750.0,FeO,SF04-dun,Schaefer2004-MAGMA-valid.xlsx sheet=dun,model_model_MAGMA,-7.97758,-7.60795,0.369628,fail,live_VapoRock_JANAF_fO2=MAGMA_O2,MAGMA-native printed grid cell; k=5 model-model; fO2 pinned to MAGMA O2(g) polyfit (SF04 notebook protocol)
1750.0,Mg,SF04-dun,Schaefer2004-MAGMA-valid.xlsx sheet=dun,model_model_MAGMA,-8.85778,-8.59075,0.267034,fail,live_VapoRock_JANAF_fO2=MAGMA_O2,MAGMA-native printed grid cell; k=5 model-model; fO2 pinned to MAGMA O2(g) polyfit (SF04 notebook protocol)
1750.0,O2,SF04-dun,Schaefer2004-MAGMA-valid.xlsx sheet=dun,model_model_MAGMA,-5.11422,-5.11397,0.0002415,pass,live_VapoRock_JANAF_fO2=MAGMA_O2,MAGMA-native printed grid cell; k=5 model-model; fO2 pinned to MAGMA O2(g) polyfit (SF04 notebook protocol)
1750.0,SiO2,SF04-dun,Schaefer2004-MAGMA-valid.xlsx sheet=dun,model_model_MAGMA,-10.127,-9.84437,0.282671,fail,live_VapoRock_JANAF_fO2=MAGMA_O2,MAGMA-native printed grid cell; k=5 model-model; fO2 pinned to MAGMA O2(g) polyfit (SF04 notebook protocol)
1875.0,Na,SF04-dun,Schaefer2004-MAGMA-valid.xlsx sheet=dun,model_model_MAGMA,-3.97259,-4.18778,-0.215184,fail,live_VapoRock_JANAF_fO2=MAGMA_O2,MAGMA-native printed grid cell; k=5 model-model; fO2 pinned to MAGMA O2(g) polyfit (SF04 notebook protocol)
1875.0,K,SF04-dun,Schaefer2004-MAGMA-valid.xlsx sheet=dun,model_model_MAGMA,-4.69606,-4.00509,0.690962,fail,live_VapoRock_JANAF_fO2=MAGMA_O2,MAGMA-native printed grid cell; k=5 model-model; fO2 pinned to MAGMA O2(g) polyfit (SF04 notebook protocol)
1875.0,SiO,SF04-dun,Schaefer2004-MAGMA-valid.xlsx sheet=dun,model_model_MAGMA,-8.74899,-7.89519,0.8538,fail,live_VapoRock_JANAF_fO2=MAGMA_O2,MAGMA-native printed grid cell; k=5 model-model; fO2 pinned to MAGMA O2(g) polyfit (SF04 notebook protocol)
1875.0,Fe,SF04-dun,Schaefer2004-MAGMA-valid.xlsx sheet=dun,model_model_MAGMA,-7.11974,-6.54806,0.571683,fail,live_VapoRock_JANAF_fO2=MAGMA_O2,MAGMA-native printed grid cell; k=5 model-model; fO2 pinned to MAGMA O2(g) polyfit (SF04 notebook protocol)
1875.0,FeO,SF04-dun,Schaefer2004-MAGMA-valid.xlsx sheet=dun,model_model_MAGMA,-7.13227,-6.66298,0.469291,fail,live_VapoRock_JANAF_fO2=MAGMA_O2,MAGMA-native printed grid cell; k=5 model-model; fO2 pinned to MAGMA O2(g) polyfit (SF04 notebook protocol)
1875.0,Mg,SF04-dun,Schaefer2004-MAGMA-valid.xlsx sheet=dun,model_model_MAGMA,-7.76966,-7.45858,0.311081,fail,live_VapoRock_JANAF_fO2=MAGMA_O2,MAGMA-native printed grid cell; k=5 model-model; fO2 pinned to MAGMA O2(g) polyfit (SF04 notebook protocol)
1875.0,O2,SF04-dun,Schaefer2004-MAGMA-valid.xlsx sheet=dun,model_model_MAGMA,-4.50825,-4.50824,5.98629e-06,pass,live_VapoRock_JANAF_fO2=MAGMA_O2,MAGMA-native printed grid cell; k=5 model-model; fO2 pinned to MAGMA O2(g) polyfit (SF04 notebook protocol)
1875.0,SiO2,SF04-dun,Schaefer2004-MAGMA-valid.xlsx sheet=dun,model_model_MAGMA,-8.99763,-8.71533,0.2823,fail,live_VapoRock_JANAF_fO2=MAGMA_O2,MAGMA-native printed grid cell; k=5 model-model; fO2 pinned to MAGMA O2(g) polyfit (SF04 notebook protocol)
1900.0,Na,SF04-dun,Schaefer2004-MAGMA-valid.xlsx sheet=dun,model_model_MAGMA,-3.85896,-4.06394,-0.204978,fail,live_VapoRock_JANAF_fO2=MAGMA_O2,MAGMA-native printed grid cell; k=5 model-model; fO2 pinned to MAGMA O2(g) polyfit (SF04 notebook protocol)
1900.0,K,SF04-dun,Schaefer2004-MAGMA-valid.xlsx sheet=dun,model_model_MAGMA,-4.5917,-3.87908,0.712618,fail,live_VapoRock_JANAF_fO2=MAGMA_O2,MAGMA-native printed grid cell; k=5 model-model; fO2 pinned to MAGMA O2(g) polyfit (SF04 notebook protocol)
1900.0,SiO,SF04-dun,Schaefer2004-MAGMA-valid.xlsx sheet=dun,model_model_MAGMA,-8.51308,-7.67097,0.842114,fail,live_VapoRock_JANAF_fO2=MAGMA_O2,MAGMA-native printed grid cell; k=5 model-model; fO2 pinned to MAGMA O2(g) polyfit (SF04 notebook protocol)
1900.0,Fe,SF04-dun,Schaefer2004-MAGMA-valid.xlsx sheet=dun,model_model_MAGMA,-6.95151,-6.36816,0.583343,fail,live_VapoRock_JANAF_fO2=MAGMA_O2,MAGMA-native printed grid cell; k=5 model-model; fO2 pinned to MAGMA O2(g) polyfit (SF04 notebook protocol)
1900.0,FeO,SF04-dun,Schaefer2004-MAGMA-valid.xlsx sheet=dun,model_model_MAGMA,-6.97676,-6.49007,0.486699,fail,live_VapoRock_JANAF_fO2=MAGMA_O2,MAGMA-native printed grid cell; k=5 model-model; fO2 pinned to MAGMA O2(g) polyfit (SF04 notebook protocol)
1900.0,Mg,SF04-dun,Schaefer2004-MAGMA-valid.xlsx sheet=dun,model_model_MAGMA,-7.56991,-7.25146,0.318449,fail,live_VapoRock_JANAF_fO2=MAGMA_O2,MAGMA-native printed grid cell; k=5 model-model; fO2 pinned to MAGMA O2(g) polyfit (SF04 notebook protocol)
1900.0,O2,SF04-dun,Schaefer2004-MAGMA-valid.xlsx sheet=dun,model_model_MAGMA,-4.39683,-4.39688,-5.32431e-05,pass,live_VapoRock_JANAF_fO2=MAGMA_O2,MAGMA-native printed grid cell; k=5 model-model; fO2 pinned to MAGMA O2(g) polyfit (SF04 notebook protocol)
1900.0,SiO2,SF04-dun,Schaefer2004-MAGMA-valid.xlsx sheet=dun,model_model_MAGMA,-8.78802,-8.50792,0.280103,fail,live_VapoRock_JANAF_fO2=MAGMA_O2,MAGMA-native printed grid cell; k=5 model-model; fO2 pinned to MAGMA O2(g) polyfit (SF04 notebook protocol)
2000.0,Na,SF04-dun,Schaefer2004-MAGMA-valid.xlsx sheet=dun,model_model_MAGMA,-3.43366,-3.60096,-0.167297,pass,live_VapoRock_JANAF_fO2=MAGMA_O2,MAGMA-native printed grid cell; k=5 model-model; fO2 pinned to MAGMA O2(g) polyfit (SF04 notebook protocol)
2000.0,K,SF04-dun,Schaefer2004-MAGMA-valid.xlsx sheet=dun,model_model_MAGMA,-4.20011,-3.40801,0.792101,fail,live_VapoRock_JANAF_fO2=MAGMA_O2,MAGMA-native printed grid cell; k=5 model-model; fO2 pinned to MAGMA O2(g) polyfit (SF04 notebook protocol)
2000.0,SiO,SF04-dun,Schaefer2004-MAGMA-valid.xlsx sheet=dun,model_model_MAGMA,-7.62375,-6.83186,0.791894,fail,live_VapoRock_JANAF_fO2=MAGMA_O2,MAGMA-native printed grid cell; k=5 model-model; fO2 pinned to MAGMA O2(g) polyfit (SF04 notebook protocol)
2000.0,Fe,SF04-dun,Schaefer2004-MAGMA-valid.xlsx sheet=dun,model_model_MAGMA,-6.32065,-5.6963,0.624349,fail,live_VapoRock_JANAF_fO2=MAGMA_O2,MAGMA-native printed grid cell; k=5 model-model; fO2 pinned to MAGMA O2(g) polyfit (SF04 notebook protocol)
2000.0,FeO,SF04-dun,Schaefer2004-MAGMA-valid.xlsx sheet=dun,model_model_MAGMA,-6.39416,-5.84517,0.548988,fail,live_VapoRock_JANAF_fO2=MAGMA_O2,MAGMA-native printed grid cell; k=5 model-model; fO2 pinned to MAGMA O2(g) polyfit (SF04 notebook protocol)
2000.0,Mg,SF04-dun,Schaefer2004-MAGMA-valid.xlsx sheet=dun,model_model_MAGMA,-6.82264,-6.47901,0.343629,fail,live_VapoRock_JANAF_fO2=MAGMA_O2,MAGMA-native printed grid cell; k=5 model-model; fO2 pinned to MAGMA O2(g) polyfit (SF04 notebook protocol)
2000.0,O2,SF04-dun,Schaefer2004-MAGMA-valid.xlsx sheet=dun,model_model_MAGMA,-3.98001,-3.98016,-0.000159111,pass,live_VapoRock_JANAF_fO2=MAGMA_O2,MAGMA-native printed grid cell; k=5 model-model; fO2 pinned to MAGMA O2(g) polyfit (SF04 notebook protocol)
2000.0,SiO2,SF04-dun,Schaefer2004-MAGMA-valid.xlsx sheet=dun,model_model_MAGMA,-7.9978,-7.73184,0.265964,fail,live_VapoRock_JANAF_fO2=MAGMA_O2,MAGMA-native printed grid cell; k=5 model-model; fO2 pinned to MAGMA O2(g) polyfit (SF04 notebook protocol)
2100.0,Na,SF04-dun,Schaefer2004-MAGMA-valid.xlsx (no printed cell at this T),model_model_MAGMA,,-3.18404,,ungateable,live_VapoRock_JANAF_fO2=MAGMA_O2,No MAGMA printed T cell — not used as published-table anchor
2100.0,K,SF04-dun,Schaefer2004-MAGMA-valid.xlsx (no printed cell at this T),model_model_MAGMA,,-2.98386,,ungateable,live_VapoRock_JANAF_fO2=MAGMA_O2,No MAGMA printed T cell — not used as published-table anchor
2100.0,SiO,SF04-dun,Schaefer2004-MAGMA-valid.xlsx (no printed cell at this T),model_model_MAGMA,,-6.07495,,ungateable,live_VapoRock_JANAF_fO2=MAGMA_O2,No MAGMA printed T cell — not used as published-table anchor
2100.0,Fe,SF04-dun,Schaefer2004-MAGMA-valid.xlsx (no printed cell at this T),model_model_MAGMA,,-5.09222,,ungateable,live_VapoRock_JANAF_fO2=MAGMA_O2,No MAGMA printed T cell — not used as published-table anchor
2100.0,FeO,SF04-dun,Schaefer2004-MAGMA-valid.xlsx (no printed cell at this T),model_model_MAGMA,,-5.26683,,ungateable,live_VapoRock_JANAF_fO2=MAGMA_O2,No MAGMA printed T cell — not used as published-table anchor
2100.0,Mg,SF04-dun,Schaefer2004-MAGMA-valid.xlsx (no printed cell at this T),model_model_MAGMA,,-5.78614,,ungateable,live_VapoRock_JANAF_fO2=MAGMA_O2,No MAGMA printed T cell — not used as published-table anchor
2100.0,O2,SF04-dun,Schaefer2004-MAGMA-valid.xlsx (no printed cell at this T),model_model_MAGMA,,-3.60483,,ungateable,live_VapoRock_JANAF_fO2=MAGMA_O2,No MAGMA printed T cell — not used as published-table anchor
2100.0,SiO2,SF04-dun,Schaefer2004-MAGMA-valid.xlsx (no printed cell at this T),model_model_MAGMA,,-7.03218,,ungateable,live_VapoRock_JANAF_fO2=MAGMA_O2,No MAGMA printed T cell — not used as published-table anchor
2125.0,Na,SF04-dun,Schaefer2004-MAGMA-valid.xlsx sheet=dun,model_model_MAGMA,-2.96056,-3.08622,-0.12566,pass,live_VapoRock_JANAF_fO2=MAGMA_O2,MAGMA-native printed grid cell; k=5 model-model; fO2 pinned to MAGMA O2(g) polyfit (SF04 notebook protocol)
2125.0,K,SF04-dun,Schaefer2004-MAGMA-valid.xlsx sheet=dun,model_model_MAGMA,-3.762,-2.88435,0.877643,fail,live_VapoRock_JANAF_fO2=MAGMA_O2,MAGMA-native printed grid cell; k=5 model-model; fO2 pinned to MAGMA O2(g) polyfit (SF04 notebook protocol)
2125.0,SiO,SF04-dun,Schaefer2004-MAGMA-valid.xlsx sheet=dun,model_model_MAGMA,-6.62085,-5.89716,0.723692,fail,live_VapoRock_JANAF_fO2=MAGMA_O2,MAGMA-native printed grid cell; k=5 model-model; fO2 pinned to MAGMA O2(g) polyfit (SF04 notebook protocol)
2125.0,Fe,SF04-dun,Schaefer2004-MAGMA-valid.xlsx sheet=dun,model_model_MAGMA,-5.6151,-4.95061,0.664487,fail,live_VapoRock_JANAF_fO2=MAGMA_O2,MAGMA-native printed grid cell; k=5 model-model; fO2 pinned to MAGMA O2(g) polyfit (SF04 notebook protocol)
2125.0,FeO,SF04-dun,Schaefer2004-MAGMA-valid.xlsx sheet=dun,model_model_MAGMA,-5.74389,-5.13151,0.612377,fail,live_VapoRock_JANAF_fO2=MAGMA_O2,MAGMA-native printed grid cell; k=5 model-model; fO2 pinned to MAGMA O2(g) polyfit (SF04 notebook protocol)
2125.0,Mg,SF04-dun,Schaefer2004-MAGMA-valid.xlsx sheet=dun,model_model_MAGMA,-5.99053,-5.62397,0.366552,fail,live_VapoRock_JANAF_fO2=MAGMA_O2,MAGMA-native printed grid cell; k=5 model-model; fO2 pinned to MAGMA O2(g) polyfit (SF04 notebook protocol)
2125.0,O2,SF04-dun,Schaefer2004-MAGMA-valid.xlsx sheet=dun,model_model_MAGMA,-3.51688,-3.51684,4.04359e-05,pass,live_VapoRock_JANAF_fO2=MAGMA_O2,MAGMA-native printed grid cell; k=5 model-model; fO2 pinned to MAGMA O2(g) polyfit (SF04 notebook protocol)
2125.0,SiO2,SF04-dun,Schaefer2004-MAGMA-valid.xlsx sheet=dun,model_model_MAGMA,-7.10704,-6.86792,0.239117,pass,live_VapoRock_JANAF_fO2=MAGMA_O2,MAGMA-native printed grid cell; k=5 model-model; fO2 pinned to MAGMA O2(g) polyfit (SF04 notebook protocol)
2200.0,Na,SF04-dun,Schaefer2004-MAGMA-valid.xlsx (no printed cell at this T),model_model_MAGMA,,-2.80667,,ungateable,live_VapoRock_JANAF_fO2=MAGMA_O2,No MAGMA printed T cell — not used as published-table anchor
2200.0,K,SF04-dun,Schaefer2004-MAGMA-valid.xlsx (no printed cell at this T),model_model_MAGMA,,-2.60001,,ungateable,live_VapoRock_JANAF_fO2=MAGMA_O2,No MAGMA printed T cell — not used as published-table anchor
2200.0,SiO,SF04-dun,Schaefer2004-MAGMA-valid.xlsx (no printed cell at this T),model_model_MAGMA,,-5.38865,,ungateable,live_VapoRock_JANAF_fO2=MAGMA_O2,No MAGMA printed T cell — not used as published-table anchor
2200.0,Fe,SF04-dun,Schaefer2004-MAGMA-valid.xlsx (no printed cell at this T),model_model_MAGMA,,-4.5462,,ungateable,live_VapoRock_JANAF_fO2=MAGMA_O2,No MAGMA printed T cell — not used as published-table anchor
2200.0,FeO,SF04-dun,Schaefer2004-MAGMA-valid.xlsx (no printed cell at this T),model_model_MAGMA,,-4.74573,,ungateable,live_VapoRock_JANAF_fO2=MAGMA_O2,No MAGMA printed T cell — not used as published-table anchor
2200.0,Mg,SF04-dun,Schaefer2004-MAGMA-valid.xlsx (no printed cell at this T),model_model_MAGMA,,-5.16145,,ungateable,live_VapoRock_JANAF_fO2=MAGMA_O2,No MAGMA printed T cell — not used as published-table anchor
2200.0,O2,SF04-dun,Schaefer2004-MAGMA-valid.xlsx (no printed cell at this T),model_model_MAGMA,,-3.26569,,ungateable,live_VapoRock_JANAF_fO2=MAGMA_O2,No MAGMA printed T cell — not used as published-table anchor
2200.0,SiO2,SF04-dun,Schaefer2004-MAGMA-valid.xlsx (no printed cell at this T),model_model_MAGMA,,-6.39839,,ungateable,live_VapoRock_JANAF_fO2=MAGMA_O2,No MAGMA printed T cell — not used as published-table anchor
2250.0,Na,SF04-dun,Schaefer2004-MAGMA-valid.xlsx sheet=dun,model_model_MAGMA,-2.54269,-2.63111,-0.0884291,pass,live_VapoRock_JANAF_fO2=MAGMA_O2,MAGMA-native printed grid cell; k=5 model-model; fO2 pinned to MAGMA O2(g) polyfit (SF04 notebook protocol)
2250.0,K,SF04-dun,Schaefer2004-MAGMA-valid.xlsx sheet=dun,model_model_MAGMA,-3.37242,-2.42145,0.950967,fail,live_VapoRock_JANAF_fO2=MAGMA_O2,MAGMA-native printed grid cell; k=5 model-model; fO2 pinned to MAGMA O2(g) polyfit (SF04 notebook protocol)
2250.0,SiO,SF04-dun,Schaefer2004-MAGMA-valid.xlsx sheet=dun,model_model_MAGMA,-5.72141,-5.06894,0.652468,fail,live_VapoRock_JANAF_fO2=MAGMA_O2,MAGMA-native printed grid cell; k=5 model-model; fO2 pinned to MAGMA O2(g) polyfit (SF04 notebook protocol)
2250.0,Fe,SF04-dun,Schaefer2004-MAGMA-valid.xlsx sheet=dun,model_model_MAGMA,-4.987,-4.29242,0.694578,fail,live_VapoRock_JANAF_fO2=MAGMA_O2,MAGMA-native printed grid cell; k=5 model-model; fO2 pinned to MAGMA O2(g) polyfit (SF04 notebook protocol)
2250.0,FeO,SF04-dun,Schaefer2004-MAGMA-valid.xlsx sheet=dun,model_model_MAGMA,-5.16655,-4.50418,0.662373,fail,live_VapoRock_JANAF_fO2=MAGMA_O2,MAGMA-native printed grid cell; k=5 model-model; fO2 pinned to MAGMA O2(g) polyfit (SF04 notebook protocol)
2250.0,Mg,SF04-dun,Schaefer2004-MAGMA-valid.xlsx sheet=dun,model_model_MAGMA,-5.25334,-4.87168,0.38166,fail,live_VapoRock_JANAF_fO2=MAGMA_O2,MAGMA-native printed grid cell; k=5 model-model; fO2 pinned to MAGMA O2(g) polyfit (SF04 notebook protocol)
2250.0,O2,SF04-dun,Schaefer2004-MAGMA-valid.xlsx sheet=dun,model_model_MAGMA,-3.10845,-3.10828,0.000161471,pass,live_VapoRock_JANAF_fO2=MAGMA_O2,MAGMA-native printed grid cell; k=5 model-model; fO2 pinned to MAGMA O2(g) polyfit (SF04 notebook protocol)
2250.0,SiO2,SF04-dun,Schaefer2004-MAGMA-valid.xlsx sheet=dun,model_model_MAGMA,-6.30889,-6.10342,0.205472,pass,live_VapoRock_JANAF_fO2=MAGMA_O2,MAGMA-native printed grid cell; k=5 model-model; fO2 pinned to MAGMA O2(g) polyfit (SF04 notebook protocol)
2500.0,Na,SF04-dun,Schaefer2004-MAGMA-valid.xlsx sheet=dun,model_model_MAGMA,-1.83952,-1.86376,-0.0242366,pass,live_VapoRock_JANAF_fO2=MAGMA_O2,MAGMA-native printed grid cell; k=5 model-model; fO2 pinned to MAGMA O2(g) polyfit (SF04 notebook protocol)
2500.0,K,SF04-dun,Schaefer2004-MAGMA-valid.xlsx sheet=dun,model_model_MAGMA,-2.71117,-1.64108,1.07009,fail,live_VapoRock_JANAF_fO2=MAGMA_O2,MAGMA-native printed grid cell; k=5 model-model; fO2 pinned to MAGMA O2(g) polyfit (SF04 notebook protocol)
2500.0,SiO,SF04-dun,Schaefer2004-MAGMA-valid.xlsx sheet=dun,model_model_MAGMA,-4.1762,-3.66792,0.508286,fail,live_VapoRock_JANAF_fO2=MAGMA_O2,MAGMA-native printed grid cell; k=5 model-model; fO2 pinned to MAGMA O2(g) polyfit (SF04 notebook protocol)
2500.0,Fe,SF04-dun,Schaefer2004-MAGMA-valid.xlsx sheet=dun,model_model_MAGMA,-3.91695,-3.18536,0.731588,fail,live_VapoRock_JANAF_fO2=MAGMA_O2,MAGMA-native printed grid cell; k=5 model-model; fO2 pinned to MAGMA O2(g) polyfit (SF04 notebook protocol)
2500.0,FeO,SF04-dun,Schaefer2004-MAGMA-valid.xlsx sheet=dun,model_model_MAGMA,-4.18626,-3.45519,0.731061,fail,live_VapoRock_JANAF_fO2=MAGMA_O2,MAGMA-native printed grid cell; k=5 model-model; fO2 pinned to MAGMA O2(g) polyfit (SF04 notebook protocol)
2500.0,Mg,SF04-dun,Schaefer2004-MAGMA-valid.xlsx sheet=dun,model_model_MAGMA,-4.00591,-3.61264,0.393271,pass,live_VapoRock_JANAF_fO2=MAGMA_O2,MAGMA-native printed grid cell; k=5 model-model; fO2 pinned to MAGMA O2(g) polyfit (SF04 notebook protocol)
2500.0,O2,SF04-dun,Schaefer2004-MAGMA-valid.xlsx sheet=dun,model_model_MAGMA,-2.42102,-2.42098,3.33549e-05,pass,live_VapoRock_JANAF_fO2=MAGMA_O2,MAGMA-native printed grid cell; k=5 model-model; fO2 pinned to MAGMA O2(g) polyfit (SF04 notebook protocol)
2500.0,SiO2,SF04-dun,Schaefer2004-MAGMA-valid.xlsx sheet=dun,model_model_MAGMA,-4.93935,-4.81228,0.127069,pass,live_VapoRock_JANAF_fO2=MAGMA_O2,MAGMA-native printed grid cell; k=5 model-model; fO2 pinned to MAGMA O2(g) polyfit (SF04 notebook protocol)
1917.186331,K,Hastie1981-case4-K-silicate,Hastie et al. 1981 experimental (Hastie1981-valid.xlsx),experimental_KEMS,-4.54975,-4.58881,-0.0390613,pass,live_VapoRock_JANAF_IW+dIW,k=2 experimental; source domain ≤~1961 K; dIW=2.4; edge of raise-1 band only
1917.28198,K,Hastie1981-case4-K-silicate,Hastie et al. 1981 experimental (Hastie1981-valid.xlsx),experimental_KEMS,-4.49349,-4.58838,-0.0948811,fail,live_VapoRock_JANAF_IW+dIW,k=2 experimental; source domain ≤~1961 K; dIW=2.4; edge of raise-1 band only
1955.824724,K,Hastie1981-case4-K-silicate,Hastie et al. 1981 experimental (Hastie1981-valid.xlsx),experimental_KEMS,-4.3439,-4.41626,-0.0723583,fail,live_VapoRock_JANAF_IW+dIW,k=2 experimental; source domain ≤~1961 K; dIW=2.4; edge of raise-1 band only
1907.7956677864036,SiO,Hastie1981-case4-K-silicate,Hastie et al. 1981 experimental (Hastie1981-valid.xlsx),experimental_KEMS,-6.08235,-6.24381,-0.161465,fail,live_VapoRock_JANAF_IW+dIW,k=2 experimental; source domain ≤~1961 K; dIW=2.4; edge of raise-1 band only
1909.7391894913835,SiO,Hastie1981-case4-K-silicate,Hastie et al. 1981 experimental (Hastie1981-valid.xlsx),experimental_KEMS,-5.93279,-6.22943,-0.296637,fail,live_VapoRock_JANAF_IW+dIW,k=2 experimental; source domain ≤~1961 K; dIW=2.4; edge of raise-1 band only
1948.1490556233848,SiO,Hastie1981-case4-K-silicate,Hastie et al. 1981 experimental (Hastie1981-valid.xlsx),experimental_KEMS,-5.68464,-5.9512,-0.266553,fail,live_VapoRock_JANAF_IW+dIW,k=2 experimental; source domain ≤~1961 K; dIW=2.4; edge of raise-1 band only
1960.7059493794673,O2,Hastie1981-case4-K-silicate,Hastie et al. 1981 experimental (Hastie1981-valid.xlsx),experimental_KEMS,-4.60038,-4.93127,-0.33089,fail,live_VapoRock_JANAF_IW+dIW,k=2 experimental; source domain ≤~1961 K; dIW=2.4; edge of raise-1 band only
1522.0,Na,deMaria1971-Apollo12,deMaria et al. 1971 KEMS,experimental_KEMS,-6.46008,,,ungateable,not_evaluated,Source domain T≤1522 K — BELOW raise-1 band; no extrapolation as anchor
2500.0,(multi),KEMS_highT_subset_t544,21-paper KEMS/Langmuir corpus high-T subset,experimental_KEMS,,,,ungateable,not_evaluated,ACQUISITION: HT-PLAN H3 — KEMS high-T is acquisition task not ready battery
